{
"type": "FeatureCollection",
"name": "bearbeitet_hydranten",
"crs": { "type": "name", "properties": { "name": "urn:ogc:def:crs:EPSG::2056" } },
"features": [
{ "type": "Feature", "properties": { "element": "node", "id": 1746021896, "emergency": "fire_hydrant" }, "geometry": { "type": "Point", "coordinates": [ 2613141.769372703041881, 1263443.270687842043117 ] } },
{ "type": "Feature", "properties": { "element": "node", "id": 1747404118, "emergency": "fire_hydrant" }, "geometry": { "type": "Point", "coordinates": [ 2607737.360311870463192, 1263947.791454961523414 ] } },
{ "type": "Feature", "properties": { "element": "node", "id": 1747404120, "emergency": "fire_hydrant" }, "geometry": { "type": "Point", "coordinates": [ 2608511.136811127420515, 1263374.018143137218431 ] } },
{ "type": "Feature", "properties": { "element": "node", "id": 1747404134, "emergency": "fire_hydrant" }, "geometry": { "type": "Point", "coordinates": [ 2608669.004250979982316, 1263259.289172270800918 ] } },
{ "type": "Feature", "properties": { "element": "node", "id": 1747405857, "emergency": "fire_hydrant" }, "geometry": { "type": "Point", "coordinates": [ 2608575.55142820160836, 1263324.976818012539297 ] } },
{ "type": "Feature", "properties": { "element": "node", "id": 1747410181, "emergency": "fire_hydrant" }, "geometry": { "type": "Point", "coordinates": [ 2608978.903388199862093, 1263510.331595399184152 ] } },
{ "type": "Feature", "properties": { "element": "node", "id": 1747410183, "emergency": "fire_hydrant" }, "geometry": { "type": "Point", "coordinates": [ 2609028.263326442800462, 1263581.321644362295046 ] } },
{ "type": "Feature", "properties": { "element": "node", "id": 2394705775, "emergency": "fire_hydrant" }, "geometry": { "type": "Point", "coordinates": [ 2613632.40157927153632, 1267310.461524935206398 ] } },
{ "type": "Feature", "properties": { "element": "node", "id": 2394705784, "emergency": "fire_hydrant" }, "geometry": { "type": "Point", "coordinates": [ 2613624.305814162828028, 1267237.024836081080139 ] } },
{ "type": "Feature", "properties": { "element": "node", "id": 2395189835, "emergency": "fire_hydrant" }, "geometry": { "type": "Point", "coordinates": [ 2613641.367433288134634, 1267381.843246269738302 ] } },
{ "type": "Feature", "properties": { "element": "node", "id": 2395189836, "emergency": "fire_hydrant" }, "geometry": { "type": "Point", "coordinates": [ 2613813.872390158008784, 1267068.011240393389016 ] } },
{ "type": "Feature", "properties": { "element": "node", "id": 2395189838, "emergency": "fire_hydrant" }, "geometry": { "type": "Point", "coordinates": [ 2614082.644036593846977, 1266813.653709308709949 ] } },
{ "type": "Feature", "properties": { "element": "node", "id": 2395189839, "emergency": "fire_hydrant" }, "geometry": { "type": "Point", "coordinates": [ 2614136.24498342582956, 1266814.414975092513487 ] } },
{ "type": "Feature", "properties": { "element": "node", "id": 2395189840, "emergency": "fire_hydrant" }, "geometry": { "type": "Point", "coordinates": [ 2613951.449114699382335, 1267290.333094821311533 ] } },
{ "type": "Feature", "properties": { "element": "node", "id": 2395189841, "emergency": "fire_hydrant" }, "geometry": { "type": "Point", "coordinates": [ 2613881.537892299704254, 1267288.056492981733754 ] } },
{ "type": "Feature", "properties": { "element": "node", "id": 2395189842, "emergency": "fire_hydrant" }, "geometry": { "type": "Point", "coordinates": [ 2613674.057238964829594, 1267182.045162088470533 ] } },
{ "type": "Feature", "properties": { "element": "node", "id": 2395189843, "emergency": "fire_hydrant" }, "geometry": { "type": "Point", "coordinates": [ 2613800.707800983916968, 1267287.901256005978212 ] } },
{ "type": "Feature", "properties": { "element": "node", "id": 2395189844, "emergency": "fire_hydrant" }, "geometry": { "type": "Point", "coordinates": [ 2613770.169178143609315, 1267172.171511235181242 ] } },
{ "type": "Feature", "properties": { "element": "node", "id": 2395189845, "emergency": "fire_hydrant" }, "geometry": { "type": "Point", "coordinates": [ 2613770.460965429898351, 1267065.920034561539069 ] } },
{ "type": "Feature", "properties": { "element": "node", "id": 2395189846, "emergency": "fire_hydrant" }, "geometry": { "type": "Point", "coordinates": [ 2613908.339187107980251, 1266906.73008302343078 ] } },
{ "type": "Feature", "properties": { "element": "node", "id": 2395189847, "emergency": "fire_hydrant" }, "geometry": { "type": "Point", "coordinates": [ 2613943.571562400087714, 1266879.14899797574617 ] } },
{ "type": "Feature", "properties": { "element": "node", "id": 2395189848, "emergency": "fire_hydrant" }, "geometry": { "type": "Point", "coordinates": [ 2614018.546319363173097, 1266855.798132014460862 ] } },
{ "type": "Feature", "properties": { "element": "node", "id": 2395189849, "emergency": "fire_hydrant" }, "geometry": { "type": "Point", "coordinates": [ 2614197.111323181074113, 1267072.462986367521808 ] } },
{ "type": "Feature", "properties": { "element": "node", "id": 2395189850, "emergency": "fire_hydrant" }, "geometry": { "type": "Point", "coordinates": [ 2614029.087602580431849, 1267201.464934277581051 ] } },
{ "type": "Feature", "properties": { "element": "node", "id": 2395189851, "emergency": "fire_hydrant" }, "geometry": { "type": "Point", "coordinates": [ 2613847.653082346078008, 1266942.63555337395519 ] } },
{ "type": "Feature", "properties": { "element": "node", "id": 2395189852, "emergency": "fire_hydrant" }, "geometry": { "type": "Point", "coordinates": [ 2613815.739367354195565, 1266925.682675494113937 ] } },
{ "type": "Feature", "properties": { "element": "node", "id": 2395189853, "emergency": "fire_hydrant" }, "geometry": { "type": "Point", "coordinates": [ 2613913.75608546147123, 1266949.628336523892358 ] } },
{ "type": "Feature", "properties": { "element": "node", "id": 2395189854, "emergency": "fire_hydrant" }, "geometry": { "type": "Point", "coordinates": [ 2614126.260841824114323, 1266900.929484657710418 ] } },
{ "type": "Feature", "properties": { "element": "node", "id": 2395189855, "emergency": "fire_hydrant" }, "geometry": { "type": "Point", "coordinates": [ 2614150.107459023594856, 1266979.774772045668215 ] } },
{ "type": "Feature", "properties": { "element": "node", "id": 2395189856, "emergency": "fire_hydrant" }, "geometry": { "type": "Point", "coordinates": [ 2614093.717874514404684, 1267057.183680600253865 ] } },
{ "type": "Feature", "properties": { "element": "node", "id": 2395189857, "emergency": "fire_hydrant" }, "geometry": { "type": "Point", "coordinates": [ 2613688.57649850519374, 1267302.841000028187409 ] } },
{ "type": "Feature", "properties": { "element": "node", "id": 2404132458, "emergency": "fire_hydrant" }, "geometry": { "type": "Point", "coordinates": [ 2613590.920655210036784, 1267419.242645613616332 ] } },
{ "type": "Feature", "properties": { "element": "node", "id": 2405273973, "emergency": "fire_hydrant" }, "geometry": { "type": "Point", "coordinates": [ 2614652.998584790620953, 1267239.454602802172303 ] } },
{ "type": "Feature", "properties": { "element": "node", "id": 2405273975, "emergency": "fire_hydrant" }, "geometry": { "type": "Point", "coordinates": [ 2614652.606561865191907, 1267190.964103998616338 ] } },
{ "type": "Feature", "properties": { "element": "node", "id": 2406448287, "emergency": "fire_hydrant" }, "geometry": { "type": "Point", "coordinates": [ 2607873.839064120315015, 1252375.877897516358644 ] } },
{ "type": "Feature", "properties": { "element": "node", "id": 2406448290, "emergency": "fire_hydrant" }, "geometry": { "type": "Point", "coordinates": [ 2607758.874722252599895, 1254341.417314461898059 ] } },
{ "type": "Feature", "properties": { "element": "node", "id": 2406448294, "emergency": "fire_hydrant" }, "geometry": { "type": "Point", "coordinates": [ 2606934.988717059604824, 1253547.727041663834825 ] } },
{ "type": "Feature", "properties": { "element": "node", "id": 2406448296, "emergency": "fire_hydrant" }, "geometry": { "type": "Point", "coordinates": [ 2608081.999111336190253, 1252631.211693613557145 ] } },
{ "type": "Feature", "properties": { "element": "node", "id": 2406448299, "emergency": "fire_hydrant" }, "geometry": { "type": "Point", "coordinates": [ 2607809.466923980042338, 1252253.835922532249242 ] } },
{ "type": "Feature", "properties": { "element": "node", "id": 2406448301, "emergency": "fire_hydrant" }, "geometry": { "type": "Point", "coordinates": [ 2608168.895618060603738, 1252645.75052385404706 ] } },
{ "type": "Feature", "properties": { "element": "node", "id": 2406448302, "emergency": "fire_hydrant" }, "geometry": { "type": "Point", "coordinates": [ 2607888.812623949721456, 1252619.434652743861079 ] } },
{ "type": "Feature", "properties": { "element": "node", "id": 2406448304, "emergency": "fire_hydrant" }, "geometry": { "type": "Point", "coordinates": [ 2607710.682507476769388, 1252341.687250942923129 ] } },
{ "type": "Feature", "properties": { "element": "node", "id": 2406448306, "emergency": "fire_hydrant" }, "geometry": { "type": "Point", "coordinates": [ 2606946.614896151702851, 1254287.360285765025765 ] } },
{ "type": "Feature", "properties": { "element": "node", "id": 2407355112, "emergency": "fire_hydrant" }, "geometry": { "type": "Point", "coordinates": [ 2607597.279513452202082, 1263773.124602289870381 ] } },
{ "type": "Feature", "properties": { "element": "node", "id": 2407355146, "emergency": "fire_hydrant" }, "geometry": { "type": "Point", "coordinates": [ 2608089.44236434949562, 1265878.849001054186374 ] } },
{ "type": "Feature", "properties": { "element": "node", "id": 2407355160, "emergency": "fire_hydrant" }, "geometry": { "type": "Point", "coordinates": [ 2607492.688492415938526, 1263656.678968622582033 ] } },
{ "type": "Feature", "properties": { "element": "node", "id": 2419361918, "emergency": "fire_hydrant" }, "geometry": { "type": "Point", "coordinates": [ 2610201.325361856725067, 1265158.582129376707599 ] } },
{ "type": "Feature", "properties": { "element": "node", "id": 2422016142, "emergency": "fire_hydrant" }, "geometry": { "type": "Point", "coordinates": [ 2619214.541020602919161, 1249265.875499299261719 ] } },
{ "type": "Feature", "properties": { "element": "node", "id": 2422016145, "emergency": "fire_hydrant" }, "geometry": { "type": "Point", "coordinates": [ 2619170.131810856517404, 1249350.442586044548079 ] } },
{ "type": "Feature", "properties": { "element": "node", "id": 2422016151, "emergency": "fire_hydrant" }, "geometry": { "type": "Point", "coordinates": [ 2619114.483504588715732, 1249488.664277482545003 ] } },
{ "type": "Feature", "properties": { "element": "node", "id": 2422016153, "emergency": "fire_hydrant" }, "geometry": { "type": "Point", "coordinates": [ 2618698.246529043186456, 1249776.527711658272892 ] } },
{ "type": "Feature", "properties": { "element": "node", "id": 2422016156, "emergency": "fire_hydrant" }, "geometry": { "type": "Point", "coordinates": [ 2619108.568052372895181, 1249586.197511640610173 ] } },
{ "type": "Feature", "properties": { "element": "node", "id": 2422016161, "emergency": "fire_hydrant" }, "geometry": { "type": "Point", "coordinates": [ 2619042.291524915955961, 1249628.623543910682201 ] } },
{ "type": "Feature", "properties": { "element": "node", "id": 2422016164, "emergency": "fire_hydrant" }, "geometry": { "type": "Point", "coordinates": [ 2618807.929448876995593, 1249716.645853150635958 ] } },
{ "type": "Feature", "properties": { "element": "node", "id": 2422016166, "emergency": "fire_hydrant" }, "geometry": { "type": "Point", "coordinates": [ 2618903.393676787614822, 1249710.700303319375962 ] } },
{ "type": "Feature", "properties": { "element": "node", "id": 2425838236, "emergency": "fire_hydrant" }, "geometry": { "type": "Point", "coordinates": [ 2613953.302951104007661, 1267180.582800480537117 ] } },
{ "type": "Feature", "properties": { "element": "node", "id": 2425882210, "emergency": "fire_hydrant" }, "geometry": { "type": "Point", "coordinates": [ 2614365.962500396650285, 1266014.219082574360073 ] } },
{ "type": "Feature", "properties": { "element": "node", "id": 2425882211, "emergency": "fire_hydrant" }, "geometry": { "type": "Point", "coordinates": [ 2614521.757535564247519, 1266148.936490380670875 ] } },
{ "type": "Feature", "properties": { "element": "node", "id": 2425882212, "emergency": "fire_hydrant" }, "geometry": { "type": "Point", "coordinates": [ 2614320.028855545446277, 1265750.190941440640017 ] } },
{ "type": "Feature", "properties": { "element": "node", "id": 2425882215, "emergency": "fire_hydrant" }, "geometry": { "type": "Point", "coordinates": [ 2614473.719628646504134, 1266056.376873716711998 ] } },
{ "type": "Feature", "properties": { "element": "node", "id": 2425882216, "emergency": "fire_hydrant" }, "geometry": { "type": "Point", "coordinates": [ 2614331.508272114209831, 1265825.804598614573479 ] } },
{ "type": "Feature", "properties": { "element": "node", "id": 2425882217, "emergency": "fire_hydrant" }, "geometry": { "type": "Point", "coordinates": [ 2613894.471200628206134, 1265892.11189637798816 ] } },
{ "type": "Feature", "properties": { "element": "node", "id": 2425882218, "emergency": "fire_hydrant" }, "geometry": { "type": "Point", "coordinates": [ 2614421.036486215423793, 1266084.034597601508722 ] } },
{ "type": "Feature", "properties": { "element": "node", "id": 2425882220, "emergency": "fire_hydrant" }, "geometry": { "type": "Point", "coordinates": [ 2614440.253384971991181, 1265961.551528117153794 ] } },
{ "type": "Feature", "properties": { "element": "node", "id": 2425882222, "emergency": "fire_hydrant" }, "geometry": { "type": "Point", "coordinates": [ 2614427.091901359148324, 1266154.153743193950504 ] } },
{ "type": "Feature", "properties": { "element": "node", "id": 2425882223, "emergency": "fire_hydrant" }, "geometry": { "type": "Point", "coordinates": [ 2614282.666304974351078, 1265852.238628502935171 ] } },
{ "type": "Feature", "properties": { "element": "node", "id": 2425882226, "emergency": "fire_hydrant" }, "geometry": { "type": "Point", "coordinates": [ 2614426.36435111425817, 1265849.662065381649882 ] } },
{ "type": "Feature", "properties": { "element": "node", "id": 2425882227, "emergency": "fire_hydrant" }, "geometry": { "type": "Point", "coordinates": [ 2613897.142410849686712, 1265802.722602052614093 ] } },
{ "type": "Feature", "properties": { "element": "node", "id": 2425927627, "emergency": "fire_hydrant" }, "geometry": { "type": "Point", "coordinates": [ 2614395.376870492473245, 1266293.118103994522244 ] } },
{ "type": "Feature", "properties": { "element": "node", "id": 2425927632, "emergency": "fire_hydrant" }, "geometry": { "type": "Point", "coordinates": [ 2614272.278855129610747, 1266136.144746881676838 ] } },
{ "type": "Feature", "properties": { "element": "node", "id": 2425927635, "emergency": "fire_hydrant" }, "geometry": { "type": "Point", "coordinates": [ 2614116.488761364016682, 1266534.672504174523056 ] } },
{ "type": "Feature", "properties": { "element": "node", "id": 2425927639, "emergency": "fire_hydrant" }, "geometry": { "type": "Point", "coordinates": [ 2614446.696433544624597, 1266537.057493992382661 ] } },
{ "type": "Feature", "properties": { "element": "node", "id": 2425927642, "emergency": "fire_hydrant" }, "geometry": { "type": "Point", "coordinates": [ 2614098.980550347361714, 1266223.658331423532218 ] } },
{ "type": "Feature", "properties": { "element": "node", "id": 2425927644, "emergency": "fire_hydrant" }, "geometry": { "type": "Point", "coordinates": [ 2614213.569399423431605, 1266489.672731226077303 ] } },
{ "type": "Feature", "properties": { "element": "node", "id": 2425927647, "emergency": "fire_hydrant" }, "geometry": { "type": "Point", "coordinates": [ 2614345.400959332939237, 1266509.759431603364646 ] } },
{ "type": "Feature", "properties": { "element": "node", "id": 2425927650, "emergency": "fire_hydrant" }, "geometry": { "type": "Point", "coordinates": [ 2614262.480933667626232, 1266250.37862353422679 ] } },
{ "type": "Feature", "properties": { "element": "node", "id": 2425927652, "emergency": "fire_hydrant" }, "geometry": { "type": "Point", "coordinates": [ 2614415.313757341355085, 1266611.144058205652982 ] } },
{ "type": "Feature", "properties": { "element": "node", "id": 2425927656, "emergency": "fire_hydrant" }, "geometry": { "type": "Point", "coordinates": [ 2614158.019811661913991, 1266055.0702160873916 ] } },
{ "type": "Feature", "properties": { "element": "node", "id": 2425927660, "emergency": "fire_hydrant" }, "geometry": { "type": "Point", "coordinates": [ 2614317.172121946234256, 1266416.003605890320614 ] } },
{ "type": "Feature", "properties": { "element": "node", "id": 2425927663, "emergency": "fire_hydrant" }, "geometry": { "type": "Point", "coordinates": [ 2614261.669549806043506, 1266562.816948091844097 ] } },
{ "type": "Feature", "properties": { "element": "node", "id": 2425927666, "emergency": "fire_hydrant" }, "geometry": { "type": "Point", "coordinates": [ 2614423.423181253485382, 1266210.895502439234406 ] } },
{ "type": "Feature", "properties": { "element": "node", "id": 2425927668, "emergency": "fire_hydrant" }, "geometry": { "type": "Point", "coordinates": [ 2614170.741353888530284, 1266742.691529826028273 ] } },
{ "type": "Feature", "properties": { "element": "node", "id": 2425927671, "emergency": "fire_hydrant" }, "geometry": { "type": "Point", "coordinates": [ 2614264.693569316528738, 1265934.419303603703156 ] } },
{ "type": "Feature", "properties": { "element": "node", "id": 2425927674, "emergency": "fire_hydrant" }, "geometry": { "type": "Point", "coordinates": [ 2614431.998364886268973, 1266383.937061846954748 ] } },
{ "type": "Feature", "properties": { "element": "node", "id": 2425927677, "emergency": "fire_hydrant" }, "geometry": { "type": "Point", "coordinates": [ 2614338.730829820968211, 1266450.791034863563254 ] } },
{ "type": "Feature", "properties": { "element": "node", "id": 2425927679, "emergency": "fire_hydrant" }, "geometry": { "type": "Point", "coordinates": [ 2614195.431022189091891, 1266098.011695710942149 ] } },
{ "type": "Feature", "properties": { "element": "node", "id": 2425927682, "emergency": "fire_hydrant" }, "geometry": { "type": "Point", "coordinates": [ 2614192.819059992209077, 1266607.605440530693159 ] } },
{ "type": "Feature", "properties": { "element": "node", "id": 2425927684, "emergency": "fire_hydrant" }, "geometry": { "type": "Point", "coordinates": [ 2614473.944519118405879, 1266445.515509301563725 ] } },
{ "type": "Feature", "properties": { "element": "node", "id": 2425927686, "emergency": "fire_hydrant" }, "geometry": { "type": "Point", "coordinates": [ 2614143.135516093112528, 1266124.827794011216611 ] } },
{ "type": "Feature", "properties": { "element": "node", "id": 2425927688, "emergency": "fire_hydrant" }, "geometry": { "type": "Point", "coordinates": [ 2614340.362543374765664, 1266230.452352161053568 ] } },
{ "type": "Feature", "properties": { "element": "node", "id": 2425927691, "emergency": "fire_hydrant" }, "geometry": { "type": "Point", "coordinates": [ 2614179.020307543687522, 1265984.170943639241159 ] } },
{ "type": "Feature", "properties": { "element": "node", "id": 2425927699, "emergency": "fire_hydrant" }, "geometry": { "type": "Point", "coordinates": [ 2614274.754577988293022, 1266346.208304333267733 ] } },
{ "type": "Feature", "properties": { "element": "node", "id": 2425927703, "emergency": "fire_hydrant" }, "geometry": { "type": "Point", "coordinates": [ 2614231.038898977451026, 1266641.376089968718588 ] } },
{ "type": "Feature", "properties": { "element": "node", "id": 2425927706, "emergency": "fire_hydrant" }, "geometry": { "type": "Point", "coordinates": [ 2614367.089128487277776, 1266158.299999817274511 ] } },
{ "type": "Feature", "properties": { "element": "node", "id": 2425927710, "emergency": "fire_hydrant" }, "geometry": { "type": "Point", "coordinates": [ 2614113.599222531076521, 1266673.418099920731038 ] } },
{ "type": "Feature", "properties": { "element": "node", "id": 2425927712, "emergency": "fire_hydrant" }, "geometry": { "type": "Point", "coordinates": [ 2614230.286063633859158, 1265850.533881314797327 ] } },
{ "type": "Feature", "properties": { "element": "node", "id": 2425927716, "emergency": "fire_hydrant" }, "geometry": { "type": "Point", "coordinates": [ 2614419.772715753875673, 1266384.029637452680618 ] } },
{ "type": "Feature", "properties": { "element": "node", "id": 2425927718, "emergency": "fire_hydrant" }, "geometry": { "type": "Point", "coordinates": [ 2614468.668065140489489, 1266417.494195931358263 ] } },
{ "type": "Feature", "properties": { "element": "node", "id": 2425927721, "emergency": "fire_hydrant" }, "geometry": { "type": "Point", "coordinates": [ 2614201.19566170219332, 1266168.063197392737493 ] } },
{ "type": "Feature", "properties": { "element": "node", "id": 2425927724, "emergency": "fire_hydrant" }, "geometry": { "type": "Point", "coordinates": [ 2614134.26769533706829, 1266548.013011978706345 ] } },
{ "type": "Feature", "properties": { "element": "node", "id": 2425927729, "emergency": "fire_hydrant" }, "geometry": { "type": "Point", "coordinates": [ 2614506.53545241849497, 1266518.290327903348953 ] } },
{ "type": "Feature", "properties": { "element": "node", "id": 2425927732, "emergency": "fire_hydrant" }, "geometry": { "type": "Point", "coordinates": [ 2614260.531604433432221, 1266037.225359581876546 ] } },
{ "type": "Feature", "properties": { "element": "node", "id": 2425927735, "emergency": "fire_hydrant" }, "geometry": { "type": "Point", "coordinates": [ 2614175.816101340577006, 1266483.878412895603105 ] } },
{ "type": "Feature", "properties": { "element": "node", "id": 2425927737, "emergency": "fire_hydrant" }, "geometry": { "type": "Point", "coordinates": [ 2614182.159136392176151, 1266242.636351777007803 ] } },
{ "type": "Feature", "properties": { "element": "node", "id": 2425927739, "emergency": "fire_hydrant" }, "geometry": { "type": "Point", "coordinates": [ 2614393.865471151657403, 1266568.506669533904642 ] } },
{ "type": "Feature", "properties": { "element": "node", "id": 2425927742, "emergency": "fire_hydrant" }, "geometry": { "type": "Point", "coordinates": [ 2614247.13221480185166, 1266459.910187117522582 ] } },
{ "type": "Feature", "properties": { "element": "node", "id": 2425927745, "emergency": "fire_hydrant" }, "geometry": { "type": "Point", "coordinates": [ 2614293.001159852836281, 1266606.07807832909748 ] } },
{ "type": "Feature", "properties": { "element": "node", "id": 2425927747, "emergency": "fire_hydrant" }, "geometry": { "type": "Point", "coordinates": [ 2614314.848602381534874, 1266667.59592600283213 ] } },
{ "type": "Feature", "properties": { "element": "node", "id": 2425927750, "emergency": "fire_hydrant" }, "geometry": { "type": "Point", "coordinates": [ 2614329.959008645266294, 1265921.745433269999921 ] } },
{ "type": "Feature", "properties": { "element": "node", "id": 2425957793, "emergency": "fire_hydrant" }, "geometry": { "type": "Point", "coordinates": [ 2613513.369309164583683, 1267325.31091176555492 ] } },
{ "type": "Feature", "properties": { "element": "node", "id": 2426787101, "emergency": "fire_hydrant" }, "geometry": { "type": "Point", "coordinates": [ 2614551.05926354881376, 1266694.46684161061421 ] } },
{ "type": "Feature", "properties": { "element": "node", "id": 2426787102, "emergency": "fire_hydrant" }, "geometry": { "type": "Point", "coordinates": [ 2614064.116639638319612, 1267233.748214815044776 ] } },
{ "type": "Feature", "properties": { "element": "node", "id": 2426787103, "emergency": "fire_hydrant" }, "geometry": { "type": "Point", "coordinates": [ 2614214.183968267403543, 1267637.299757201690227 ] } },
{ "type": "Feature", "properties": { "element": "node", "id": 2426787105, "emergency": "fire_hydrant" }, "geometry": { "type": "Point", "coordinates": [ 2614467.081276703160256, 1267685.144422993995249 ] } },
{ "type": "Feature", "properties": { "element": "node", "id": 2426787106, "emergency": "fire_hydrant" }, "geometry": { "type": "Point", "coordinates": [ 2614772.612298936583102, 1266832.910955633968115 ] } },
{ "type": "Feature", "properties": { "element": "node", "id": 2426787107, "emergency": "fire_hydrant" }, "geometry": { "type": "Point", "coordinates": [ 2614390.571227264590561, 1267451.505575538380072 ] } },
{ "type": "Feature", "properties": { "element": "node", "id": 2426787108, "emergency": "fire_hydrant" }, "geometry": { "type": "Point", "coordinates": [ 2614890.616502690594643, 1267175.790349978487939 ] } },
{ "type": "Feature", "properties": { "element": "node", "id": 2426787109, "emergency": "fire_hydrant" }, "geometry": { "type": "Point", "coordinates": [ 2614842.574155555106699, 1267487.633076628902927 ] } },
{ "type": "Feature", "properties": { "element": "node", "id": 2426787111, "emergency": "fire_hydrant" }, "geometry": { "type": "Point", "coordinates": [ 2614387.600195656064898, 1267245.90980913490057 ] } },
{ "type": "Feature", "properties": { "element": "node", "id": 2426787112, "emergency": "fire_hydrant" }, "geometry": { "type": "Point", "coordinates": [ 2614718.702598955947906, 1267108.291974655585364 ] } },
{ "type": "Feature", "properties": { "element": "node", "id": 2426787114, "emergency": "fire_hydrant" }, "geometry": { "type": "Point", "coordinates": [ 2614663.807248360477388, 1266889.336154284654185 ] } },
{ "type": "Feature", "properties": { "element": "node", "id": 2426787116, "emergency": "fire_hydrant" }, "geometry": { "type": "Point", "coordinates": [ 2614207.626460792031139, 1267371.075101164635271 ] } },
{ "type": "Feature", "properties": { "element": "node", "id": 2426787117, "emergency": "fire_hydrant" }, "geometry": { "type": "Point", "coordinates": [ 2614065.008774667978287, 1267235.251381575362757 ] } },
{ "type": "Feature", "properties": { "element": "node", "id": 2426787119, "emergency": "fire_hydrant" }, "geometry": { "type": "Point", "coordinates": [ 2614276.249089098069817, 1267564.275255494983867 ] } },
{ "type": "Feature", "properties": { "element": "node", "id": 2426787120, "emergency": "fire_hydrant" }, "geometry": { "type": "Point", "coordinates": [ 2614831.06421029753983, 1267175.374260065611452 ] } },
{ "type": "Feature", "properties": { "element": "node", "id": 2426787122, "emergency": "fire_hydrant" }, "geometry": { "type": "Point", "coordinates": [ 2614856.373458894435316, 1267546.47556579252705 ] } },
{ "type": "Feature", "properties": { "element": "node", "id": 2426787123, "emergency": "fire_hydrant" }, "geometry": { "type": "Point", "coordinates": [ 2614531.443563419394195, 1267455.885232772910967 ] } },
{ "type": "Feature", "properties": { "element": "node", "id": 2426787124, "emergency": "fire_hydrant" }, "geometry": { "type": "Point", "coordinates": [ 2614639.703095660079271, 1267100.413279877509922 ] } },
{ "type": "Feature", "properties": { "element": "node", "id": 2426787125, "emergency": "fire_hydrant" }, "geometry": { "type": "Point", "coordinates": [ 2614487.770750816911459, 1267343.299515683902428 ] } },
{ "type": "Feature", "properties": { "element": "node", "id": 2426787127, "emergency": "fire_hydrant" }, "geometry": { "type": "Point", "coordinates": [ 2614315.592427528463304, 1267444.741730148671195 ] } },
{ "type": "Feature", "properties": { "element": "node", "id": 2426787129, "emergency": "fire_hydrant" }, "geometry": { "type": "Point", "coordinates": [ 2614273.641642531845719, 1267690.735516321146861 ] } },
{ "type": "Feature", "properties": { "element": "node", "id": 2426787130, "emergency": "fire_hydrant" }, "geometry": { "type": "Point", "coordinates": [ 2614280.170272910036147, 1267586.200072686653584 ] } },
{ "type": "Feature", "properties": { "element": "node", "id": 2426787131, "emergency": "fire_hydrant" }, "geometry": { "type": "Point", "coordinates": [ 2614883.947236922569573, 1266843.040662994142622 ] } },
{ "type": "Feature", "properties": { "element": "node", "id": 2426787132, "emergency": "fire_hydrant" }, "geometry": { "type": "Point", "coordinates": [ 2614457.05002764519304, 1267564.190635892562568 ] } },
{ "type": "Feature", "properties": { "element": "node", "id": 2426787134, "emergency": "fire_hydrant" }, "geometry": { "type": "Point", "coordinates": [ 2614655.455500620882958, 1267393.513107051607221 ] } },
{ "type": "Feature", "properties": { "element": "node", "id": 2426787136, "emergency": "fire_hydrant" }, "geometry": { "type": "Point", "coordinates": [ 2614469.318176629021764, 1267172.37917663087137 ] } },
{ "type": "Feature", "properties": { "element": "node", "id": 2426787137, "emergency": "fire_hydrant" }, "geometry": { "type": "Point", "coordinates": [ 2614658.163621884770691, 1267031.721860613208264 ] } },
{ "type": "Feature", "properties": { "element": "node", "id": 2426787138, "emergency": "fire_hydrant" }, "geometry": { "type": "Point", "coordinates": [ 2614375.005488677415997, 1267367.953714059665799 ] } },
{ "type": "Feature", "properties": { "element": "node", "id": 2426787139, "emergency": "fire_hydrant" }, "geometry": { "type": "Point", "coordinates": [ 2614684.790650427807122, 1266835.739431835245341 ] } },
{ "type": "Feature", "properties": { "element": "node", "id": 2426787140, "emergency": "fire_hydrant" }, "geometry": { "type": "Point", "coordinates": [ 2614122.206756444182247, 1267386.493170654401183 ] } },
{ "type": "Feature", "properties": { "element": "node", "id": 2426787142, "emergency": "fire_hydrant" }, "geometry": { "type": "Point", "coordinates": [ 2614638.582217318471521, 1267685.598640936426818 ] } },
{ "type": "Feature", "properties": { "element": "node", "id": 2426787144, "emergency": "fire_hydrant" }, "geometry": { "type": "Point", "coordinates": [ 2614800.247112727258354, 1266958.901294894283637 ] } },
{ "type": "Feature", "properties": { "element": "node", "id": 2426787145, "emergency": "fire_hydrant" }, "geometry": { "type": "Point", "coordinates": [ 2614456.262555994559079, 1267507.460025812033564 ] } },
{ "type": "Feature", "properties": { "element": "node", "id": 2426787147, "emergency": "fire_hydrant" }, "geometry": { "type": "Point", "coordinates": [ 2614737.732317520305514, 1267574.165826046606526 ] } },
{ "type": "Feature", "properties": { "element": "node", "id": 2426787149, "emergency": "fire_hydrant" }, "geometry": { "type": "Point", "coordinates": [ 2614642.660189957357943, 1267320.330213146517053 ] } },
{ "type": "Feature", "properties": { "element": "node", "id": 2426787150, "emergency": "fire_hydrant" }, "geometry": { "type": "Point", "coordinates": [ 2614496.773088307119906, 1267247.698940560454503 ] } },
{ "type": "Feature", "properties": { "element": "node", "id": 2426787151, "emergency": "fire_hydrant" }, "geometry": { "type": "Point", "coordinates": [ 2614295.49461717903614, 1267370.51902631833218 ] } },
{ "type": "Feature", "properties": { "element": "node", "id": 2426787152, "emergency": "fire_hydrant" }, "geometry": { "type": "Point", "coordinates": [ 2614693.154351851437241, 1266741.238491341006011 ] } },
{ "type": "Feature", "properties": { "element": "node", "id": 2426787154, "emergency": "fire_hydrant" }, "geometry": { "type": "Point", "coordinates": [ 2614194.267034912947565, 1267455.791422720067203 ] } },
{ "type": "Feature", "properties": { "element": "node", "id": 2426787156, "emergency": "fire_hydrant" }, "geometry": { "type": "Point", "coordinates": [ 2614073.867108050268143, 1267289.521509323269129 ] } },
{ "type": "Feature", "properties": { "element": "node", "id": 2426787157, "emergency": "fire_hydrant" }, "geometry": { "type": "Point", "coordinates": [ 2614923.958811337593943, 1266662.170222732704133 ] } },
{ "type": "Feature", "properties": { "element": "node", "id": 2426787158, "emergency": "fire_hydrant" }, "geometry": { "type": "Point", "coordinates": [ 2614453.996810459997505, 1267603.299533300101757 ] } },
{ "type": "Feature", "properties": { "element": "node", "id": 2426787159, "emergency": "fire_hydrant" }, "geometry": { "type": "Point", "coordinates": [ 2614743.410526690073311, 1267185.340609016362578 ] } },
{ "type": "Feature", "properties": { "element": "node", "id": 2426787160, "emergency": "fire_hydrant" }, "geometry": { "type": "Point", "coordinates": [ 2614668.097038080915809, 1267562.207124704029411 ] } },
{ "type": "Feature", "properties": { "element": "node", "id": 2426787162, "emergency": "fire_hydrant" }, "geometry": { "type": "Point", "coordinates": [ 2614394.358668020926416, 1267323.714053101837635 ] } },
{ "type": "Feature", "properties": { "element": "node", "id": 2426787163, "emergency": "fire_hydrant" }, "geometry": { "type": "Point", "coordinates": [ 2614670.12892097607255, 1266950.716948207700625 ] } },
{ "type": "Feature", "properties": { "element": "node", "id": 2426859953, "emergency": "fire_hydrant" }, "geometry": { "type": "Point", "coordinates": [ 2613528.909619371406734, 1267412.207192310597748 ] } },
{ "type": "Feature", "properties": { "element": "node", "id": 2426859957, "emergency": "fire_hydrant" }, "geometry": { "type": "Point", "coordinates": [ 2613586.567953761667013, 1267318.36199255939573 ] } },
{ "type": "Feature", "properties": { "element": "node", "id": 2426859959, "emergency": "fire_hydrant" }, "geometry": { "type": "Point", "coordinates": [ 2613573.028044396080077, 1267225.910712521523237 ] } },
{ "type": "Feature", "properties": { "element": "node", "id": 2426859962, "emergency": "fire_hydrant" }, "geometry": { "type": "Point", "coordinates": [ 2613635.5020447303541, 1267058.536702990764752 ] } },
{ "type": "Feature", "properties": { "element": "node", "id": 2426859967, "emergency": "fire_hydrant" }, "geometry": { "type": "Point", "coordinates": [ 2613583.176183786708862, 1267096.865804320201278 ] } },
{ "type": "Feature", "properties": { "element": "node", "id": 2426859969, "emergency": "fire_hydrant" }, "geometry": { "type": "Point", "coordinates": [ 2613540.36434751842171, 1267155.331157623790205 ] } },
{ "type": "Feature", "properties": { "element": "node", "id": 2426859972, "emergency": "fire_hydrant" }, "geometry": { "type": "Point", "coordinates": [ 2613508.015416394919157, 1267220.558693987084553 ] } },
{ "type": "Feature", "properties": { "element": "node", "id": 2428056949, "emergency": "fire_hydrant" }, "geometry": { "type": "Point", "coordinates": [ 2613690.985987114720047, 1267018.680948899593204 ] } },
{ "type": "Feature", "properties": { "element": "node", "id": 2428056950, "emergency": "fire_hydrant" }, "geometry": { "type": "Point", "coordinates": [ 2613825.745155819226056, 1267406.031183016719297 ] } },
{ "type": "Feature", "properties": { "element": "node", "id": 2428056951, "emergency": "fire_hydrant" }, "geometry": { "type": "Point", "coordinates": [ 2613955.613961623050272, 1266959.711420332314447 ] } },
{ "type": "Feature", "properties": { "element": "node", "id": 2428056952, "emergency": "fire_hydrant" }, "geometry": { "type": "Point", "coordinates": [ 2613989.285217166878283, 1266617.329117773566395 ] } },
{ "type": "Feature", "properties": { "element": "node", "id": 2428056954, "emergency": "fire_hydrant" }, "geometry": { "type": "Point", "coordinates": [ 2613728.293591481633484, 1267017.377298870356753 ] } },
{ "type": "Feature", "properties": { "element": "node", "id": 2428056956, "emergency": "fire_hydrant" }, "geometry": { "type": "Point", "coordinates": [ 2613624.003824110142887, 1267125.979729103157297 ] } },
{ "type": "Feature", "properties": { "element": "node", "id": 2428056957, "emergency": "fire_hydrant" }, "geometry": { "type": "Point", "coordinates": [ 2613893.7644122261554, 1267090.746926109539345 ] } },
{ "type": "Feature", "properties": { "element": "node", "id": 2428056959, "emergency": "fire_hydrant" }, "geometry": { "type": "Point", "coordinates": [ 2613909.989206776954234, 1266218.987055616220459 ] } },
{ "type": "Feature", "properties": { "element": "node", "id": 2428056963, "emergency": "fire_hydrant" }, "geometry": { "type": "Point", "coordinates": [ 2613736.092336194124073, 1266994.357009902130812 ] } },
{ "type": "Feature", "properties": { "element": "node", "id": 2428056965, "emergency": "fire_hydrant" }, "geometry": { "type": "Point", "coordinates": [ 2613764.75748460367322, 1267389.433378823101521 ] } },
{ "type": "Feature", "properties": { "element": "node", "id": 2428056967, "emergency": "fire_hydrant" }, "geometry": { "type": "Point", "coordinates": [ 2613969.94882655935362, 1267054.322448440361768 ] } },
{ "type": "Feature", "properties": { "element": "node", "id": 2428056969, "emergency": "fire_hydrant" }, "geometry": { "type": "Point", "coordinates": [ 2613917.277796263806522, 1266436.655963114695624 ] } },
{ "type": "Feature", "properties": { "element": "node", "id": 2428056970, "emergency": "fire_hydrant" }, "geometry": { "type": "Point", "coordinates": [ 2614012.541481601539999, 1267144.930708243977278 ] } },
{ "type": "Feature", "properties": { "element": "node", "id": 2428056972, "emergency": "fire_hydrant" }, "geometry": { "type": "Point", "coordinates": [ 2613794.662157765123993, 1266951.94091814593412 ] } },
{ "type": "Feature", "properties": { "element": "node", "id": 2428056973, "emergency": "fire_hydrant" }, "geometry": { "type": "Point", "coordinates": [ 2613706.423860441427678, 1267432.573091362370178 ] } },
{ "type": "Feature", "properties": { "element": "node", "id": 2428056974, "emergency": "fire_hydrant" }, "geometry": { "type": "Point", "coordinates": [ 2614055.761102214921266, 1267018.032950460445136 ] } },
{ "type": "Feature", "properties": { "element": "node", "id": 2428056976, "emergency": "fire_hydrant" }, "geometry": { "type": "Point", "coordinates": [ 2613921.920932558365166, 1266520.736648452235386 ] } },
{ "type": "Feature", "properties": { "element": "node", "id": 2428056977, "emergency": "fire_hydrant" }, "geometry": { "type": "Point", "coordinates": [ 2613835.704902258235961, 1267195.417941702529788 ] } },
{ "type": "Feature", "properties": { "element": "node", "id": 2428056979, "emergency": "fire_hydrant" }, "geometry": { "type": "Point", "coordinates": [ 2613739.201574393548071, 1266909.627162655815482 ] } },
{ "type": "Feature", "properties": { "element": "node", "id": 2428056980, "emergency": "fire_hydrant" }, "geometry": { "type": "Point", "coordinates": [ 2614118.129246391355991, 1267110.545711189275607 ] } },
{ "type": "Feature", "properties": { "element": "node", "id": 2428056981, "emergency": "fire_hydrant" }, "geometry": { "type": "Point", "coordinates": [ 2613912.331482254900038, 1266623.052282441407442 ] } },
{ "type": "Feature", "properties": { "element": "node", "id": 2428056983, "emergency": "fire_hydrant" }, "geometry": { "type": "Point", "coordinates": [ 2613868.212375493254513, 1266777.401345982914791 ] } },
{ "type": "Feature", "properties": { "element": "node", "id": 2428056984, "emergency": "fire_hydrant" }, "geometry": { "type": "Point", "coordinates": [ 2614076.773286070208997, 1266467.598037739284337 ] } },
{ "type": "Feature", "properties": { "element": "node", "id": 2428056986, "emergency": "fire_hydrant" }, "geometry": { "type": "Point", "coordinates": [ 2613939.307001394219697, 1266717.503765750909224 ] } },
{ "type": "Feature", "properties": { "element": "node", "id": 2428056988, "emergency": "fire_hydrant" }, "geometry": { "type": "Point", "coordinates": [ 2613782.175405906978995, 1266857.568143607582897 ] } },
{ "type": "Feature", "properties": { "element": "node", "id": 2428056990, "emergency": "fire_hydrant" }, "geometry": { "type": "Point", "coordinates": [ 2613984.867056032642722, 1266770.358965852530673 ] } },
{ "type": "Feature", "properties": { "element": "node", "id": 2428056993, "emergency": "fire_hydrant" }, "geometry": { "type": "Point", "coordinates": [ 2613569.246168743353337, 1267046.376398327993229 ] } },
{ "type": "Feature", "properties": { "element": "node", "id": 2428056994, "emergency": "fire_hydrant" }, "geometry": { "type": "Point", "coordinates": [ 2614037.688864471390843, 1267351.801706983475015 ] } },
{ "type": "Feature", "properties": { "element": "node", "id": 2428056996, "emergency": "fire_hydrant" }, "geometry": { "type": "Point", "coordinates": [ 2613865.003976342268288, 1266906.96221151878126 ] } },
{ "type": "Feature", "properties": { "element": "node", "id": 2428056998, "emergency": "fire_hydrant" }, "geometry": { "type": "Point", "coordinates": [ 2614005.779255920555443, 1266470.265321477781981 ] } },
{ "type": "Feature", "properties": { "element": "node", "id": 2428057000, "emergency": "fire_hydrant" }, "geometry": { "type": "Point", "coordinates": [ 2613640.742175407707691, 1266995.782611961010844 ] } },
{ "type": "Feature", "properties": { "element": "node", "id": 2428057002, "emergency": "fire_hydrant" }, "geometry": { "type": "Point", "coordinates": [ 2613982.919257747475058, 1267373.12071197014302 ] } },
{ "type": "Feature", "properties": { "element": "node", "id": 2428057004, "emergency": "fire_hydrant" }, "geometry": { "type": "Point", "coordinates": [ 2613917.768781084101647, 1266833.834543129662052 ] } },
{ "type": "Feature", "properties": { "element": "node", "id": 2428057006, "emergency": "fire_hydrant" }, "geometry": { "type": "Point", "coordinates": [ 2614028.340990997385234, 1266511.336150425020605 ] } },
{ "type": "Feature", "properties": { "element": "node", "id": 2428057009, "emergency": "fire_hydrant" }, "geometry": { "type": "Point", "coordinates": [ 2613672.63473359728232, 1266959.908655995037407 ] } },
{ "type": "Feature", "properties": { "element": "node", "id": 2428057011, "emergency": "fire_hydrant" }, "geometry": { "type": "Point", "coordinates": [ 2613900.961611074861139, 1267379.265859751263633 ] } },
{ "type": "Feature", "properties": { "element": "node", "id": 2428057014, "emergency": "fire_hydrant" }, "geometry": { "type": "Point", "coordinates": [ 2613938.432139756157994, 1266996.94154467061162 ] } },
{ "type": "Feature", "properties": { "element": "node", "id": 2428057015, "emergency": "fire_hydrant" }, "geometry": { "type": "Point", "coordinates": [ 2614027.28391470015049, 1266576.356831103563309 ] } },
{ "type": "Feature", "properties": { "element": "node", "id": 2428580419, "emergency": "fire_hydrant" }, "geometry": { "type": "Point", "coordinates": [ 2614325.841885268222541, 1266959.337553817313164 ] } },
{ "type": "Feature", "properties": { "element": "node", "id": 2428580420, "emergency": "fire_hydrant" }, "geometry": { "type": "Point", "coordinates": [ 2614307.968202180229127, 1266879.872184141073376 ] } },
{ "type": "Feature", "properties": { "element": "node", "id": 2428580421, "emergency": "fire_hydrant" }, "geometry": { "type": "Point", "coordinates": [ 2614277.109910354949534, 1267162.873727397294715 ] } },
{ "type": "Feature", "properties": { "element": "node", "id": 2428580422, "emergency": "fire_hydrant" }, "geometry": { "type": "Point", "coordinates": [ 2614128.807392749469727, 1267178.051720240619034 ] } },
{ "type": "Feature", "properties": { "element": "node", "id": 2428580423, "emergency": "fire_hydrant" }, "geometry": { "type": "Point", "coordinates": [ 2614037.220001013483852, 1266322.04726573638618 ] } },
{ "type": "Feature", "properties": { "element": "node", "id": 2428580424, "emergency": "fire_hydrant" }, "geometry": { "type": "Point", "coordinates": [ 2614160.356053502298892, 1267271.303331229137257 ] } },
{ "type": "Feature", "properties": { "element": "node", "id": 2428580425, "emergency": "fire_hydrant" }, "geometry": { "type": "Point", "coordinates": [ 2614026.053727018181235, 1266396.20594537910074 ] } },
{ "type": "Feature", "properties": { "element": "node", "id": 2428580426, "emergency": "fire_hydrant" }, "geometry": { "type": "Point", "coordinates": [ 2614096.571856653317809, 1266356.589771058876067 ] } },
{ "type": "Feature", "properties": { "element": "node", "id": 2428580427, "emergency": "fire_hydrant" }, "geometry": { "type": "Point", "coordinates": [ 2614239.81026895577088, 1266982.468948032241315 ] } },
{ "type": "Feature", "properties": { "element": "node", "id": 2428580428, "emergency": "fire_hydrant" }, "geometry": { "type": "Point", "coordinates": [ 2614217.668044401332736, 1266909.064516126178205 ] } },
{ "type": "Feature", "properties": { "element": "node", "id": 2428580429, "emergency": "fire_hydrant" }, "geometry": { "type": "Point", "coordinates": [ 2614277.432385239284486, 1266978.867913495050743 ] } },
{ "type": "Feature", "properties": { "element": "node", "id": 2428580430, "emergency": "fire_hydrant" }, "geometry": { "type": "Point", "coordinates": [ 2614389.504246629308909, 1266734.067334877792746 ] } },
{ "type": "Feature", "properties": { "element": "node", "id": 2428580431, "emergency": "fire_hydrant" }, "geometry": { "type": "Point", "coordinates": [ 2614386.37304835440591, 1267168.44145490322262 ] } },
{ "type": "Feature", "properties": { "element": "node", "id": 2428580432, "emergency": "fire_hydrant" }, "geometry": { "type": "Point", "coordinates": [ 2613914.452684203628451, 1266315.598216593265533 ] } },
{ "type": "Feature", "properties": { "element": "node", "id": 2428580433, "emergency": "fire_hydrant" }, "geometry": { "type": "Point", "coordinates": [ 2613990.683421330526471, 1266292.550177620956674 ] } },
{ "type": "Feature", "properties": { "element": "node", "id": 2428580434, "emergency": "fire_hydrant" }, "geometry": { "type": "Point", "coordinates": [ 2614075.238260852638632, 1266267.421400894178078 ] } },
{ "type": "Feature", "properties": { "element": "node", "id": 2428580435, "emergency": "fire_hydrant" }, "geometry": { "type": "Point", "coordinates": [ 2614113.726824563927948, 1266414.115114103769884 ] } },
{ "type": "Feature", "properties": { "element": "node", "id": 2428580436, "emergency": "fire_hydrant" }, "geometry": { "type": "Point", "coordinates": [ 2614271.05677082715556, 1267013.310017294017598 ] } },
{ "type": "Feature", "properties": { "element": "node", "id": 2428580437, "emergency": "fire_hydrant" }, "geometry": { "type": "Point", "coordinates": [ 2614300.09454299043864, 1266779.983360276091844 ] } },
{ "type": "Feature", "properties": { "element": "node", "id": 2428580438, "emergency": "fire_hydrant" }, "geometry": { "type": "Point", "coordinates": [ 2614209.341378459706903, 1266812.265771825797856 ] } },
{ "type": "Feature", "properties": { "element": "node", "id": 2428580439, "emergency": "fire_hydrant" }, "geometry": { "type": "Point", "coordinates": [ 2614311.263023619074374, 1267071.069472728297114 ] } },
{ "type": "Feature", "properties": { "element": "node", "id": 2428580440, "emergency": "fire_hydrant" }, "geometry": { "type": "Point", "coordinates": [ 2614234.043684728443623, 1267268.210748950252309 ] } },
{ "type": "Feature", "properties": { "element": "node", "id": 2428580441, "emergency": "fire_hydrant" }, "geometry": { "type": "Point", "coordinates": [ 2614339.542025823611766, 1267273.557323095621541 ] } },
{ "type": "Feature", "properties": { "element": "node", "id": 2428580442, "emergency": "fire_hydrant" }, "geometry": { "type": "Point", "coordinates": [ 2614174.127190256956965, 1266321.160826877458021 ] } },
{ "type": "Feature", "properties": { "element": "node", "id": 2428580444, "emergency": "fire_hydrant" }, "geometry": { "type": "Point", "coordinates": [ 2614171.634860469494015, 1266403.32331467512995 ] } },
{ "type": "Feature", "properties": { "element": "node", "id": 2431556345, "emergency": "fire_hydrant" }, "geometry": { "type": "Point", "coordinates": [ 2617942.845806248020381, 1264533.672047387110069 ] } },
{ "type": "Feature", "properties": { "element": "node", "id": 2431556348, "emergency": "fire_hydrant" }, "geometry": { "type": "Point", "coordinates": [ 2617731.785658115986735, 1264578.779801641590893 ] } },
{ "type": "Feature", "properties": { "element": "node", "id": 2431556349, "emergency": "fire_hydrant" }, "geometry": { "type": "Point", "coordinates": [ 2620557.425745085813105, 1264939.686060152482241 ] } },
{ "type": "Feature", "properties": { "element": "node", "id": 2431556351, "emergency": "fire_hydrant" }, "geometry": { "type": "Point", "coordinates": [ 2620981.358550425153226, 1264994.49836925114505 ] } },
{ "type": "Feature", "properties": { "element": "node", "id": 2431556352, "emergency": "fire_hydrant" }, "geometry": { "type": "Point", "coordinates": [ 2621156.035934118088335, 1265027.886914534959942 ] } },
{ "type": "Feature", "properties": { "element": "node", "id": 2431556353, "emergency": "fire_hydrant" }, "geometry": { "type": "Point", "coordinates": [ 2621767.762194245588034, 1264586.950208385009319 ] } },
{ "type": "Feature", "properties": { "element": "node", "id": 2431556355, "emergency": "fire_hydrant" }, "geometry": { "type": "Point", "coordinates": [ 2619661.455065661109984, 1264642.629481937736273 ] } },
{ "type": "Feature", "properties": { "element": "node", "id": 2431556356, "emergency": "fire_hydrant" }, "geometry": { "type": "Point", "coordinates": [ 2617543.957780119497329, 1264644.844958159374073 ] } },
{ "type": "Feature", "properties": { "element": "node", "id": 2431556357, "emergency": "fire_hydrant" }, "geometry": { "type": "Point", "coordinates": [ 2620667.366148740984499, 1264979.418204620247707 ] } },
{ "type": "Feature", "properties": { "element": "node", "id": 2431556361, "emergency": "fire_hydrant" }, "geometry": { "type": "Point", "coordinates": [ 2618203.76919593475759, 1264537.247306238394231 ] } },
{ "type": "Feature", "properties": { "element": "node", "id": 2431556362, "emergency": "fire_hydrant" }, "geometry": { "type": "Point", "coordinates": [ 2617827.928236734587699, 1264580.191163901239634 ] } },
{ "type": "Feature", "properties": { "element": "node", "id": 2431556367, "emergency": "fire_hydrant" }, "geometry": { "type": "Point", "coordinates": [ 2620473.919357759878039, 1264920.150149689754471 ] } },
{ "type": "Feature", "properties": { "element": "node", "id": 2431556368, "emergency": "fire_hydrant" }, "geometry": { "type": "Point", "coordinates": [ 2617895.309281989466399, 1264545.280947079183534 ] } },
{ "type": "Feature", "properties": { "element": "node", "id": 2431556369, "emergency": "fire_hydrant" }, "geometry": { "type": "Point", "coordinates": [ 2621587.355501578189433, 1264606.326169020729139 ] } },
{ "type": "Feature", "properties": { "element": "node", "id": 2431556371, "emergency": "fire_hydrant" }, "geometry": { "type": "Point", "coordinates": [ 2614653.558263008017093, 1267110.421148407505825 ] } },
{ "type": "Feature", "properties": { "element": "node", "id": 2431556372, "emergency": "fire_hydrant" }, "geometry": { "type": "Point", "coordinates": [ 2620751.538405497092754, 1264986.861876802751794 ] } },
{ "type": "Feature", "properties": { "element": "node", "id": 2439716351, "emergency": "fire_hydrant" }, "geometry": { "type": "Point", "coordinates": [ 2612181.967935485299677, 1262869.209308216581121 ] } },
{ "type": "Feature", "properties": { "element": "node", "id": 2439716355, "emergency": "fire_hydrant" }, "geometry": { "type": "Point", "coordinates": [ 2612366.534403869882226, 1262833.476984351873398 ] } },
{ "type": "Feature", "properties": { "element": "node", "id": 2439716358, "emergency": "fire_hydrant" }, "geometry": { "type": "Point", "coordinates": [ 2612407.451818662695587, 1262930.395406772382557 ] } },
{ "type": "Feature", "properties": { "element": "node", "id": 2439716361, "emergency": "fire_hydrant" }, "geometry": { "type": "Point", "coordinates": [ 2615728.693242632783949, 1264055.492133102845401 ] } },
{ "type": "Feature", "properties": { "element": "node", "id": 2439716364, "emergency": "fire_hydrant" }, "geometry": { "type": "Point", "coordinates": [ 2615706.398745698854327, 1264158.971292092697695 ] } },
{ "type": "Feature", "properties": { "element": "node", "id": 2439716367, "emergency": "fire_hydrant" }, "geometry": { "type": "Point", "coordinates": [ 2615543.548770853783935, 1264260.935350950574502 ] } },
{ "type": "Feature", "properties": { "element": "node", "id": 2439716371, "emergency": "fire_hydrant" }, "geometry": { "type": "Point", "coordinates": [ 2614706.510914670769125, 1264656.87676889798604 ] } },
{ "type": "Feature", "properties": { "element": "node", "id": 2439716377, "emergency": "fire_hydrant" }, "geometry": { "type": "Point", "coordinates": [ 2612146.23012338578701, 1263040.598239419516176 ] } },
{ "type": "Feature", "properties": { "element": "node", "id": 2439716379, "emergency": "fire_hydrant" }, "geometry": { "type": "Point", "coordinates": [ 2612179.336367861833423, 1262944.033028616569936 ] } },
{ "type": "Feature", "properties": { "element": "node", "id": 2439721929, "emergency": "fire_hydrant" }, "geometry": { "type": "Point", "coordinates": [ 2611814.840228782501072, 1262158.993240378331393 ] } },
{ "type": "Feature", "properties": { "element": "node", "id": 2439724247, "emergency": "fire_hydrant" }, "geometry": { "type": "Point", "coordinates": [ 2612043.994011008180678, 1262286.862622020533308 ] } },
{ "type": "Feature", "properties": { "element": "node", "id": 2439755305, "emergency": "fire_hydrant" }, "geometry": { "type": "Point", "coordinates": [ 2612374.80727485800162, 1262930.04934368445538 ] } },
{ "type": "Feature", "properties": { "element": "node", "id": 2439755308, "emergency": "fire_hydrant" }, "geometry": { "type": "Point", "coordinates": [ 2612354.455955685582012, 1263154.049689527833834 ] } },
{ "type": "Feature", "properties": { "element": "node", "id": 2439755310, "emergency": "fire_hydrant" }, "geometry": { "type": "Point", "coordinates": [ 2612179.273506146389991, 1262783.63398724514991 ] } },
{ "type": "Feature", "properties": { "element": "node", "id": 2441191897, "emergency": "fire_hydrant" }, "geometry": { "type": "Point", "coordinates": [ 2607879.753937616478652, 1252536.76863672840409 ] } },
{ "type": "Feature", "properties": { "element": "node", "id": 2441191901, "emergency": "fire_hydrant" }, "geometry": { "type": "Point", "coordinates": [ 2606960.834102066233754, 1254093.082230782601982 ] } },
{ "type": "Feature", "properties": { "element": "node", "id": 2441191904, "emergency": "fire_hydrant" }, "geometry": { "type": "Point", "coordinates": [ 2606974.815996044781059, 1253437.06737797963433 ] } },
{ "type": "Feature", "properties": { "element": "node", "id": 2441191906, "emergency": "fire_hydrant" }, "geometry": { "type": "Point", "coordinates": [ 2607803.254736741539091, 1252330.333327178843319 ] } },
{ "type": "Feature", "properties": { "element": "node", "id": 2441583306, "emergency": "fire_hydrant" }, "geometry": { "type": "Point", "coordinates": [ 2607035.508633391931653, 1253355.840720791136846 ] } },
{ "type": "Feature", "properties": { "element": "node", "id": 2441583307, "emergency": "fire_hydrant" }, "geometry": { "type": "Point", "coordinates": [ 2606957.131282803602517, 1254182.87036237702705 ] } },
{ "type": "Feature", "properties": { "element": "node", "id": 2441583308, "emergency": "fire_hydrant" }, "geometry": { "type": "Point", "coordinates": [ 2607602.267733142711222, 1252634.984530986752361 ] } },
{ "type": "Feature", "properties": { "element": "node", "id": 2441583309, "emergency": "fire_hydrant" }, "geometry": { "type": "Point", "coordinates": [ 2607396.276727720629424, 1252872.314744741888717 ] } },
{ "type": "Feature", "properties": { "element": "node", "id": 2441583310, "emergency": "fire_hydrant" }, "geometry": { "type": "Point", "coordinates": [ 2607315.748784235678613, 1253000.355072054080665 ] } },
{ "type": "Feature", "properties": { "element": "node", "id": 2441583311, "emergency": "fire_hydrant" }, "geometry": { "type": "Point", "coordinates": [ 2612690.699662392958999, 1256383.354572881245986 ] } },
{ "type": "Feature", "properties": { "element": "node", "id": 2441583313, "emergency": "fire_hydrant" }, "geometry": { "type": "Point", "coordinates": [ 2607681.232396558392793, 1252416.92070553614758 ] } },
{ "type": "Feature", "properties": { "element": "node", "id": 2441583314, "emergency": "fire_hydrant" }, "geometry": { "type": "Point", "coordinates": [ 2607127.305884445551783, 1254308.675848586019129 ] } },
{ "type": "Feature", "properties": { "element": "node", "id": 2441583315, "emergency": "fire_hydrant" }, "geometry": { "type": "Point", "coordinates": [ 2607675.612387156113982, 1254311.612342935521156 ] } },
{ "type": "Feature", "properties": { "element": "node", "id": 2441583316, "emergency": "fire_hydrant" }, "geometry": { "type": "Point", "coordinates": [ 2607835.658710294403136, 1254381.077011023182422 ] } },
{ "type": "Feature", "properties": { "element": "node", "id": 2441596067, "emergency": "fire_hydrant" }, "geometry": { "type": "Point", "coordinates": [ 2613326.931030009873211, 1264307.968225317774341 ] } },
{ "type": "Feature", "properties": { "element": "node", "id": 2441704016, "emergency": "fire_hydrant" }, "geometry": { "type": "Point", "coordinates": [ 2613256.243450339883566, 1264364.28231160226278 ] } },
{ "type": "Feature", "properties": { "element": "node", "id": 2441705781, "emergency": "fire_hydrant" }, "geometry": { "type": "Point", "coordinates": [ 2613220.013725813943893, 1264310.308730944991112 ] } },
{ "type": "Feature", "properties": { "element": "node", "id": 2441705782, "emergency": "fire_hydrant" }, "geometry": { "type": "Point", "coordinates": [ 2613368.38151886081323, 1264330.488030655076727 ] } },
{ "type": "Feature", "properties": { "element": "node", "id": 2448094928, "emergency": "fire_hydrant" }, "geometry": { "type": "Point", "coordinates": [ 2614148.422449889592826, 1264974.674225324997678 ] } },
{ "type": "Feature", "properties": { "element": "node", "id": 2448094929, "emergency": "fire_hydrant" }, "geometry": { "type": "Point", "coordinates": [ 2615241.778735376428813, 1264252.31356265116483 ] } },
{ "type": "Feature", "properties": { "element": "node", "id": 2448094930, "emergency": "fire_hydrant" }, "geometry": { "type": "Point", "coordinates": [ 2615526.710728475823998, 1264070.826524566393346 ] } },
{ "type": "Feature", "properties": { "element": "node", "id": 2448094931, "emergency": "fire_hydrant" }, "geometry": { "type": "Point", "coordinates": [ 2615124.000935794319957, 1264337.093197380425408 ] } },
{ "type": "Feature", "properties": { "element": "node", "id": 2448094932, "emergency": "fire_hydrant" }, "geometry": { "type": "Point", "coordinates": [ 2614934.768873201217502, 1264473.108243705471978 ] } },
{ "type": "Feature", "properties": { "element": "node", "id": 2448094933, "emergency": "fire_hydrant" }, "geometry": { "type": "Point", "coordinates": [ 2614529.260335653554648, 1264616.0009589351248 ] } },
{ "type": "Feature", "properties": { "element": "node", "id": 2448094934, "emergency": "fire_hydrant" }, "geometry": { "type": "Point", "coordinates": [ 2615019.171647123061121, 1264475.322702588047832 ] } },
{ "type": "Feature", "properties": { "element": "node", "id": 2448094935, "emergency": "fire_hydrant" }, "geometry": { "type": "Point", "coordinates": [ 2614852.347249545156956, 1264509.715702328132465 ] } },
{ "type": "Feature", "properties": { "element": "node", "id": 2448094937, "emergency": "fire_hydrant" }, "geometry": { "type": "Point", "coordinates": [ 2614338.340780384838581, 1264761.726659870240837 ] } },
{ "type": "Feature", "properties": { "element": "node", "id": 2448094938, "emergency": "fire_hydrant" }, "geometry": { "type": "Point", "coordinates": [ 2615638.901458374690264, 1263769.935465834336355 ] } },
{ "type": "Feature", "properties": { "element": "node", "id": 2448094939, "emergency": "fire_hydrant" }, "geometry": { "type": "Point", "coordinates": [ 2615678.781243431381881, 1263906.145807223161682 ] } },
{ "type": "Feature", "properties": { "element": "node", "id": 2448162204, "emergency": "fire_hydrant" }, "geometry": { "type": "Point", "coordinates": [ 2615470.051389652770013, 1263269.503672735532746 ] } },
{ "type": "Feature", "properties": { "element": "node", "id": 2448255084, "emergency": "fire_hydrant" }, "geometry": { "type": "Point", "coordinates": [ 2614954.297529351431876, 1263686.380595315247774 ] } },
{ "type": "Feature", "properties": { "element": "node", "id": 2448255085, "emergency": "fire_hydrant" }, "geometry": { "type": "Point", "coordinates": [ 2614886.737422639504075, 1263738.735820681788027 ] } },
{ "type": "Feature", "properties": { "element": "node", "id": 2448262760, "emergency": "fire_hydrant" }, "geometry": { "type": "Point", "coordinates": [ 2615219.025510327424854, 1263516.580644329544157 ] } },
{ "type": "Feature", "properties": { "element": "node", "id": 2448262761, "emergency": "fire_hydrant" }, "geometry": { "type": "Point", "coordinates": [ 2615131.084845046047121, 1263570.259541999548674 ] } },
{ "type": "Feature", "properties": { "element": "node", "id": 2448262762, "emergency": "fire_hydrant" }, "geometry": { "type": "Point", "coordinates": [ 2615022.559395657386631, 1263628.023785912198946 ] } },
{ "type": "Feature", "properties": { "element": "node", "id": 2448262763, "emergency": "fire_hydrant" }, "geometry": { "type": "Point", "coordinates": [ 2615511.904432477429509, 1263480.558257342549041 ] } },
{ "type": "Feature", "properties": { "element": "node", "id": 2448262764, "emergency": "fire_hydrant" }, "geometry": { "type": "Point", "coordinates": [ 2615377.388887321110815, 1263494.984927517129108 ] } },
{ "type": "Feature", "properties": { "element": "node", "id": 2448262765, "emergency": "fire_hydrant" }, "geometry": { "type": "Point", "coordinates": [ 2615609.761958364862949, 1263701.567151642637327 ] } },
{ "type": "Feature", "properties": { "element": "node", "id": 2448262766, "emergency": "fire_hydrant" }, "geometry": { "type": "Point", "coordinates": [ 2615592.321573974564672, 1263712.139722872758284 ] } },
{ "type": "Feature", "properties": { "element": "node", "id": 2448262767, "emergency": "fire_hydrant" }, "geometry": { "type": "Point", "coordinates": [ 2615556.553085003979504, 1263503.212922586360946 ] } },
{ "type": "Feature", "properties": { "element": "node", "id": 2448262768, "emergency": "fire_hydrant" }, "geometry": { "type": "Point", "coordinates": [ 2615606.123505350202322, 1263739.083469916833565 ] } },
{ "type": "Feature", "properties": { "element": "node", "id": 2468864422, "emergency": "fire_hydrant" }, "geometry": { "type": "Point", "coordinates": [ 2610991.440325029194355, 1256594.381566423922777 ] } },
{ "type": "Feature", "properties": { "element": "node", "id": 2468864423, "emergency": "fire_hydrant" }, "geometry": { "type": "Point", "coordinates": [ 2611056.905897003598511, 1256570.308936559362337 ] } },
{ "type": "Feature", "properties": { "element": "node", "id": 2468864424, "emergency": "fire_hydrant" }, "geometry": { "type": "Point", "coordinates": [ 2610876.973868013825268, 1256637.066520692547783 ] } },
{ "type": "Feature", "properties": { "element": "node", "id": 2468864425, "emergency": "fire_hydrant" }, "geometry": { "type": "Point", "coordinates": [ 2611252.213235846254975, 1256521.597891721408814 ] } },
{ "type": "Feature", "properties": { "element": "node", "id": 2468875962, "emergency": "fire_hydrant" }, "geometry": { "type": "Point", "coordinates": [ 2610542.014313151594251, 1256590.611065207049251 ] } },
{ "type": "Feature", "properties": { "element": "node", "id": 2468875963, "emergency": "fire_hydrant" }, "geometry": { "type": "Point", "coordinates": [ 2610745.116058101411909, 1256523.807251384481788 ] } },
{ "type": "Feature", "properties": { "element": "node", "id": 2468875965, "emergency": "fire_hydrant" }, "geometry": { "type": "Point", "coordinates": [ 2610705.04951949743554, 1256467.175159414997324 ] } },
{ "type": "Feature", "properties": { "element": "node", "id": 2468875966, "emergency": "fire_hydrant" }, "geometry": { "type": "Point", "coordinates": [ 2610644.583860509097576, 1256470.046486765611917 ] } },
{ "type": "Feature", "properties": { "element": "node", "id": 2468875967, "emergency": "fire_hydrant" }, "geometry": { "type": "Point", "coordinates": [ 2610595.975597654934973, 1256504.827432948397473 ] } },
{ "type": "Feature", "properties": { "element": "node", "id": 2468875968, "emergency": "fire_hydrant" }, "geometry": { "type": "Point", "coordinates": [ 2610790.295357049442828, 1256600.629007756477222 ] } },
{ "type": "Feature", "properties": { "element": "node", "id": 2468875969, "emergency": "fire_hydrant" }, "geometry": { "type": "Point", "coordinates": [ 2610807.119008800014853, 1256566.881465689977631 ] } },
{ "type": "Feature", "properties": { "element": "node", "id": 2469080188, "emergency": "fire_hydrant" }, "geometry": { "type": "Point", "coordinates": [ 2610428.64226758480072, 1257275.824338658247143 ] } },
{ "type": "Feature", "properties": { "element": "node", "id": 2469120024, "emergency": "fire_hydrant" }, "geometry": { "type": "Point", "coordinates": [ 2611296.086594644002616, 1256619.557368062902242 ] } },
{ "type": "Feature", "properties": { "element": "node", "id": 2469120030, "emergency": "fire_hydrant" }, "geometry": { "type": "Point", "coordinates": [ 2611256.562560955062509, 1256574.241196417016909 ] } },
{ "type": "Feature", "properties": { "element": "node", "id": 2469120035, "emergency": "fire_hydrant" }, "geometry": { "type": "Point", "coordinates": [ 2611188.469094704836607, 1256603.943766217678785 ] } },
{ "type": "Feature", "properties": { "element": "node", "id": 2512578828, "emergency": "fire_hydrant" }, "geometry": { "type": "Point", "coordinates": [ 2611399.736271560657769, 1260155.842389901867136 ] } },
{ "type": "Feature", "properties": { "element": "node", "id": 2512578829, "emergency": "fire_hydrant" }, "geometry": { "type": "Point", "coordinates": [ 2611437.591595188248903, 1260197.632234132383019 ] } },
{ "type": "Feature", "properties": { "element": "node", "id": 2512578831, "emergency": "fire_hydrant" }, "geometry": { "type": "Point", "coordinates": [ 2611485.244617350865155, 1260172.217922462616116 ] } },
{ "type": "Feature", "properties": { "element": "node", "id": 2512578832, "emergency": "fire_hydrant" }, "geometry": { "type": "Point", "coordinates": [ 2611546.743018883280456, 1260161.551951119909063 ] } },
{ "type": "Feature", "properties": { "element": "node", "id": 2935695832, "emergency": "fire_hydrant" }, "geometry": { "type": "Point", "coordinates": [ 2614975.197640301659703, 1267184.475944035220891 ] } },
{ "type": "Feature", "properties": { "element": "node", "id": 2939910200, "emergency": "fire_hydrant" }, "geometry": { "type": "Point", "coordinates": [ 2624056.577171921730042, 1252465.069655478466302 ] } },
{ "type": "Feature", "properties": { "element": "node", "id": 2949268673, "emergency": "fire_hydrant" }, "geometry": { "type": "Point", "coordinates": [ 2599798.046900667250156, 1256426.111137237399817 ] } },
{ "type": "Feature", "properties": { "element": "node", "id": 3070679799, "emergency": "fire_hydrant" }, "geometry": { "type": "Point", "coordinates": [ 2611250.063006941229105, 1257415.468437042087317 ] } },
{ "type": "Feature", "properties": { "element": "node", "id": 3710686125, "emergency": "fire_hydrant" }, "geometry": { "type": "Point", "coordinates": [ 2630513.100380497518927, 1263957.485468391096219 ] } },
{ "type": "Feature", "properties": { "element": "node", "id": 3710686925, "emergency": "fire_hydrant" }, "geometry": { "type": "Point", "coordinates": [ 2630610.496103948913515, 1263910.510706385131925 ] } },
{ "type": "Feature", "properties": { "element": "node", "id": 4010671830, "emergency": "fire_hydrant" }, "geometry": { "type": "Point", "coordinates": [ 2604865.861811478622258, 1264591.107311311177909 ] } },
{ "type": "Feature", "properties": { "element": "node", "id": 4010671831, "emergency": "fire_hydrant" }, "geometry": { "type": "Point", "coordinates": [ 2605207.277380742598325, 1264760.811244369484484 ] } },
{ "type": "Feature", "properties": { "element": "node", "id": 4010671832, "emergency": "fire_hydrant" }, "geometry": { "type": "Point", "coordinates": [ 2604718.118156808428466, 1264783.510924785630777 ] } },
{ "type": "Feature", "properties": { "element": "node", "id": 4010671833, "emergency": "fire_hydrant" }, "geometry": { "type": "Point", "coordinates": [ 2604953.969766567926854, 1264786.147346556652337 ] } },
{ "type": "Feature", "properties": { "element": "node", "id": 4010671834, "emergency": "fire_hydrant" }, "geometry": { "type": "Point", "coordinates": [ 2604835.522027600556612, 1264834.461799236945808 ] } },
{ "type": "Feature", "properties": { "element": "node", "id": 4010671835, "emergency": "fire_hydrant" }, "geometry": { "type": "Point", "coordinates": [ 2604687.670957515947521, 1264855.447832664009184 ] } },
{ "type": "Feature", "properties": { "element": "node", "id": 4010671836, "emergency": "fire_hydrant" }, "geometry": { "type": "Point", "coordinates": [ 2604763.857427592854947, 1264866.004014624282718 ] } },
{ "type": "Feature", "properties": { "element": "node", "id": 4010671837, "emergency": "fire_hydrant" }, "geometry": { "type": "Point", "coordinates": [ 2604632.590146370697767, 1264874.607180358609185 ] } },
{ "type": "Feature", "properties": { "element": "node", "id": 4010671838, "emergency": "fire_hydrant" }, "geometry": { "type": "Point", "coordinates": [ 2604843.715244945604354, 1264908.163745437981561 ] } },
{ "type": "Feature", "properties": { "element": "node", "id": 4010671839, "emergency": "fire_hydrant" }, "geometry": { "type": "Point", "coordinates": [ 2604721.368511825799942, 1264930.248127104947343 ] } },
{ "type": "Feature", "properties": { "element": "node", "id": 4010671840, "emergency": "fire_hydrant" }, "geometry": { "type": "Point", "coordinates": [ 2604774.304977380204946, 1264965.45878368918784 ] } },
{ "type": "Feature", "properties": { "element": "node", "id": 4010671841, "emergency": "fire_hydrant" }, "geometry": { "type": "Point", "coordinates": [ 2604898.36693421844393, 1264972.274638529866934 ] } },
{ "type": "Feature", "properties": { "element": "node", "id": 4010671842, "emergency": "fire_hydrant" }, "geometry": { "type": "Point", "coordinates": [ 2604668.289228995330632, 1265000.310551840579137 ] } },
{ "type": "Feature", "properties": { "element": "node", "id": 4010671843, "emergency": "fire_hydrant" }, "geometry": { "type": "Point", "coordinates": [ 2604962.919557569082826, 1265008.352645938983187 ] } },
{ "type": "Feature", "properties": { "element": "node", "id": 4010671844, "emergency": "fire_hydrant" }, "geometry": { "type": "Point", "coordinates": [ 2604595.322266153991222, 1265015.642612831667066 ] } },
{ "type": "Feature", "properties": { "element": "node", "id": 4010671845, "emergency": "fire_hydrant" }, "geometry": { "type": "Point", "coordinates": [ 2604520.022973505780101, 1265029.005792264593765 ] } },
{ "type": "Feature", "properties": { "element": "node", "id": 4010671846, "emergency": "fire_hydrant" }, "geometry": { "type": "Point", "coordinates": [ 2604694.532169281039387, 1265045.906973860925063 ] } },
{ "type": "Feature", "properties": { "element": "node", "id": 4010671847, "emergency": "fire_hydrant" }, "geometry": { "type": "Point", "coordinates": [ 2604804.956296904478222, 1265052.810276679694653 ] } },
{ "type": "Feature", "properties": { "element": "node", "id": 4010671848, "emergency": "fire_hydrant" }, "geometry": { "type": "Point", "coordinates": [ 2605181.684723669663072, 1265071.948399600340053 ] } },
{ "type": "Feature", "properties": { "element": "node", "id": 4010671849, "emergency": "fire_hydrant" }, "geometry": { "type": "Point", "coordinates": [ 2604671.71409002551809, 1265079.112113826209679 ] } },
{ "type": "Feature", "properties": { "element": "node", "id": 4010671850, "emergency": "fire_hydrant" }, "geometry": { "type": "Point", "coordinates": [ 2604899.140497117768973, 1265085.242220131447539 ] } },
{ "type": "Feature", "properties": { "element": "node", "id": 4010671851, "emergency": "fire_hydrant" }, "geometry": { "type": "Point", "coordinates": [ 2604717.59233304252848, 1265097.716421522432938 ] } },
{ "type": "Feature", "properties": { "element": "node", "id": 4010671852, "emergency": "fire_hydrant" }, "geometry": { "type": "Point", "coordinates": [ 2604968.160496891010553, 1265098.819507258711383 ] } },
{ "type": "Feature", "properties": { "element": "node", "id": 4010671853, "emergency": "fire_hydrant" }, "geometry": { "type": "Point", "coordinates": [ 2604598.78119631530717, 1265100.37048007408157 ] } },
{ "type": "Feature", "properties": { "element": "node", "id": 4010671854, "emergency": "fire_hydrant" }, "geometry": { "type": "Point", "coordinates": [ 2604537.548358359374106, 1265103.537184618646279 ] } },
{ "type": "Feature", "properties": { "element": "node", "id": 4010671855, "emergency": "fire_hydrant" }, "geometry": { "type": "Point", "coordinates": [ 2605025.011325432453305, 1265131.656257706694305 ] } },
{ "type": "Feature", "properties": { "element": "node", "id": 4010671856, "emergency": "fire_hydrant" }, "geometry": { "type": "Point", "coordinates": [ 2604806.839570106007159, 1265136.236115963663906 ] } },
{ "type": "Feature", "properties": { "element": "node", "id": 4010671857, "emergency": "fire_hydrant" }, "geometry": { "type": "Point", "coordinates": [ 2604956.081231523305178, 1265137.44732416071929 ] } },
{ "type": "Feature", "properties": { "element": "node", "id": 4010671858, "emergency": "fire_hydrant" }, "geometry": { "type": "Point", "coordinates": [ 2604884.769483670126647, 1265146.261566831264645 ] } },
{ "type": "Feature", "properties": { "element": "node", "id": 4010671859, "emergency": "fire_hydrant" }, "geometry": { "type": "Point", "coordinates": [ 2605114.432862707413733, 1265148.287839449476451 ] } },
{ "type": "Feature", "properties": { "element": "node", "id": 4010671860, "emergency": "fire_hydrant" }, "geometry": { "type": "Point", "coordinates": [ 2604531.630409996490926, 1265153.000240590423346 ] } },
{ "type": "Feature", "properties": { "element": "node", "id": 4010671861, "emergency": "fire_hydrant" }, "geometry": { "type": "Point", "coordinates": [ 2604764.983919331338257, 1265163.443755395011976 ] } },
{ "type": "Feature", "properties": { "element": "node", "id": 4010671862, "emergency": "fire_hydrant" }, "geometry": { "type": "Point", "coordinates": [ 2604702.162145894486457, 1265196.405872037168592 ] } },
{ "type": "Feature", "properties": { "element": "node", "id": 4010671863, "emergency": "fire_hydrant" }, "geometry": { "type": "Point", "coordinates": [ 2604569.224467519205064, 1265213.281527770217508 ] } },
{ "type": "Feature", "properties": { "element": "node", "id": 4010671864, "emergency": "fire_hydrant" }, "geometry": { "type": "Point", "coordinates": [ 2605030.036302412394434, 1265218.009072619723156 ] } },
{ "type": "Feature", "properties": { "element": "node", "id": 4010671865, "emergency": "fire_hydrant" }, "geometry": { "type": "Point", "coordinates": [ 2604827.244082489516586, 1265220.988884135615081 ] } },
{ "type": "Feature", "properties": { "element": "node", "id": 4010671866, "emergency": "fire_hydrant" }, "geometry": { "type": "Point", "coordinates": [ 2604983.465412246994674, 1265228.788742520613596 ] } },
{ "type": "Feature", "properties": { "element": "node", "id": 4010671867, "emergency": "fire_hydrant" }, "geometry": { "type": "Point", "coordinates": [ 2604754.974287727847695, 1265233.606554662110284 ] } },
{ "type": "Feature", "properties": { "element": "node", "id": 4010671868, "emergency": "fire_hydrant" }, "geometry": { "type": "Point", "coordinates": [ 2604623.080354691017419, 1265235.515920304693282 ] } },
{ "type": "Feature", "properties": { "element": "node", "id": 4010671869, "emergency": "fire_hydrant" }, "geometry": { "type": "Point", "coordinates": [ 2605157.8949736636132, 1265242.356812990969047 ] } },
{ "type": "Feature", "properties": { "element": "node", "id": 4010671870, "emergency": "fire_hydrant" }, "geometry": { "type": "Point", "coordinates": [ 2605243.06028597522527, 1265267.681589978514239 ] } },
{ "type": "Feature", "properties": { "element": "node", "id": 4010671871, "emergency": "fire_hydrant" }, "geometry": { "type": "Point", "coordinates": [ 2604731.724637471605092, 1265270.335800230270252 ] } },
{ "type": "Feature", "properties": { "element": "node", "id": 4010671873, "emergency": "fire_hydrant" }, "geometry": { "type": "Point", "coordinates": [ 2604974.744655241258442, 1265276.18094847491011 ] } },
{ "type": "Feature", "properties": { "element": "node", "id": 4010671874, "emergency": "fire_hydrant" }, "geometry": { "type": "Point", "coordinates": [ 2605120.245543563272804, 1265289.301444082986563 ] } },
{ "type": "Feature", "properties": { "element": "node", "id": 4010671875, "emergency": "fire_hydrant" }, "geometry": { "type": "Point", "coordinates": [ 2604910.374201825354248, 1265297.109029375948012 ] } },
{ "type": "Feature", "properties": { "element": "node", "id": 4010671876, "emergency": "fire_hydrant" }, "geometry": { "type": "Point", "coordinates": [ 2604788.983247083146125, 1265320.093437250470743 ] } },
{ "type": "Feature", "properties": { "element": "node", "id": 4010671877, "emergency": "fire_hydrant" }, "geometry": { "type": "Point", "coordinates": [ 2605198.019953082315624, 1265354.091020007384941 ] } },
{ "type": "Feature", "properties": { "element": "node", "id": 4010671878, "emergency": "fire_hydrant" }, "geometry": { "type": "Point", "coordinates": [ 2605092.116458191536367, 1265350.71997513063252 ] } },
{ "type": "Feature", "properties": { "element": "node", "id": 4010671879, "emergency": "fire_hydrant" }, "geometry": { "type": "Point", "coordinates": [ 2604995.822195129469037, 1265353.952288114465773 ] } },
{ "type": "Feature", "properties": { "element": "node", "id": 4010671880, "emergency": "fire_hydrant" }, "geometry": { "type": "Point", "coordinates": [ 2604906.83162497729063, 1265356.914178142091259 ] } },
{ "type": "Feature", "properties": { "element": "node", "id": 4010671881, "emergency": "fire_hydrant" }, "geometry": { "type": "Point", "coordinates": [ 2604697.734798403922468, 1265359.826564149465412 ] } },
{ "type": "Feature", "properties": { "element": "node", "id": 4010671882, "emergency": "fire_hydrant" }, "geometry": { "type": "Point", "coordinates": [ 2604846.197684832382947, 1265367.416584044927731 ] } },
{ "type": "Feature", "properties": { "element": "node", "id": 4010671883, "emergency": "fire_hydrant" }, "geometry": { "type": "Point", "coordinates": [ 2605072.521986041218042, 1265408.031915125902742 ] } },
{ "type": "Feature", "properties": { "element": "node", "id": 4010671884, "emergency": "fire_hydrant" }, "geometry": { "type": "Point", "coordinates": [ 2604772.327632100321352, 1265415.71300468291156 ] } },
{ "type": "Feature", "properties": { "element": "node", "id": 4010671885, "emergency": "fire_hydrant" }, "geometry": { "type": "Point", "coordinates": [ 2604981.994995668064803, 1265421.543119589565322 ] } },
{ "type": "Feature", "properties": { "element": "node", "id": 4010671886, "emergency": "fire_hydrant" }, "geometry": { "type": "Point", "coordinates": [ 2605214.571484529413283, 1265446.591656999429688 ] } },
{ "type": "Feature", "properties": { "element": "node", "id": 4010671887, "emergency": "fire_hydrant" }, "geometry": { "type": "Point", "coordinates": [ 2605134.037798037752509, 1265449.090503772022203 ] } },
{ "type": "Feature", "properties": { "element": "node", "id": 4010671888, "emergency": "fire_hydrant" }, "geometry": { "type": "Point", "coordinates": [ 2604843.041176732629538, 1265472.086490391287953 ] } },
{ "type": "Feature", "properties": { "element": "node", "id": 4010674389, "emergency": "fire_hydrant" }, "geometry": { "type": "Point", "coordinates": [ 2604940.191958707291633, 1265486.853745246538892 ] } },
{ "type": "Feature", "properties": { "element": "node", "id": 4010674390, "emergency": "fire_hydrant" }, "geometry": { "type": "Point", "coordinates": [ 2605067.732957398053259, 1265488.672584708081558 ] } },
{ "type": "Feature", "properties": { "element": "node", "id": 4010674391, "emergency": "fire_hydrant" }, "geometry": { "type": "Point", "coordinates": [ 2605015.395231937523931, 1265492.420044909697026 ] } },
{ "type": "Feature", "properties": { "element": "node", "id": 4010674392, "emergency": "fire_hydrant" }, "geometry": { "type": "Point", "coordinates": [ 2605216.536991596687585, 1265523.891342231770977 ] } },
{ "type": "Feature", "properties": { "element": "node", "id": 4010674393, "emergency": "fire_hydrant" }, "geometry": { "type": "Point", "coordinates": [ 2604911.149970986880362, 1265526.457312738522887 ] } },
{ "type": "Feature", "properties": { "element": "node", "id": 4010674394, "emergency": "fire_hydrant" }, "geometry": { "type": "Point", "coordinates": [ 2605133.541643355973065, 1265536.016942442394793 ] } },
{ "type": "Feature", "properties": { "element": "node", "id": 4010674395, "emergency": "fire_hydrant" }, "geometry": { "type": "Point", "coordinates": [ 2605089.9342878209427, 1265552.924788680393249 ] } },
{ "type": "Feature", "properties": { "element": "node", "id": 4010674396, "emergency": "fire_hydrant" }, "geometry": { "type": "Point", "coordinates": [ 2604984.888878328725696, 1265581.17829697416164 ] } },
{ "type": "Feature", "properties": { "element": "node", "id": 4010674397, "emergency": "fire_hydrant" }, "geometry": { "type": "Point", "coordinates": [ 2605294.614766019862145, 1265590.005646052304655 ] } },
{ "type": "Feature", "properties": { "element": "node", "id": 4010674398, "emergency": "fire_hydrant" }, "geometry": { "type": "Point", "coordinates": [ 2605224.958885249681771, 1265605.066026516025886 ] } },
{ "type": "Feature", "properties": { "element": "node", "id": 4010674399, "emergency": "fire_hydrant" }, "geometry": { "type": "Point", "coordinates": [ 2605166.624680237844586, 1265613.899332978762686 ] } },
{ "type": "Feature", "properties": { "element": "node", "id": 4010674400, "emergency": "fire_hydrant" }, "geometry": { "type": "Point", "coordinates": [ 2605048.2346112402156, 1265629.275748303160071 ] } },
{ "type": "Feature", "properties": { "element": "node", "id": 4010674401, "emergency": "fire_hydrant" }, "geometry": { "type": "Point", "coordinates": [ 2605347.065236884634942, 1265636.262075094738975 ] } },
{ "type": "Feature", "properties": { "element": "node", "id": 4010674402, "emergency": "fire_hydrant" }, "geometry": { "type": "Point", "coordinates": [ 2605118.037399171385914, 1265670.496855124598369 ] } },
{ "type": "Feature", "properties": { "element": "node", "id": 4010674403, "emergency": "fire_hydrant" }, "geometry": { "type": "Point", "coordinates": [ 2605225.409482929855585, 1265675.370695460820571 ] } },
{ "type": "Feature", "properties": { "element": "node", "id": 4010674404, "emergency": "fire_hydrant" }, "geometry": { "type": "Point", "coordinates": [ 2605169.869593673851341, 1265727.302951824618503 ] } },
{ "type": "Feature", "properties": { "element": "node", "id": 4010674405, "emergency": "fire_hydrant" }, "geometry": { "type": "Point", "coordinates": [ 2605284.191489444114268, 1265747.149800185346976 ] } },
{ "type": "Feature", "properties": { "element": "node", "id": 4049821737, "emergency": "fire_hydrant" }, "geometry": { "type": "Point", "coordinates": [ 2611675.82034064643085, 1257841.640418103896081 ] } },
{ "type": "Feature", "properties": { "element": "node", "id": 4062120258, "emergency": "fire_hydrant" }, "geometry": { "type": "Point", "coordinates": [ 2607565.077604338526726, 1252794.641809250926599 ] } },
{ "type": "Feature", "properties": { "element": "node", "id": 4303736504, "emergency": "fire_hydrant" }, "geometry": { "type": "Point", "coordinates": [ 2611561.585695279296488, 1256731.397176241967827 ] } },
{ "type": "Feature", "properties": { "element": "node", "id": 4303738222, "emergency": "fire_hydrant" }, "geometry": { "type": "Point", "coordinates": [ 2611683.099892316851765, 1256749.168498169863597 ] } },
{ "type": "Feature", "properties": { "element": "node", "id": 4303739078, "emergency": "fire_hydrant" }, "geometry": { "type": "Point", "coordinates": [ 2611634.27982756588608, 1256712.926482320064679 ] } },
{ "type": "Feature", "properties": { "element": "node", "id": 4353547596, "emergency": "fire_hydrant" }, "geometry": { "type": "Point", "coordinates": [ 2618220.817194503732026, 1263817.178683177335188 ] } },
{ "type": "Feature", "properties": { "element": "node", "id": 4535667982, "emergency": "fire_hydrant" }, "geometry": { "type": "Point", "coordinates": [ 2615781.456639311276376, 1266352.439020654652268 ] } },
{ "type": "Feature", "properties": { "element": "node", "id": 4535728418, "emergency": "fire_hydrant" }, "geometry": { "type": "Point", "coordinates": [ 2616603.223264481406659, 1265524.426629244349897 ] } },
{ "type": "Feature", "properties": { "element": "node", "id": 4729242198, "emergency": "fire_hydrant" }, "geometry": { "type": "Point", "coordinates": [ 2622130.935193229001015, 1259410.622168415691704 ] } },
{ "type": "Feature", "properties": { "element": "node", "id": 4729397249, "emergency": "fire_hydrant" }, "geometry": { "type": "Point", "coordinates": [ 2622027.219618561677635, 1259390.32236315519549 ] } },
{ "type": "Feature", "properties": { "element": "node", "id": 4729407676, "emergency": "fire_hydrant" }, "geometry": { "type": "Point", "coordinates": [ 2621984.655708107165992, 1259460.167534943902865 ] } },
{ "type": "Feature", "properties": { "element": "node", "id": 4882050302, "emergency": "fire_hydrant" }, "geometry": { "type": "Point", "coordinates": [ 2608105.731850271113217, 1266090.796132968971506 ] } },
{ "type": "Feature", "properties": { "element": "node", "id": 4895799979, "emergency": "fire_hydrant" }, "geometry": { "type": "Point", "coordinates": [ 2608116.807759373448789, 1266404.351495602400973 ] } },
{ "type": "Feature", "properties": { "element": "node", "id": 4909489714, "emergency": "fire_hydrant" }, "geometry": { "type": "Point", "coordinates": [ 2607342.110178195405751, 1266606.120970397954807 ] } },
{ "type": "Feature", "properties": { "element": "node", "id": 5005083124, "emergency": "fire_hydrant" }, "geometry": { "type": "Point", "coordinates": [ 2607968.388132873922586, 1263831.082037354120985 ] } },
{ "type": "Feature", "properties": { "element": "node", "id": 5037536248, "emergency": "fire_hydrant" }, "geometry": { "type": "Point", "coordinates": [ 2611800.188937644474208, 1261657.610672975657508 ] } },
{ "type": "Feature", "properties": { "element": "node", "id": 5037536696, "emergency": "fire_hydrant" }, "geometry": { "type": "Point", "coordinates": [ 2611781.258342417888343, 1261717.258276731939986 ] } },
{ "type": "Feature", "properties": { "element": "node", "id": 5109148975, "emergency": "fire_hydrant" }, "geometry": { "type": "Point", "coordinates": [ 2610511.790601179469377, 1261340.534371464746073 ] } },
{ "type": "Feature", "properties": { "element": "node", "id": 5357771826, "emergency": "fire_hydrant" }, "geometry": { "type": "Point", "coordinates": [ 2623439.722544443793595, 1249095.248543338151649 ] } },
{ "type": "Feature", "properties": { "element": "node", "id": 5357782706, "emergency": "fire_hydrant" }, "geometry": { "type": "Point", "coordinates": [ 2623809.999520098324865, 1248997.957525517558679 ] } },
{ "type": "Feature", "properties": { "element": "node", "id": 5368095331, "emergency": "fire_hydrant" }, "geometry": { "type": "Point", "coordinates": [ 2607742.919078372884542, 1267325.085072434972972 ] } },
{ "type": "Feature", "properties": { "element": "node", "id": 5408443615, "emergency": "fire_hydrant" }, "geometry": { "type": "Point", "coordinates": [ 2609006.122532281558961, 1263704.53949959622696 ] } },
{ "type": "Feature", "properties": { "element": "node", "id": 5408477604, "emergency": "fire_hydrant" }, "geometry": { "type": "Point", "coordinates": [ 2609328.50701170694083, 1262894.346221171552315 ] } },
{ "type": "Feature", "properties": { "element": "node", "id": 5409734979, "emergency": "fire_hydrant" }, "geometry": { "type": "Point", "coordinates": [ 2608957.210845823865384, 1263801.654767832485959 ] } },
{ "type": "Feature", "properties": { "element": "node", "id": 5409737291, "emergency": "fire_hydrant" }, "geometry": { "type": "Point", "coordinates": [ 2609015.238614330068231, 1263985.913559908047318 ] } },
{ "type": "Feature", "properties": { "element": "node", "id": 5409738862, "emergency": "fire_hydrant" }, "geometry": { "type": "Point", "coordinates": [ 2608980.736921653617173, 1263907.485231991391629 ] } },
{ "type": "Feature", "properties": { "element": "node", "id": 5409747782, "emergency": "fire_hydrant" }, "geometry": { "type": "Point", "coordinates": [ 2609381.355684161186218, 1264608.508350947406143 ] } },
{ "type": "Feature", "properties": { "element": "node", "id": 5410491698, "emergency": "fire_hydrant" }, "geometry": { "type": "Point", "coordinates": [ 2609047.706172397360206, 1263757.071976261213422 ] } },
{ "type": "Feature", "properties": { "element": "node", "id": 5410491699, "emergency": "fire_hydrant" }, "geometry": { "type": "Point", "coordinates": [ 2609050.558262431062758, 1264090.416868953965604 ] } },
{ "type": "Feature", "properties": { "element": "node", "id": 5413255008, "emergency": "fire_hydrant" }, "geometry": { "type": "Point", "coordinates": [ 2610212.195469716563821, 1265672.890706097707152 ] } },
{ "type": "Feature", "properties": { "element": "node", "id": 5520560708, "emergency": "fire_hydrant" }, "geometry": { "type": "Point", "coordinates": [ 2611943.247531241271645, 1256815.940474790288135 ] } },
{ "type": "Feature", "properties": { "element": "node", "id": 5548828567, "emergency": "fire_hydrant" }, "geometry": { "type": "Point", "coordinates": [ 2611687.330870520789176, 1255877.38517972198315 ] } },
{ "type": "Feature", "properties": { "element": "node", "id": 5673453971, "emergency": "fire_hydrant" }, "geometry": { "type": "Point", "coordinates": [ 2607422.243351913522929, 1266816.644616404315457 ] } },
{ "type": "Feature", "properties": { "element": "node", "id": 5673453972, "emergency": "fire_hydrant" }, "geometry": { "type": "Point", "coordinates": [ 2607481.215635593514889, 1266880.418321523116902 ] } },
{ "type": "Feature", "properties": { "element": "node", "id": 5747798394, "emergency": "fire_hydrant" }, "geometry": { "type": "Point", "coordinates": [ 2617066.046223023440689, 1262561.479546444956213 ] } },
{ "type": "Feature", "properties": { "element": "node", "id": 5777921158, "emergency": "fire_hydrant" }, "geometry": { "type": "Point", "coordinates": [ 2613497.56366225425154, 1263302.538160566007718 ] } },
{ "type": "Feature", "properties": { "element": "node", "id": 5777921159, "emergency": "fire_hydrant" }, "geometry": { "type": "Point", "coordinates": [ 2613470.184431348927319, 1263402.478106381371617 ] } },
{ "type": "Feature", "properties": { "element": "node", "id": 5790094056, "emergency": "fire_hydrant" }, "geometry": { "type": "Point", "coordinates": [ 2613887.907072268426418, 1262138.883907678537071 ] } },
{ "type": "Feature", "properties": { "element": "node", "id": 5792883463, "emergency": "fire_hydrant" }, "geometry": { "type": "Point", "coordinates": [ 2613840.394160466268659, 1262765.724811965133995 ] } },
{ "type": "Feature", "properties": { "element": "node", "id": 5792947155, "emergency": "fire_hydrant" }, "geometry": { "type": "Point", "coordinates": [ 2613218.569262712262571, 1264096.591277403524145 ] } },
{ "type": "Feature", "properties": { "element": "node", "id": 5792947460, "emergency": "fire_hydrant" }, "geometry": { "type": "Point", "coordinates": [ 2613239.439642382785678, 1264017.883437640732154 ] } },
{ "type": "Feature", "properties": { "element": "node", "id": 5793100426, "emergency": "fire_hydrant" }, "geometry": { "type": "Point", "coordinates": [ 2612829.539493910502642, 1262736.725287363864481 ] } },
{ "type": "Feature", "properties": { "element": "node", "id": 5793100484, "emergency": "fire_hydrant" }, "geometry": { "type": "Point", "coordinates": [ 2612925.890889494214207, 1262742.849370725685731 ] } },
{ "type": "Feature", "properties": { "element": "node", "id": 5793113803, "emergency": "fire_hydrant" }, "geometry": { "type": "Point", "coordinates": [ 2613187.923393324017525, 1263168.728596249362454 ] } },
{ "type": "Feature", "properties": { "element": "node", "id": 5793113806, "emergency": "fire_hydrant" }, "geometry": { "type": "Point", "coordinates": [ 2613170.414106758311391, 1263075.792572196107358 ] } },
{ "type": "Feature", "properties": { "element": "node", "id": 5793113809, "emergency": "fire_hydrant" }, "geometry": { "type": "Point", "coordinates": [ 2613083.033242987468839, 1262867.245245868572965 ] } },
{ "type": "Feature", "properties": { "element": "node", "id": 5793166473, "emergency": "fire_hydrant" }, "geometry": { "type": "Point", "coordinates": [ 2613437.125584748573601, 1263273.536772289546207 ] } },
{ "type": "Feature", "properties": { "element": "node", "id": 5793181475, "emergency": "fire_hydrant" }, "geometry": { "type": "Point", "coordinates": [ 2613390.024913209956139, 1263428.7149588461034 ] } },
{ "type": "Feature", "properties": { "element": "node", "id": 5793181476, "emergency": "fire_hydrant" }, "geometry": { "type": "Point", "coordinates": [ 2613237.052346020005643, 1263440.224543978925794 ] } },
{ "type": "Feature", "properties": { "element": "node", "id": 5793181477, "emergency": "fire_hydrant" }, "geometry": { "type": "Point", "coordinates": [ 2613345.372186368796974, 1263527.938340772874653 ] } },
{ "type": "Feature", "properties": { "element": "node", "id": 5793181478, "emergency": "fire_hydrant" }, "geometry": { "type": "Point", "coordinates": [ 2613287.636062769219279, 1263712.502710936591029 ] } },
{ "type": "Feature", "properties": { "element": "node", "id": 5793181479, "emergency": "fire_hydrant" }, "geometry": { "type": "Point", "coordinates": [ 2613233.328601717017591, 1263850.476590579608455 ] } },
{ "type": "Feature", "properties": { "element": "node", "id": 5793181480, "emergency": "fire_hydrant" }, "geometry": { "type": "Point", "coordinates": [ 2613154.769821742549539, 1264109.202818925026804 ] } },
{ "type": "Feature", "properties": { "element": "node", "id": 5793181481, "emergency": "fire_hydrant" }, "geometry": { "type": "Point", "coordinates": [ 2612998.426328406669199, 1264282.456108119338751 ] } },
{ "type": "Feature", "properties": { "element": "node", "id": 5793181482, "emergency": "fire_hydrant" }, "geometry": { "type": "Point", "coordinates": [ 2613017.774675202555954, 1264315.832634861813858 ] } },
{ "type": "Feature", "properties": { "element": "node", "id": 5793181518, "emergency": "fire_hydrant" }, "geometry": { "type": "Point", "coordinates": [ 2613024.860370740760118, 1263420.03061796631664 ] } },
{ "type": "Feature", "properties": { "element": "node", "id": 5793181519, "emergency": "fire_hydrant" }, "geometry": { "type": "Point", "coordinates": [ 2612982.302747094072402, 1263573.109503064770252 ] } },
{ "type": "Feature", "properties": { "element": "node", "id": 5793181520, "emergency": "fire_hydrant" }, "geometry": { "type": "Point", "coordinates": [ 2613006.824934293050319, 1263631.803542678710073 ] } },
{ "type": "Feature", "properties": { "element": "node", "id": 5793181521, "emergency": "fire_hydrant" }, "geometry": { "type": "Point", "coordinates": [ 2613068.326622035820037, 1263614.837915296666324 ] } },
{ "type": "Feature", "properties": { "element": "node", "id": 5793181522, "emergency": "fire_hydrant" }, "geometry": { "type": "Point", "coordinates": [ 2613140.529139893129468, 1263731.410785282729194 ] } },
{ "type": "Feature", "properties": { "element": "node", "id": 5793181523, "emergency": "fire_hydrant" }, "geometry": { "type": "Point", "coordinates": [ 2613086.587522294837981, 1263858.801749585662037 ] } },
{ "type": "Feature", "properties": { "element": "node", "id": 5793659497, "emergency": "fire_hydrant" }, "geometry": { "type": "Point", "coordinates": [ 2612736.295170232653618, 1262718.278760948451236 ] } },
{ "type": "Feature", "properties": { "element": "node", "id": 5793659498, "emergency": "fire_hydrant" }, "geometry": { "type": "Point", "coordinates": [ 2612662.940611793193966, 1262733.232282205950469 ] } },
{ "type": "Feature", "properties": { "element": "node", "id": 5793659499, "emergency": "fire_hydrant" }, "geometry": { "type": "Point", "coordinates": [ 2612490.527486927807331, 1262808.018767521250993 ] } },
{ "type": "Feature", "properties": { "element": "node", "id": 5793659501, "emergency": "fire_hydrant" }, "geometry": { "type": "Point", "coordinates": [ 2612281.562836707569659, 1262967.114737024763599 ] } },
{ "type": "Feature", "properties": { "element": "node", "id": 5793659523, "emergency": "fire_hydrant" }, "geometry": { "type": "Point", "coordinates": [ 2612217.28377719130367, 1263061.502632605610415 ] } },
{ "type": "Feature", "properties": { "element": "node", "id": 5793683409, "emergency": "fire_hydrant" }, "geometry": { "type": "Point", "coordinates": [ 2612226.686098287813365, 1263144.634605379775167 ] } },
{ "type": "Feature", "properties": { "element": "node", "id": 5793683448, "emergency": "fire_hydrant" }, "geometry": { "type": "Point", "coordinates": [ 2612309.639857478439808, 1263245.030332072870806 ] } },
{ "type": "Feature", "properties": { "element": "node", "id": 5793723518, "emergency": "fire_hydrant" }, "geometry": { "type": "Point", "coordinates": [ 2612521.547033949289471, 1263740.213651034515351 ] } },
{ "type": "Feature", "properties": { "element": "node", "id": 5793723537, "emergency": "fire_hydrant" }, "geometry": { "type": "Point", "coordinates": [ 2612510.248223218601197, 1263884.088989438954741 ] } },
{ "type": "Feature", "properties": { "element": "node", "id": 5793723543, "emergency": "fire_hydrant" }, "geometry": { "type": "Point", "coordinates": [ 2612643.710853476542979, 1263772.950403976021335 ] } },
{ "type": "Feature", "properties": { "element": "node", "id": 5793886461, "emergency": "fire_hydrant" }, "geometry": { "type": "Point", "coordinates": [ 2612689.226955115795135, 1262804.915281453635544 ] } },
{ "type": "Feature", "properties": { "element": "node", "id": 5793886478, "emergency": "fire_hydrant" }, "geometry": { "type": "Point", "coordinates": [ 2612555.789518793579191, 1262786.508175481576473 ] } },
{ "type": "Feature", "properties": { "element": "node", "id": 5793886498, "emergency": "fire_hydrant" }, "geometry": { "type": "Point", "coordinates": [ 2612541.986533253919333, 1262702.476971313823014 ] } },
{ "type": "Feature", "properties": { "element": "node", "id": 5793886499, "emergency": "fire_hydrant" }, "geometry": { "type": "Point", "coordinates": [ 2612534.93606856605038, 1262627.46623941254802 ] } },
{ "type": "Feature", "properties": { "element": "node", "id": 5793917942, "emergency": "fire_hydrant" }, "geometry": { "type": "Point", "coordinates": [ 2612424.912105877883732, 1262739.400867623509839 ] } },
{ "type": "Feature", "properties": { "element": "node", "id": 5793918777, "emergency": "fire_hydrant" }, "geometry": { "type": "Point", "coordinates": [ 2612412.72251713136211, 1262675.387074143392965 ] } },
{ "type": "Feature", "properties": { "element": "node", "id": 5793973547, "emergency": "fire_hydrant" }, "geometry": { "type": "Point", "coordinates": [ 2612581.863574035000056, 1262891.346339875599369 ] } },
{ "type": "Feature", "properties": { "element": "node", "id": 5793973548, "emergency": "fire_hydrant" }, "geometry": { "type": "Point", "coordinates": [ 2612488.332848828285933, 1262888.113545445492491 ] } },
{ "type": "Feature", "properties": { "element": "node", "id": 5799826104, "emergency": "fire_hydrant" }, "geometry": { "type": "Point", "coordinates": [ 2613134.885067598894238, 1262530.784451699350029 ] } },
{ "type": "Feature", "properties": { "element": "node", "id": 5892918886, "emergency": "fire_hydrant" }, "geometry": { "type": "Point", "coordinates": [ 2609060.888439191970974, 1267137.646373062860221 ] } },
{ "type": "Feature", "properties": { "element": "node", "id": 5892918887, "emergency": "fire_hydrant" }, "geometry": { "type": "Point", "coordinates": [ 2609102.685690357349813, 1267186.888984456192702 ] } },
{ "type": "Feature", "properties": { "element": "node", "id": 5893486565, "emergency": "fire_hydrant" }, "geometry": { "type": "Point", "coordinates": [ 2609239.77069908939302, 1266994.854958336101845 ] } },
{ "type": "Feature", "properties": { "element": "node", "id": 5893486566, "emergency": "fire_hydrant" }, "geometry": { "type": "Point", "coordinates": [ 2609060.706377514638007, 1267143.516863495111465 ] } },
{ "type": "Feature", "properties": { "element": "node", "id": 5893497333, "emergency": "fire_hydrant" }, "geometry": { "type": "Point", "coordinates": [ 2609009.685629058629274, 1267090.769254862796515 ] } },
{ "type": "Feature", "properties": { "element": "node", "id": 5893497503, "emergency": "fire_hydrant" }, "geometry": { "type": "Point", "coordinates": [ 2608992.161768851336092, 1267061.48898065299727 ] } },
{ "type": "Feature", "properties": { "element": "node", "id": 5893497717, "emergency": "fire_hydrant" }, "geometry": { "type": "Point", "coordinates": [ 2609126.143738700542599, 1267081.13991876016371 ] } },
{ "type": "Feature", "properties": { "element": "node", "id": 5893497723, "emergency": "fire_hydrant" }, "geometry": { "type": "Point", "coordinates": [ 2609179.601339037064463, 1267032.065622740658 ] } },
{ "type": "Feature", "properties": { "element": "node", "id": 6343141742, "emergency": "fire_hydrant" }, "geometry": { "type": "Point", "coordinates": [ 2610753.824921095278114, 1264996.832159649580717 ] } },
{ "type": "Feature", "properties": { "element": "node", "id": 6466396055, "emergency": "fire_hydrant" }, "geometry": { "type": "Point", "coordinates": [ 2628110.405961450655013, 1256897.55266798264347 ] } },
{ "type": "Feature", "properties": { "element": "node", "id": 6520749399, "emergency": "fire_hydrant" }, "geometry": { "type": "Point", "coordinates": [ 2615695.506741458550096, 1249540.525950565002859 ] } },
{ "type": "Feature", "properties": { "element": "node", "id": 6520749400, "emergency": "fire_hydrant" }, "geometry": { "type": "Point", "coordinates": [ 2615987.901368132326752, 1249499.766916549997404 ] } },
{ "type": "Feature", "properties": { "element": "node", "id": 6721493406, "emergency": "fire_hydrant" }, "geometry": { "type": "Point", "coordinates": [ 2607758.255783013999462, 1265529.344133632956073 ] } },
{ "type": "Feature", "properties": { "element": "node", "id": 6721493409, "emergency": "fire_hydrant" }, "geometry": { "type": "Point", "coordinates": [ 2607957.777918605599552, 1265623.016484301071614 ] } },
{ "type": "Feature", "properties": { "element": "node", "id": 6780443002, "emergency": "fire_hydrant" }, "geometry": { "type": "Point", "coordinates": [ 2609146.3946503396146, 1267245.541414169594646 ] } },
{ "type": "Feature", "properties": { "element": "node", "id": 6848443695, "emergency": "fire_hydrant" }, "geometry": { "type": "Point", "coordinates": [ 2622059.192695808131248, 1264671.997927601449192 ] } },
{ "type": "Feature", "properties": { "element": "node", "id": 6848443696, "emergency": "fire_hydrant" }, "geometry": { "type": "Point", "coordinates": [ 2621709.042782952077687, 1264543.248903815634549 ] } },
{ "type": "Feature", "properties": { "element": "node", "id": 6848478300, "emergency": "fire_hydrant" }, "geometry": { "type": "Point", "coordinates": [ 2621179.352386084850878, 1264988.765134360641241 ] } },
{ "type": "Feature", "properties": { "element": "node", "id": 6848478301, "emergency": "fire_hydrant" }, "geometry": { "type": "Point", "coordinates": [ 2621316.622591224964708, 1264655.525113715790212 ] } },
{ "type": "Feature", "properties": { "element": "node", "id": 6848483397, "emergency": "fire_hydrant" }, "geometry": { "type": "Point", "coordinates": [ 2621246.673410326242447, 1264844.727926886640489 ] } },
{ "type": "Feature", "properties": { "element": "node", "id": 6920488564, "emergency": "fire_hydrant" }, "geometry": { "type": "Point", "coordinates": [ 2599972.174097840674222, 1256369.201138072647154 ] } },
{ "type": "Feature", "properties": { "element": "node", "id": 6920488566, "emergency": "fire_hydrant" }, "geometry": { "type": "Point", "coordinates": [ 2599909.489422243088484, 1256411.263810961507261 ] } },
{ "type": "Feature", "properties": { "element": "node", "id": 6920488567, "emergency": "fire_hydrant" }, "geometry": { "type": "Point", "coordinates": [ 2599789.838147265836596, 1256331.09285816596821 ] } },
{ "type": "Feature", "properties": { "element": "node", "id": 6920488568, "emergency": "fire_hydrant" }, "geometry": { "type": "Point", "coordinates": [ 2599781.463904269039631, 1256249.728132905904204 ] } },
{ "type": "Feature", "properties": { "element": "node", "id": 6990899153, "emergency": "fire_hydrant" }, "geometry": { "type": "Point", "coordinates": [ 2611671.65786660881713, 1257769.172565748915076 ] } },
{ "type": "Feature", "properties": { "element": "node", "id": 7283242644, "emergency": "fire_hydrant" }, "geometry": { "type": "Point", "coordinates": [ 2611502.868999264668673, 1256825.323879008181393 ] } },
{ "type": "Feature", "properties": { "element": "node", "id": 7283242645, "emergency": "fire_hydrant" }, "geometry": { "type": "Point", "coordinates": [ 2611552.535246026702225, 1256814.034742429153994 ] } },
{ "type": "Feature", "properties": { "element": "node", "id": 7283242646, "emergency": "fire_hydrant" }, "geometry": { "type": "Point", "coordinates": [ 2611590.104832268320024, 1256788.50184290879406 ] } },
{ "type": "Feature", "properties": { "element": "node", "id": 7293116148, "emergency": "fire_hydrant" }, "geometry": { "type": "Point", "coordinates": [ 2611889.228526990395039, 1256431.798370131058618 ] } },
{ "type": "Feature", "properties": { "element": "node", "id": 7293116149, "emergency": "fire_hydrant" }, "geometry": { "type": "Point", "coordinates": [ 2611790.0825778786093, 1256451.569895250257105 ] } },
{ "type": "Feature", "properties": { "element": "node", "id": 7293116150, "emergency": "fire_hydrant" }, "geometry": { "type": "Point", "coordinates": [ 2611747.694848658517003, 1256460.158481075195596 ] } },
{ "type": "Feature", "properties": { "element": "node", "id": 7293116151, "emergency": "fire_hydrant" }, "geometry": { "type": "Point", "coordinates": [ 2611848.737481016665697, 1256502.598145702155307 ] } },
{ "type": "Feature", "properties": { "element": "node", "id": 7293116152, "emergency": "fire_hydrant" }, "geometry": { "type": "Point", "coordinates": [ 2611919.35287534724921, 1256488.518638191977516 ] } },
{ "type": "Feature", "properties": { "element": "node", "id": 7293116153, "emergency": "fire_hydrant" }, "geometry": { "type": "Point", "coordinates": [ 2611673.236169548239559, 1256526.845336126862094 ] } },
{ "type": "Feature", "properties": { "element": "node", "id": 7293116154, "emergency": "fire_hydrant" }, "geometry": { "type": "Point", "coordinates": [ 2611585.197605003137141, 1256505.103308100951836 ] } },
{ "type": "Feature", "properties": { "element": "node", "id": 7293116155, "emergency": "fire_hydrant" }, "geometry": { "type": "Point", "coordinates": [ 2611610.626591709442437, 1256585.095056074671447 ] } },
{ "type": "Feature", "properties": { "element": "node", "id": 7293116156, "emergency": "fire_hydrant" }, "geometry": { "type": "Point", "coordinates": [ 2611682.789516197051853, 1256603.89321785280481 ] } },
{ "type": "Feature", "properties": { "element": "node", "id": 7293116157, "emergency": "fire_hydrant" }, "geometry": { "type": "Point", "coordinates": [ 2611678.630493615753949, 1256663.669362263055518 ] } },
{ "type": "Feature", "properties": { "element": "node", "id": 7727189223, "emergency": "fire_hydrant" }, "geometry": { "type": "Point", "coordinates": [ 2624941.308521534316242, 1255647.673520725918934 ] } },
{ "type": "Feature", "properties": { "element": "node", "id": 8023199442, "emergency": "fire_hydrant" }, "geometry": { "type": "Point", "coordinates": [ 2613355.582670565694571, 1263180.766913027269766 ] } },
{ "type": "Feature", "properties": { "element": "node", "id": 8124522904, "emergency": "fire_hydrant" }, "geometry": { "type": "Point", "coordinates": [ 2613046.358840023633093, 1260750.474470639368519 ] } },
{ "type": "Feature", "properties": { "element": "node", "id": 8124555755, "emergency": "fire_hydrant" }, "geometry": { "type": "Point", "coordinates": [ 2612781.279663322959095, 1260428.313219182658941 ] } },
{ "type": "Feature", "properties": { "element": "node", "id": 8198216541, "emergency": "fire_hydrant" }, "geometry": { "type": "Point", "coordinates": [ 2631638.467463086359203, 1257008.935900988988578 ] } },
{ "type": "Feature", "properties": { "element": "node", "id": 8208789904, "emergency": "fire_hydrant" }, "geometry": { "type": "Point", "coordinates": [ 2631688.218610219657421, 1257048.117135044187307 ] } },
{ "type": "Feature", "properties": { "element": "node", "id": 8252481489, "emergency": "fire_hydrant" }, "geometry": { "type": "Point", "coordinates": [ 2631669.646599856670946, 1257343.085354998707771 ] } },
{ "type": "Feature", "properties": { "element": "node", "id": 8252491509, "emergency": "fire_hydrant" }, "geometry": { "type": "Point", "coordinates": [ 2631786.687127637211233, 1257410.135183021426201 ] } },
{ "type": "Feature", "properties": { "element": "node", "id": 8252506699, "emergency": "fire_hydrant" }, "geometry": { "type": "Point", "coordinates": [ 2631570.41487222770229, 1257180.756706271087751 ] } },
{ "type": "Feature", "properties": { "element": "node", "id": 8256790028, "emergency": "fire_hydrant" }, "geometry": { "type": "Point", "coordinates": [ 2630873.090851580258459, 1257299.16516875452362 ] } },
{ "type": "Feature", "properties": { "element": "node", "id": 8261503700, "emergency": "fire_hydrant" }, "geometry": { "type": "Point", "coordinates": [ 2632297.432291848119348, 1256812.989004926988855 ] } },
{ "type": "Feature", "properties": { "element": "node", "id": 8261533208, "emergency": "fire_hydrant" }, "geometry": { "type": "Point", "coordinates": [ 2632136.694403368979692, 1256765.739005573093891 ] } },
{ "type": "Feature", "properties": { "element": "node", "id": 8261539880, "emergency": "fire_hydrant" }, "geometry": { "type": "Point", "coordinates": [ 2632297.59744440484792, 1256745.343903894303367 ] } },
{ "type": "Feature", "properties": { "element": "node", "id": 8261549112, "emergency": "fire_hydrant" }, "geometry": { "type": "Point", "coordinates": [ 2632066.491788122802973, 1256845.401958534028381 ] } },
{ "type": "Feature", "properties": { "element": "node", "id": 8261560674, "emergency": "fire_hydrant" }, "geometry": { "type": "Point", "coordinates": [ 2632008.88770944904536, 1256950.751229546032846 ] } },
{ "type": "Feature", "properties": { "element": "node", "id": 8261563239, "emergency": "fire_hydrant" }, "geometry": { "type": "Point", "coordinates": [ 2632323.483685730025172, 1256634.787596657173708 ] } },
{ "type": "Feature", "properties": { "element": "node", "id": 8261571579, "emergency": "fire_hydrant" }, "geometry": { "type": "Point", "coordinates": [ 2632154.702910078689456, 1256914.037498375400901 ] } },
{ "type": "Feature", "properties": { "element": "node", "id": 8261582949, "emergency": "fire_hydrant" }, "geometry": { "type": "Point", "coordinates": [ 2632087.303060668054968, 1256998.552067587850615 ] } },
{ "type": "Feature", "properties": { "element": "node", "id": 8261591834, "emergency": "fire_hydrant" }, "geometry": { "type": "Point", "coordinates": [ 2632140.95020002964884, 1256838.856235524872318 ] } },
{ "type": "Feature", "properties": { "element": "node", "id": 8261601196, "emergency": "fire_hydrant" }, "geometry": { "type": "Point", "coordinates": [ 2632231.168643101584166, 1256761.515628341585398 ] } },
{ "type": "Feature", "properties": { "element": "node", "id": 8261609531, "emergency": "fire_hydrant" }, "geometry": { "type": "Point", "coordinates": [ 2632356.903522407636046, 1256699.691782418638468 ] } },
{ "type": "Feature", "properties": { "element": "node", "id": 8261623254, "emergency": "fire_hydrant" }, "geometry": { "type": "Point", "coordinates": [ 2632077.723748044576496, 1256936.502457593102008 ] } },
{ "type": "Feature", "properties": { "element": "node", "id": 8261637917, "emergency": "fire_hydrant" }, "geometry": { "type": "Point", "coordinates": [ 2632197.811684438958764, 1256722.318851015996188 ] } },
{ "type": "Feature", "properties": { "element": "node", "id": 8263821506, "emergency": "fire_hydrant" }, "geometry": { "type": "Point", "coordinates": [ 2631743.119174082297832, 1256954.958561560837552 ] } },
{ "type": "Feature", "properties": { "element": "node", "id": 8263841404, "emergency": "fire_hydrant" }, "geometry": { "type": "Point", "coordinates": [ 2631872.789089153520763, 1256985.497215226991102 ] } },
{ "type": "Feature", "properties": { "element": "node", "id": 8263878666, "emergency": "fire_hydrant" }, "geometry": { "type": "Point", "coordinates": [ 2631797.320665908046067, 1257330.960483371745795 ] } },
{ "type": "Feature", "properties": { "element": "node", "id": 8263883646, "emergency": "fire_hydrant" }, "geometry": { "type": "Point", "coordinates": [ 2631588.897468168754131, 1257051.622846557991579 ] } },
{ "type": "Feature", "properties": { "element": "node", "id": 8263883993, "emergency": "fire_hydrant" }, "geometry": { "type": "Point", "coordinates": [ 2631787.407144841738045, 1257030.002440555486828 ] } },
{ "type": "Feature", "properties": { "element": "node", "id": 8263926106, "emergency": "fire_hydrant" }, "geometry": { "type": "Point", "coordinates": [ 2632083.732446282636374, 1256686.009096471359953 ] } },
{ "type": "Feature", "properties": { "element": "node", "id": 8263939017, "emergency": "fire_hydrant" }, "geometry": { "type": "Point", "coordinates": [ 2631940.709171696566045, 1256841.69826670922339 ] } },
{ "type": "Feature", "properties": { "element": "node", "id": 8263993678, "emergency": "fire_hydrant" }, "geometry": { "type": "Point", "coordinates": [ 2631561.569757997523993, 1257322.450519438832998 ] } },
{ "type": "Feature", "properties": { "element": "node", "id": 8263998421, "emergency": "fire_hydrant" }, "geometry": { "type": "Point", "coordinates": [ 2631632.479118034709245, 1257146.208448849152774 ] } },
{ "type": "Feature", "properties": { "element": "node", "id": 8264317499, "emergency": "fire_hydrant" }, "geometry": { "type": "Point", "coordinates": [ 2631941.017588946036994, 1257497.757730172714218 ] } },
{ "type": "Feature", "properties": { "element": "node", "id": 8264323652, "emergency": "fire_hydrant" }, "geometry": { "type": "Point", "coordinates": [ 2632311.50677783973515, 1257680.40122130792588 ] } },
{ "type": "Feature", "properties": { "element": "node", "id": 8264324100, "emergency": "fire_hydrant" }, "geometry": { "type": "Point", "coordinates": [ 2631992.557792959269136, 1257503.283857046393678 ] } },
{ "type": "Feature", "properties": { "element": "node", "id": 8264347505, "emergency": "fire_hydrant" }, "geometry": { "type": "Point", "coordinates": [ 2631946.273264048621058, 1257610.885426934110001 ] } },
{ "type": "Feature", "properties": { "element": "node", "id": 8264356671, "emergency": "fire_hydrant" }, "geometry": { "type": "Point", "coordinates": [ 2631774.880623826757073, 1257480.330844782292843 ] } },
{ "type": "Feature", "properties": { "element": "node", "id": 8264362650, "emergency": "fire_hydrant" }, "geometry": { "type": "Point", "coordinates": [ 2632175.236037807073444, 1257638.531452202470973 ] } },
{ "type": "Feature", "properties": { "element": "node", "id": 8264370859, "emergency": "fire_hydrant" }, "geometry": { "type": "Point", "coordinates": [ 2631501.22147054458037, 1257338.151364683872089 ] } },
{ "type": "Feature", "properties": { "element": "node", "id": 8264378159, "emergency": "fire_hydrant" }, "geometry": { "type": "Point", "coordinates": [ 2631508.752549576107413, 1257215.007548189722002 ] } },
{ "type": "Feature", "properties": { "element": "node", "id": 8264383553, "emergency": "fire_hydrant" }, "geometry": { "type": "Point", "coordinates": [ 2631862.532348599284887, 1257539.675078161759302 ] } },
{ "type": "Feature", "properties": { "element": "node", "id": 8266162673, "emergency": "fire_hydrant" }, "geometry": { "type": "Point", "coordinates": [ 2631958.750122123397887, 1257172.153659365372732 ] } },
{ "type": "Feature", "properties": { "element": "node", "id": 8266164490, "emergency": "fire_hydrant" }, "geometry": { "type": "Point", "coordinates": [ 2630937.697286903392524, 1258946.526807648828253 ] } },
{ "type": "Feature", "properties": { "element": "node", "id": 8266187714, "emergency": "fire_hydrant" }, "geometry": { "type": "Point", "coordinates": [ 2632301.342431970406324, 1256541.114394030533731 ] } },
{ "type": "Feature", "properties": { "element": "node", "id": 8266189621, "emergency": "fire_hydrant" }, "geometry": { "type": "Point", "coordinates": [ 2631068.436006388626993, 1259037.306207788642496 ] } },
{ "type": "Feature", "properties": { "element": "node", "id": 8266194174, "emergency": "fire_hydrant" }, "geometry": { "type": "Point", "coordinates": [ 2631957.538778263144195, 1256458.695432680426165 ] } },
{ "type": "Feature", "properties": { "element": "node", "id": 8266194436, "emergency": "fire_hydrant" }, "geometry": { "type": "Point", "coordinates": [ 2632408.975118313916028, 1256682.342169749550521 ] } },
{ "type": "Feature", "properties": { "element": "node", "id": 8266194478, "emergency": "fire_hydrant" }, "geometry": { "type": "Point", "coordinates": [ 2632172.722479131538421, 1256575.493995683267713 ] } },
{ "type": "Feature", "properties": { "element": "node", "id": 8266194739, "emergency": "fire_hydrant" }, "geometry": { "type": "Point", "coordinates": [ 2631047.289043792989105, 1259213.549627971369773 ] } },
{ "type": "Feature", "properties": { "element": "node", "id": 8266198241, "emergency": "fire_hydrant" }, "geometry": { "type": "Point", "coordinates": [ 2631071.484325662720948, 1259148.776418985100463 ] } },
{ "type": "Feature", "properties": { "element": "node", "id": 8266201334, "emergency": "fire_hydrant" }, "geometry": { "type": "Point", "coordinates": [ 2631131.727034314535558, 1259265.583806991577148 ] } },
{ "type": "Feature", "properties": { "element": "node", "id": 8266201955, "emergency": "fire_hydrant" }, "geometry": { "type": "Point", "coordinates": [ 2632031.065523864235729, 1256738.348797106184065 ] } },
{ "type": "Feature", "properties": { "element": "node", "id": 8266201965, "emergency": "fire_hydrant" }, "geometry": { "type": "Point", "coordinates": [ 2632005.584305167198181, 1256438.585371902678162 ] } },
{ "type": "Feature", "properties": { "element": "node", "id": 8266205461, "emergency": "fire_hydrant" }, "geometry": { "type": "Point", "coordinates": [ 2632527.493377280421555, 1256424.793956150300801 ] } },
{ "type": "Feature", "properties": { "element": "node", "id": 8266210522, "emergency": "fire_hydrant" }, "geometry": { "type": "Point", "coordinates": [ 2630853.50343911908567, 1259390.492480918532237 ] } },
{ "type": "Feature", "properties": { "element": "node", "id": 8266212254, "emergency": "fire_hydrant" }, "geometry": { "type": "Point", "coordinates": [ 2631040.812027445062995, 1259293.125874632038176 ] } },
{ "type": "Feature", "properties": { "element": "node", "id": 8266212255, "emergency": "fire_hydrant" }, "geometry": { "type": "Point", "coordinates": [ 2632111.426692835520953, 1256576.473488917108625 ] } },
{ "type": "Feature", "properties": { "element": "node", "id": 8266212323, "emergency": "fire_hydrant" }, "geometry": { "type": "Point", "coordinates": [ 2632007.598510739393532, 1256515.214932688511908 ] } },
{ "type": "Feature", "properties": { "element": "node", "id": 8266212330, "emergency": "fire_hydrant" }, "geometry": { "type": "Point", "coordinates": [ 2631092.083718709181994, 1259384.290547649376094 ] } },
{ "type": "Feature", "properties": { "element": "node", "id": 8266212352, "emergency": "fire_hydrant" }, "geometry": { "type": "Point", "coordinates": [ 2631095.04879697971046, 1259359.311171000823379 ] } },
{ "type": "Feature", "properties": { "element": "node", "id": 8266214939, "emergency": "fire_hydrant" }, "geometry": { "type": "Point", "coordinates": [ 2631960.15155154466629, 1256386.716220925794914 ] } },
{ "type": "Feature", "properties": { "element": "node", "id": 8266214945, "emergency": "fire_hydrant" }, "geometry": { "type": "Point", "coordinates": [ 2631881.839511503465474, 1256469.372946856776252 ] } },
{ "type": "Feature", "properties": { "element": "node", "id": 8266215017, "emergency": "fire_hydrant" }, "geometry": { "type": "Point", "coordinates": [ 2632032.352068929001689, 1256613.348589948145673 ] } },
{ "type": "Feature", "properties": { "element": "node", "id": 8266216001, "emergency": "fire_hydrant" }, "geometry": { "type": "Point", "coordinates": [ 2631042.263653539586812, 1259401.563488037325442 ] } },
{ "type": "Feature", "properties": { "element": "node", "id": 8266218983, "emergency": "fire_hydrant" }, "geometry": { "type": "Point", "coordinates": [ 2632062.831169614568353, 1256475.397423166316003 ] } },
{ "type": "Feature", "properties": { "element": "node", "id": 8266223232, "emergency": "fire_hydrant" }, "geometry": { "type": "Point", "coordinates": [ 2631748.290318449959159, 1256555.559316959697753 ] } },
{ "type": "Feature", "properties": { "element": "node", "id": 8266223285, "emergency": "fire_hydrant" }, "geometry": { "type": "Point", "coordinates": [ 2631240.537631352897733, 1259217.790199864190072 ] } },
{ "type": "Feature", "properties": { "element": "node", "id": 8266223643, "emergency": "fire_hydrant" }, "geometry": { "type": "Point", "coordinates": [ 2631868.482633803971112, 1256809.054085978539661 ] } },
{ "type": "Feature", "properties": { "element": "node", "id": 8266223701, "emergency": "fire_hydrant" }, "geometry": { "type": "Point", "coordinates": [ 2631211.96506217494607, 1259460.695367401000112 ] } },
{ "type": "Feature", "properties": { "element": "node", "id": 8266232836, "emergency": "fire_hydrant" }, "geometry": { "type": "Point", "coordinates": [ 2631842.042899263557047, 1256423.783715760335326 ] } },
{ "type": "Feature", "properties": { "element": "node", "id": 8266235921, "emergency": "fire_hydrant" }, "geometry": { "type": "Point", "coordinates": [ 2631163.11175696644932, 1259140.996571080060676 ] } },
{ "type": "Feature", "properties": { "element": "node", "id": 8266236086, "emergency": "fire_hydrant" }, "geometry": { "type": "Point", "coordinates": [ 2631797.464793638326228, 1256739.314291702117771 ] } },
{ "type": "Feature", "properties": { "element": "node", "id": 8266237369, "emergency": "fire_hydrant" }, "geometry": { "type": "Point", "coordinates": [ 2631258.667698284145445, 1259154.39783789915964 ] } },
{ "type": "Feature", "properties": { "element": "node", "id": 8266237819, "emergency": "fire_hydrant" }, "geometry": { "type": "Point", "coordinates": [ 2631319.006950221955776, 1259136.782059546560049 ] } },
{ "type": "Feature", "properties": { "element": "node", "id": 8266237827, "emergency": "fire_hydrant" }, "geometry": { "type": "Point", "coordinates": [ 2631149.222887565847486, 1259398.48921462148428 ] } },
{ "type": "Feature", "properties": { "element": "node", "id": 8266238154, "emergency": "fire_hydrant" }, "geometry": { "type": "Point", "coordinates": [ 2631312.599662038031965, 1259201.036749558756128 ] } },
{ "type": "Feature", "properties": { "element": "node", "id": 8266238293, "emergency": "fire_hydrant" }, "geometry": { "type": "Point", "coordinates": [ 2631277.699254156090319, 1259071.663696674630046 ] } },
{ "type": "Feature", "properties": { "element": "node", "id": 8266238332, "emergency": "fire_hydrant" }, "geometry": { "type": "Point", "coordinates": [ 2631662.382386301644146, 1256962.79885526211001 ] } },
{ "type": "Feature", "properties": { "element": "node", "id": 8266238628, "emergency": "fire_hydrant" }, "geometry": { "type": "Point", "coordinates": [ 2631842.562144661787897, 1256627.446986489230767 ] } },
{ "type": "Feature", "properties": { "element": "node", "id": 8266238671, "emergency": "fire_hydrant" }, "geometry": { "type": "Point", "coordinates": [ 2631256.947269176132977, 1259289.014502401463687 ] } },
{ "type": "Feature", "properties": { "element": "node", "id": 8266238697, "emergency": "fire_hydrant" }, "geometry": { "type": "Point", "coordinates": [ 2631655.007248962298036, 1256714.557429860346019 ] } },
{ "type": "Feature", "properties": { "element": "node", "id": 8266240267, "emergency": "fire_hydrant" }, "geometry": { "type": "Point", "coordinates": [ 2631192.354638730641454, 1259307.420180130051449 ] } },
{ "type": "Feature", "properties": { "element": "node", "id": 8266240685, "emergency": "fire_hydrant" }, "geometry": { "type": "Point", "coordinates": [ 2631636.539526727516204, 1256878.58142678393051 ] } },
{ "type": "Feature", "properties": { "element": "node", "id": 8266240742, "emergency": "fire_hydrant" }, "geometry": { "type": "Point", "coordinates": [ 2631747.652716262731701, 1256825.139020315371454 ] } },
{ "type": "Feature", "properties": { "element": "node", "id": 8266242755, "emergency": "fire_hydrant" }, "geometry": { "type": "Point", "coordinates": [ 2631215.090369854588062, 1259366.791762412758544 ] } },
{ "type": "Feature", "properties": { "element": "node", "id": 8266245816, "emergency": "fire_hydrant" }, "geometry": { "type": "Point", "coordinates": [ 2631750.726491433102638, 1256668.037627772893757 ] } },
{ "type": "Feature", "properties": { "element": "node", "id": 8266246132, "emergency": "fire_hydrant" }, "geometry": { "type": "Point", "coordinates": [ 2631679.8122085519135, 1256804.00623819231987 ] } },
{ "type": "Feature", "properties": { "element": "node", "id": 8266248340, "emergency": "fire_hydrant" }, "geometry": { "type": "Point", "coordinates": [ 2631202.928690741769969, 1259565.041721508838236 ] } },
{ "type": "Feature", "properties": { "element": "node", "id": 8266248412, "emergency": "fire_hydrant" }, "geometry": { "type": "Point", "coordinates": [ 2631011.715814013499767, 1259482.214524124050513 ] } },
{ "type": "Feature", "properties": { "element": "node", "id": 8266248863, "emergency": "fire_hydrant" }, "geometry": { "type": "Point", "coordinates": [ 2631611.352931919973344, 1256784.283007766818628 ] } },
{ "type": "Feature", "properties": { "element": "node", "id": 8266250808, "emergency": "fire_hydrant" }, "geometry": { "type": "Point", "coordinates": [ 2631560.648345954250544, 1256773.527811330277473 ] } },
{ "type": "Feature", "properties": { "element": "node", "id": 8266252714, "emergency": "fire_hydrant" }, "geometry": { "type": "Point", "coordinates": [ 2631140.66014389321208, 1259834.366115119308233 ] } },
{ "type": "Feature", "properties": { "element": "node", "id": 8266253568, "emergency": "fire_hydrant" }, "geometry": { "type": "Point", "coordinates": [ 2631232.700329608283937, 1259516.231656069634482 ] } },
{ "type": "Feature", "properties": { "element": "node", "id": 8266253883, "emergency": "fire_hydrant" }, "geometry": { "type": "Point", "coordinates": [ 2631486.257748783100396, 1256804.186467870604247 ] } },
{ "type": "Feature", "properties": { "element": "node", "id": 8266253884, "emergency": "fire_hydrant" }, "geometry": { "type": "Point", "coordinates": [ 2631419.527823628392071, 1256840.735094306524843 ] } },
{ "type": "Feature", "properties": { "element": "node", "id": 8266254322, "emergency": "fire_hydrant" }, "geometry": { "type": "Point", "coordinates": [ 2631673.023307564202696, 1256636.622933245263994 ] } },
{ "type": "Feature", "properties": { "element": "node", "id": 8266256362, "emergency": "fire_hydrant" }, "geometry": { "type": "Point", "coordinates": [ 2631160.667949333321303, 1259489.445198216475546 ] } },
{ "type": "Feature", "properties": { "element": "node", "id": 8266256363, "emergency": "fire_hydrant" }, "geometry": { "type": "Point", "coordinates": [ 2631561.907136387657374, 1256613.648157665738836 ] } },
{ "type": "Feature", "properties": { "element": "node", "id": 8266259776, "emergency": "fire_hydrant" }, "geometry": { "type": "Point", "coordinates": [ 2631565.561199235729873, 1256837.875462631462142 ] } },
{ "type": "Feature", "properties": { "element": "node", "id": 8266260604, "emergency": "fire_hydrant" }, "geometry": { "type": "Point", "coordinates": [ 2631192.52332123927772, 1256549.183076576795429 ] } },
{ "type": "Feature", "properties": { "element": "node", "id": 8266262088, "emergency": "fire_hydrant" }, "geometry": { "type": "Point", "coordinates": [ 2631523.657532338984311, 1256883.628062677802518 ] } },
{ "type": "Feature", "properties": { "element": "node", "id": 8266262184, "emergency": "fire_hydrant" }, "geometry": { "type": "Point", "coordinates": [ 2631100.159790229983628, 1259463.932070233393461 ] } },
{ "type": "Feature", "properties": { "element": "node", "id": 8266264341, "emergency": "fire_hydrant" }, "geometry": { "type": "Point", "coordinates": [ 2631108.158981587272137, 1259517.988971451297402 ] } },
{ "type": "Feature", "properties": { "element": "node", "id": 8266264468, "emergency": "fire_hydrant" }, "geometry": { "type": "Point", "coordinates": [ 2631045.295600262004882, 1259593.844814168289304 ] } },
{ "type": "Feature", "properties": { "element": "node", "id": 8266264469, "emergency": "fire_hydrant" }, "geometry": { "type": "Point", "coordinates": [ 2630990.750379052013159, 1259664.696940028108656 ] } },
{ "type": "Feature", "properties": { "element": "node", "id": 8266264470, "emergency": "fire_hydrant" }, "geometry": { "type": "Point", "coordinates": [ 2631004.060179070103914, 1259748.201754814945161 ] } },
{ "type": "Feature", "properties": { "element": "node", "id": 8266270897, "emergency": "fire_hydrant" }, "geometry": { "type": "Point", "coordinates": [ 2631093.931530767586082, 1259455.838275348534808 ] } },
{ "type": "Feature", "properties": { "element": "node", "id": 8266273104, "emergency": "fire_hydrant" }, "geometry": { "type": "Point", "coordinates": [ 2631369.358449232764542, 1256690.456281636375934 ] } },
{ "type": "Feature", "properties": { "element": "node", "id": 8266273742, "emergency": "fire_hydrant" }, "geometry": { "type": "Point", "coordinates": [ 2631475.41719010239467, 1257018.052049420075491 ] } },
{ "type": "Feature", "properties": { "element": "node", "id": 8266274587, "emergency": "fire_hydrant" }, "geometry": { "type": "Point", "coordinates": [ 2631390.438385700341314, 1256605.676958133466542 ] } },
{ "type": "Feature", "properties": { "element": "node", "id": 8266274776, "emergency": "fire_hydrant" }, "geometry": { "type": "Point", "coordinates": [ 2631465.40587557759136, 1256732.293607850093395 ] } },
{ "type": "Feature", "properties": { "element": "node", "id": 8266275339, "emergency": "fire_hydrant" }, "geometry": { "type": "Point", "coordinates": [ 2631146.470508694183081, 1259575.029389579081908 ] } },
{ "type": "Feature", "properties": { "element": "node", "id": 8266275569, "emergency": "fire_hydrant" }, "geometry": { "type": "Point", "coordinates": [ 2631567.938119074795395, 1256962.094775314908475 ] } },
{ "type": "Feature", "properties": { "element": "node", "id": 8266278177, "emergency": "fire_hydrant" }, "geometry": { "type": "Point", "coordinates": [ 2631065.695319382008165, 1259674.762895309133455 ] } },
{ "type": "Feature", "properties": { "element": "node", "id": 8266280434, "emergency": "fire_hydrant" }, "geometry": { "type": "Point", "coordinates": [ 2631196.941707996185869, 1259627.086193355964497 ] } },
{ "type": "Feature", "properties": { "element": "node", "id": 8266282519, "emergency": "fire_hydrant" }, "geometry": { "type": "Point", "coordinates": [ 2631278.077708749566227, 1256586.737007444724441 ] } },
{ "type": "Feature", "properties": { "element": "node", "id": 8266282731, "emergency": "fire_hydrant" }, "geometry": { "type": "Point", "coordinates": [ 2631328.66298065893352, 1256544.864535476779565 ] } },
{ "type": "Feature", "properties": { "element": "node", "id": 8266284127, "emergency": "fire_hydrant" }, "geometry": { "type": "Point", "coordinates": [ 2631016.528979560825974, 1259567.687330941436812 ] } },
{ "type": "Feature", "properties": { "element": "node", "id": 8266284376, "emergency": "fire_hydrant" }, "geometry": { "type": "Point", "coordinates": [ 2631120.676108283456415, 1256674.023599355248734 ] } },
{ "type": "Feature", "properties": { "element": "node", "id": 8266284377, "emergency": "fire_hydrant" }, "geometry": { "type": "Point", "coordinates": [ 2631147.035946298390627, 1256698.756570104043931 ] } },
{ "type": "Feature", "properties": { "element": "node", "id": 8266284393, "emergency": "fire_hydrant" }, "geometry": { "type": "Point", "coordinates": [ 2631318.774225788656622, 1256923.469376553315669 ] } },
{ "type": "Feature", "properties": { "element": "node", "id": 8266284576, "emergency": "fire_hydrant" }, "geometry": { "type": "Point", "coordinates": [ 2631182.552685036323965, 1256791.695230135461316 ] } },
{ "type": "Feature", "properties": { "element": "node", "id": 8266290970, "emergency": "fire_hydrant" }, "geometry": { "type": "Point", "coordinates": [ 2631397.74110331106931, 1259576.356149146566167 ] } },
{ "type": "Feature", "properties": { "element": "node", "id": 8266291433, "emergency": "fire_hydrant" }, "geometry": { "type": "Point", "coordinates": [ 2631040.66990565136075, 1258008.34568405454047 ] } },
{ "type": "Feature", "properties": { "element": "node", "id": 8266301159, "emergency": "fire_hydrant" }, "geometry": { "type": "Point", "coordinates": [ 2631102.628899248782545, 1259763.017308619339019 ] } },
{ "type": "Feature", "properties": { "element": "node", "id": 8266301517, "emergency": "fire_hydrant" }, "geometry": { "type": "Point", "coordinates": [ 2631146.086790516041219, 1256572.332462996477261 ] } },
{ "type": "Feature", "properties": { "element": "node", "id": 8266303737, "emergency": "fire_hydrant" }, "geometry": { "type": "Point", "coordinates": [ 2631248.76169670978561, 1256853.741490920772776 ] } },
{ "type": "Feature", "properties": { "element": "node", "id": 8266303755, "emergency": "fire_hydrant" }, "geometry": { "type": "Point", "coordinates": [ 2631228.798729437869042, 1256688.501887347316369 ] } },
{ "type": "Feature", "properties": { "element": "node", "id": 8266303791, "emergency": "fire_hydrant" }, "geometry": { "type": "Point", "coordinates": [ 2631007.417587358504534, 1257715.672031096648425 ] } },
{ "type": "Feature", "properties": { "element": "node", "id": 8266304765, "emergency": "fire_hydrant" }, "geometry": { "type": "Point", "coordinates": [ 2631034.41744382539764, 1257939.799501818837598 ] } },
{ "type": "Feature", "properties": { "element": "node", "id": 8266305572, "emergency": "fire_hydrant" }, "geometry": { "type": "Point", "coordinates": [ 2631110.690380731597543, 1256764.8995510218665 ] } },
{ "type": "Feature", "properties": { "element": "node", "id": 8266308755, "emergency": "fire_hydrant" }, "geometry": { "type": "Point", "coordinates": [ 2631385.661510874982923, 1256781.471028095344082 ] } },
{ "type": "Feature", "properties": { "element": "node", "id": 8266317615, "emergency": "fire_hydrant" }, "geometry": { "type": "Point", "coordinates": [ 2631084.833731913473457, 1257799.734757506754249 ] } },
{ "type": "Feature", "properties": { "element": "node", "id": 8266317760, "emergency": "fire_hydrant" }, "geometry": { "type": "Point", "coordinates": [ 2631297.113219019491225, 1256697.534872933523729 ] } },
{ "type": "Feature", "properties": { "element": "node", "id": 8266317903, "emergency": "fire_hydrant" }, "geometry": { "type": "Point", "coordinates": [ 2631220.112540239002556, 1256764.263136618072167 ] } },
{ "type": "Feature", "properties": { "element": "node", "id": 8266319523, "emergency": "fire_hydrant" }, "geometry": { "type": "Point", "coordinates": [ 2631363.23381588421762, 1256891.649427248397842 ] } },
{ "type": "Feature", "properties": { "element": "node", "id": 8266324614, "emergency": "fire_hydrant" }, "geometry": { "type": "Point", "coordinates": [ 2631049.296908311080188, 1257866.883220663759857 ] } },
{ "type": "Feature", "properties": { "element": "node", "id": 8266324793, "emergency": "fire_hydrant" }, "geometry": { "type": "Point", "coordinates": [ 2631062.722793779335916, 1257697.415767389815301 ] } },
{ "type": "Feature", "properties": { "element": "node", "id": 8266325335, "emergency": "fire_hydrant" }, "geometry": { "type": "Point", "coordinates": [ 2631176.112242964562029, 1256631.363637472270057 ] } },
{ "type": "Feature", "properties": { "element": "node", "id": 8266330140, "emergency": "fire_hydrant" }, "geometry": { "type": "Point", "coordinates": [ 2631309.19352507404983, 1256784.502146098297089 ] } },
{ "type": "Feature", "properties": { "element": "node", "id": 8266330285, "emergency": "fire_hydrant" }, "geometry": { "type": "Point", "coordinates": [ 2630997.847878203261644, 1257612.396048590773717 ] } },
{ "type": "Feature", "properties": { "element": "node", "id": 8266338841, "emergency": "fire_hydrant" }, "geometry": { "type": "Point", "coordinates": [ 2631241.132569320965558, 1256613.160168730653822 ] } },
{ "type": "Feature", "properties": { "element": "node", "id": 8266339399, "emergency": "fire_hydrant" }, "geometry": { "type": "Point", "coordinates": [ 2631220.11722552170977, 1256916.499900946160778 ] } },
{ "type": "Feature", "properties": { "element": "node", "id": 8266340397, "emergency": "fire_hydrant" }, "geometry": { "type": "Point", "coordinates": [ 2631070.566732781007886, 1257588.9940917766653 ] } },
{ "type": "Feature", "properties": { "element": "node", "id": 8266340659, "emergency": "fire_hydrant" }, "geometry": { "type": "Point", "coordinates": [ 2631516.916967673227191, 1257124.522702923510224 ] } },
{ "type": "Feature", "properties": { "element": "node", "id": 8266340825, "emergency": "fire_hydrant" }, "geometry": { "type": "Point", "coordinates": [ 2631015.386376216076314, 1257816.504687478998676 ] } },
{ "type": "Feature", "properties": { "element": "node", "id": 8266340826, "emergency": "fire_hydrant" }, "geometry": { "type": "Point", "coordinates": [ 2631104.958188184071332, 1256816.893670914927498 ] } },
{ "type": "Feature", "properties": { "element": "node", "id": 8266340920, "emergency": "fire_hydrant" }, "geometry": { "type": "Point", "coordinates": [ 2630977.935454687103629, 1257863.485363277606666 ] } },
{ "type": "Feature", "properties": { "element": "node", "id": 8266340921, "emergency": "fire_hydrant" }, "geometry": { "type": "Point", "coordinates": [ 2631310.072155456524342, 1256963.550658117281273 ] } },
{ "type": "Feature", "properties": { "element": "node", "id": 8266343158, "emergency": "fire_hydrant" }, "geometry": { "type": "Point", "coordinates": [ 2630952.558720930945128, 1257688.967162149725482 ] } },
{ "type": "Feature", "properties": { "element": "node", "id": 8266343831, "emergency": "fire_hydrant" }, "geometry": { "type": "Point", "coordinates": [ 2630994.730610003229231, 1257512.189267705427483 ] } },
{ "type": "Feature", "properties": { "element": "node", "id": 8266345566, "emergency": "fire_hydrant" }, "geometry": { "type": "Point", "coordinates": [ 2631438.6506402133964, 1257048.099636636907235 ] } },
{ "type": "Feature", "properties": { "element": "node", "id": 8266346484, "emergency": "fire_hydrant" }, "geometry": { "type": "Point", "coordinates": [ 2631543.683121408801526, 1257073.663780716946349 ] } },
{ "type": "Feature", "properties": { "element": "node", "id": 8266350289, "emergency": "fire_hydrant" }, "geometry": { "type": "Point", "coordinates": [ 2630798.036928643006831, 1257655.206103760516271 ] } },
{ "type": "Feature", "properties": { "element": "node", "id": 8266351320, "emergency": "fire_hydrant" }, "geometry": { "type": "Point", "coordinates": [ 2631071.291511264164001, 1257489.607966241193935 ] } },
{ "type": "Feature", "properties": { "element": "node", "id": 8266355035, "emergency": "fire_hydrant" }, "geometry": { "type": "Point", "coordinates": [ 2630956.915419355500489, 1257397.680399808101356 ] } },
{ "type": "Feature", "properties": { "element": "node", "id": 8266355036, "emergency": "fire_hydrant" }, "geometry": { "type": "Point", "coordinates": [ 2631484.501797594595701, 1257172.938977251993492 ] } },
{ "type": "Feature", "properties": { "element": "node", "id": 8266365435, "emergency": "fire_hydrant" }, "geometry": { "type": "Point", "coordinates": [ 2630935.920120873022825, 1257466.51767464610748 ] } },
{ "type": "Feature", "properties": { "element": "node", "id": 8266369108, "emergency": "fire_hydrant" }, "geometry": { "type": "Point", "coordinates": [ 2630880.066673612222075, 1257630.126818389398977 ] } },
{ "type": "Feature", "properties": { "element": "node", "id": 8266369439, "emergency": "fire_hydrant" }, "geometry": { "type": "Point", "coordinates": [ 2631424.218586165923625, 1257137.73965508909896 ] } },
{ "type": "Feature", "properties": { "element": "node", "id": 8266369974, "emergency": "fire_hydrant" }, "geometry": { "type": "Point", "coordinates": [ 2630885.584556424524635, 1257657.774398945039138 ] } },
{ "type": "Feature", "properties": { "element": "node", "id": 8266371573, "emergency": "fire_hydrant" }, "geometry": { "type": "Point", "coordinates": [ 2630904.279119305778295, 1257562.918307343032211 ] } },
{ "type": "Feature", "properties": { "element": "node", "id": 8266371574, "emergency": "fire_hydrant" }, "geometry": { "type": "Point", "coordinates": [ 2630648.899431668221951, 1257518.851512301713228 ] } },
{ "type": "Feature", "properties": { "element": "node", "id": 8266371575, "emergency": "fire_hydrant" }, "geometry": { "type": "Point", "coordinates": [ 2631808.922238159459084, 1257655.710772554157302 ] } },
{ "type": "Feature", "properties": { "element": "node", "id": 8266372204, "emergency": "fire_hydrant" }, "geometry": { "type": "Point", "coordinates": [ 2630692.186654263641685, 1257633.186632617609575 ] } },
{ "type": "Feature", "properties": { "element": "node", "id": 8266374566, "emergency": "fire_hydrant" }, "geometry": { "type": "Point", "coordinates": [ 2631964.549338538665324, 1257708.561702418839559 ] } },
{ "type": "Feature", "properties": { "element": "node", "id": 8266375249, "emergency": "fire_hydrant" }, "geometry": { "type": "Point", "coordinates": [ 2630703.261528263799846, 1257525.592926645418629 ] } },
{ "type": "Feature", "properties": { "element": "node", "id": 8266377206, "emergency": "fire_hydrant" }, "geometry": { "type": "Point", "coordinates": [ 2630582.44918850902468, 1257280.301634455798194 ] } },
{ "type": "Feature", "properties": { "element": "node", "id": 8266377542, "emergency": "fire_hydrant" }, "geometry": { "type": "Point", "coordinates": [ 2631868.428708784282207, 1257609.654498478863388 ] } },
{ "type": "Feature", "properties": { "element": "node", "id": 8266377558, "emergency": "fire_hydrant" }, "geometry": { "type": "Point", "coordinates": [ 2630619.530600709840655, 1257449.352462171809748 ] } },
{ "type": "Feature", "properties": { "element": "node", "id": 8266377909, "emergency": "fire_hydrant" }, "geometry": { "type": "Point", "coordinates": [ 2631697.705100933089852, 1257504.511968843871728 ] } },
{ "type": "Feature", "properties": { "element": "node", "id": 8266378137, "emergency": "fire_hydrant" }, "geometry": { "type": "Point", "coordinates": [ 2631553.181477895472199, 1257415.246853020275012 ] } },
{ "type": "Feature", "properties": { "element": "node", "id": 8266378500, "emergency": "fire_hydrant" }, "geometry": { "type": "Point", "coordinates": [ 2631905.091956984717399, 1257746.945382216945291 ] } },
{ "type": "Feature", "properties": { "element": "node", "id": 8266381012, "emergency": "fire_hydrant" }, "geometry": { "type": "Point", "coordinates": [ 2631680.865927411708981, 1257553.110644486732781 ] } },
{ "type": "Feature", "properties": { "element": "node", "id": 8266382597, "emergency": "fire_hydrant" }, "geometry": { "type": "Point", "coordinates": [ 2630688.033043147530407, 1257576.315287643345073 ] } },
{ "type": "Feature", "properties": { "element": "node", "id": 8266384530, "emergency": "fire_hydrant" }, "geometry": { "type": "Point", "coordinates": [ 2630590.040999553631991, 1257598.790857267566025 ] } },
{ "type": "Feature", "properties": { "element": "node", "id": 8266385447, "emergency": "fire_hydrant" }, "geometry": { "type": "Point", "coordinates": [ 2630717.924550032708794, 1257466.195109563646838 ] } },
{ "type": "Feature", "properties": { "element": "node", "id": 8266385504, "emergency": "fire_hydrant" }, "geometry": { "type": "Point", "coordinates": [ 2630419.897559749893844, 1257219.090490870410576 ] } },
{ "type": "Feature", "properties": { "element": "node", "id": 8266385741, "emergency": "fire_hydrant" }, "geometry": { "type": "Point", "coordinates": [ 2630868.465026523917913, 1257605.271691232454032 ] } },
{ "type": "Feature", "properties": { "element": "node", "id": 8266386052, "emergency": "fire_hydrant" }, "geometry": { "type": "Point", "coordinates": [ 2630836.231067411601543, 1257465.397587137296796 ] } },
{ "type": "Feature", "properties": { "element": "node", "id": 8266386053, "emergency": "fire_hydrant" }, "geometry": { "type": "Point", "coordinates": [ 2630626.997327165678144, 1257335.079946552868932 ] } },
{ "type": "Feature", "properties": { "element": "node", "id": 8266387050, "emergency": "fire_hydrant" }, "geometry": { "type": "Point", "coordinates": [ 2630601.650067504029721, 1257543.613196128280833 ] } },
{ "type": "Feature", "properties": { "element": "node", "id": 8266390223, "emergency": "fire_hydrant" }, "geometry": { "type": "Point", "coordinates": [ 2630826.821694230195135, 1257524.822449238039553 ] } },
{ "type": "Feature", "properties": { "element": "node", "id": 8266391194, "emergency": "fire_hydrant" }, "geometry": { "type": "Point", "coordinates": [ 2631355.124548003543168, 1257201.495004298863932 ] } },
{ "type": "Feature", "properties": { "element": "node", "id": 8266392720, "emergency": "fire_hydrant" }, "geometry": { "type": "Point", "coordinates": [ 2631737.53220831323415, 1257619.236605485901237 ] } },
{ "type": "Feature", "properties": { "element": "node", "id": 8266392724, "emergency": "fire_hydrant" }, "geometry": { "type": "Point", "coordinates": [ 2630556.492687475867569, 1257399.637865081429482 ] } },
{ "type": "Feature", "properties": { "element": "node", "id": 8266394295, "emergency": "fire_hydrant" }, "geometry": { "type": "Point", "coordinates": [ 2631432.872498045675457, 1257527.495357705745846 ] } },
{ "type": "Feature", "properties": { "element": "node", "id": 8266394300, "emergency": "fire_hydrant" }, "geometry": { "type": "Point", "coordinates": [ 2631565.396215369459242, 1257552.394225398078561 ] } },
{ "type": "Feature", "properties": { "element": "node", "id": 8266395109, "emergency": "fire_hydrant" }, "geometry": { "type": "Point", "coordinates": [ 2631579.780439680442214, 1257510.142029705457389 ] } },
{ "type": "Feature", "properties": { "element": "node", "id": 8266395278, "emergency": "fire_hydrant" }, "geometry": { "type": "Point", "coordinates": [ 2631483.515119597315788, 1257473.538421170320362 ] } },
{ "type": "Feature", "properties": { "element": "node", "id": 8266395810, "emergency": "fire_hydrant" }, "geometry": { "type": "Point", "coordinates": [ 2631179.9388971272856, 1257517.59742733091116 ] } },
{ "type": "Feature", "properties": { "element": "node", "id": 8266402469, "emergency": "fire_hydrant" }, "geometry": { "type": "Point", "coordinates": [ 2631428.181175562087446, 1257192.397847935557365 ] } },
{ "type": "Feature", "properties": { "element": "node", "id": 8266415263, "emergency": "fire_hydrant" }, "geometry": { "type": "Point", "coordinates": [ 2630424.744794616941363, 1257220.727585047949106 ] } },
{ "type": "Feature", "properties": { "element": "node", "id": 8266415770, "emergency": "fire_hydrant" }, "geometry": { "type": "Point", "coordinates": [ 2631419.78999292710796, 1257286.106041119433939 ] } },
{ "type": "Feature", "properties": { "element": "node", "id": 8266415771, "emergency": "fire_hydrant" }, "geometry": { "type": "Point", "coordinates": [ 2631401.334729353431612, 1257372.500421947101131 ] } },
{ "type": "Feature", "properties": { "element": "node", "id": 8266417513, "emergency": "fire_hydrant" }, "geometry": { "type": "Point", "coordinates": [ 2631085.780875405296683, 1257387.870200739009306 ] } },
{ "type": "Feature", "properties": { "element": "node", "id": 8266418960, "emergency": "fire_hydrant" }, "geometry": { "type": "Point", "coordinates": [ 2631914.190560766961426, 1256583.980349886463955 ] } },
{ "type": "Feature", "properties": { "element": "node", "id": 8266424795, "emergency": "fire_hydrant" }, "geometry": { "type": "Point", "coordinates": [ 2631350.595522917341441, 1257330.703441721852869 ] } },
{ "type": "Feature", "properties": { "element": "node", "id": 8266429791, "emergency": "fire_hydrant" }, "geometry": { "type": "Point", "coordinates": [ 2631323.585054306313396, 1257275.712131226202473 ] } },
{ "type": "Feature", "properties": { "element": "node", "id": 8266431401, "emergency": "fire_hydrant" }, "geometry": { "type": "Point", "coordinates": [ 2631313.672540465369821, 1257085.541499364655465 ] } },
{ "type": "Feature", "properties": { "element": "node", "id": 8266434405, "emergency": "fire_hydrant" }, "geometry": { "type": "Point", "coordinates": [ 2631094.577080718707293, 1257638.309133527800441 ] } },
{ "type": "Feature", "properties": { "element": "node", "id": 8266434521, "emergency": "fire_hydrant" }, "geometry": { "type": "Point", "coordinates": [ 2631945.100948033854365, 1256628.499264126177877 ] } },
{ "type": "Feature", "properties": { "element": "node", "id": 8266434878, "emergency": "fire_hydrant" }, "geometry": { "type": "Point", "coordinates": [ 2631194.23024967033416, 1257339.251155810197815 ] } },
{ "type": "Feature", "properties": { "element": "node", "id": 8266435297, "emergency": "fire_hydrant" }, "geometry": { "type": "Point", "coordinates": [ 2631086.55388558935374, 1257086.769411606714129 ] } },
{ "type": "Feature", "properties": { "element": "node", "id": 8266435875, "emergency": "fire_hydrant" }, "geometry": { "type": "Point", "coordinates": [ 2631156.066694078035653, 1257713.01621659565717 ] } },
{ "type": "Feature", "properties": { "element": "node", "id": 8266436470, "emergency": "fire_hydrant" }, "geometry": { "type": "Point", "coordinates": [ 2631211.799892894923687, 1257650.822529470548034 ] } },
{ "type": "Feature", "properties": { "element": "node", "id": 8266436584, "emergency": "fire_hydrant" }, "geometry": { "type": "Point", "coordinates": [ 2631208.541982633061707, 1257155.757170700468123 ] } },
{ "type": "Feature", "properties": { "element": "node", "id": 8266436923, "emergency": "fire_hydrant" }, "geometry": { "type": "Point", "coordinates": [ 2631171.714501210488379, 1257581.864632613025606 ] } },
{ "type": "Feature", "properties": { "element": "node", "id": 8266439713, "emergency": "fire_hydrant" }, "geometry": { "type": "Point", "coordinates": [ 2631032.559477895032614, 1257046.559231818653643 ] } },
{ "type": "Feature", "properties": { "element": "node", "id": 8266440145, "emergency": "fire_hydrant" }, "geometry": { "type": "Point", "coordinates": [ 2630926.263191622681916, 1257031.49361021630466 ] } },
{ "type": "Feature", "properties": { "element": "node", "id": 8266447638, "emergency": "fire_hydrant" }, "geometry": { "type": "Point", "coordinates": [ 2631150.602259455714375, 1257252.42935175797902 ] } },
{ "type": "Feature", "properties": { "element": "node", "id": 8266447826, "emergency": "fire_hydrant" }, "geometry": { "type": "Point", "coordinates": [ 2631256.011038885451853, 1257319.107265750877559 ] } },
{ "type": "Feature", "properties": { "element": "node", "id": 8266450582, "emergency": "fire_hydrant" }, "geometry": { "type": "Point", "coordinates": [ 2630990.340878570917994, 1257153.600074005546048 ] } },
{ "type": "Feature", "properties": { "element": "node", "id": 8266450612, "emergency": "fire_hydrant" }, "geometry": { "type": "Point", "coordinates": [ 2631015.28482599882409, 1257333.274952747160569 ] } },
{ "type": "Feature", "properties": { "element": "node", "id": 8266450656, "emergency": "fire_hydrant" }, "geometry": { "type": "Point", "coordinates": [ 2631232.155806518159807, 1257702.331514790421352 ] } },
{ "type": "Feature", "properties": { "element": "node", "id": 8266450975, "emergency": "fire_hydrant" }, "geometry": { "type": "Point", "coordinates": [ 2630862.273330176714808, 1257085.997233694186434 ] } },
{ "type": "Feature", "properties": { "element": "node", "id": 8266452175, "emergency": "fire_hydrant" }, "geometry": { "type": "Point", "coordinates": [ 2631312.679259361699224, 1257541.680097596719861 ] } },
{ "type": "Feature", "properties": { "element": "node", "id": 8266453004, "emergency": "fire_hydrant" }, "geometry": { "type": "Point", "coordinates": [ 2631319.021611240226775, 1257144.843420000514016 ] } },
{ "type": "Feature", "properties": { "element": "node", "id": 8266453005, "emergency": "fire_hydrant" }, "geometry": { "type": "Point", "coordinates": [ 2631259.645607561338693, 1257627.681062783114612 ] } },
{ "type": "Feature", "properties": { "element": "node", "id": 8266454941, "emergency": "fire_hydrant" }, "geometry": { "type": "Point", "coordinates": [ 2631247.620353806298226, 1257031.556314412504435 ] } },
{ "type": "Feature", "properties": { "element": "node", "id": 8266455043, "emergency": "fire_hydrant" }, "geometry": { "type": "Point", "coordinates": [ 2631056.823229939676821, 1257201.936367114307359 ] } },
{ "type": "Feature", "properties": { "element": "node", "id": 8266455491, "emergency": "fire_hydrant" }, "geometry": { "type": "Point", "coordinates": [ 2631391.972229114267975, 1257614.070989351952448 ] } },
{ "type": "Feature", "properties": { "element": "node", "id": 8266459838, "emergency": "fire_hydrant" }, "geometry": { "type": "Point", "coordinates": [ 2631247.588298549875617, 1257420.776534024626017 ] } },
{ "type": "Feature", "properties": { "element": "node", "id": 8266459879, "emergency": "fire_hydrant" }, "geometry": { "type": "Point", "coordinates": [ 2631011.677701546344906, 1256940.600197687279433 ] } },
{ "type": "Feature", "properties": { "element": "node", "id": 8266461101, "emergency": "fire_hydrant" }, "geometry": { "type": "Point", "coordinates": [ 2631109.317430997267365, 1256910.068715654080734 ] } },
{ "type": "Feature", "properties": { "element": "node", "id": 8266461867, "emergency": "fire_hydrant" }, "geometry": { "type": "Point", "coordinates": [ 2631511.243314914405346, 1257621.353154502576217 ] } },
{ "type": "Feature", "properties": { "element": "node", "id": 8266464612, "emergency": "fire_hydrant" }, "geometry": { "type": "Point", "coordinates": [ 2631451.451085663866252, 1257569.833856948884204 ] } },
{ "type": "Feature", "properties": { "element": "node", "id": 8266469475, "emergency": "fire_hydrant" }, "geometry": { "type": "Point", "coordinates": [ 2630983.777448721695691, 1257248.029994834912941 ] } },
{ "type": "Feature", "properties": { "element": "node", "id": 8266481833, "emergency": "fire_hydrant" }, "geometry": { "type": "Point", "coordinates": [ 2631087.009298625402153, 1256961.164206319255754 ] } },
{ "type": "Feature", "properties": { "element": "node", "id": 8266481876, "emergency": "fire_hydrant" }, "geometry": { "type": "Point", "coordinates": [ 2630841.8504399782978, 1257201.313804633682594 ] } },
{ "type": "Feature", "properties": { "element": "node", "id": 8266485411, "emergency": "fire_hydrant" }, "geometry": { "type": "Point", "coordinates": [ 2630983.048640153836459, 1256885.613180392188951 ] } },
{ "type": "Feature", "properties": { "element": "node", "id": 8266488342, "emergency": "fire_hydrant" }, "geometry": { "type": "Point", "coordinates": [ 2630741.990180706605315, 1257271.565194050548598 ] } },
{ "type": "Feature", "properties": { "element": "node", "id": 8266488440, "emergency": "fire_hydrant" }, "geometry": { "type": "Point", "coordinates": [ 2630922.620112505741417, 1256838.121035749558359 ] } },
{ "type": "Feature", "properties": { "element": "node", "id": 8266492396, "emergency": "fire_hydrant" }, "geometry": { "type": "Point", "coordinates": [ 2630907.083484593778849, 1256908.198730178875849 ] } },
{ "type": "Feature", "properties": { "element": "node", "id": 8266494549, "emergency": "fire_hydrant" }, "geometry": { "type": "Point", "coordinates": [ 2630596.121359874028713, 1257047.625139592913911 ] } },
{ "type": "Feature", "properties": { "element": "node", "id": 8266494958, "emergency": "fire_hydrant" }, "geometry": { "type": "Point", "coordinates": [ 2630881.423727391753346, 1256982.059649330098182 ] } },
{ "type": "Feature", "properties": { "element": "node", "id": 8266495137, "emergency": "fire_hydrant" }, "geometry": { "type": "Point", "coordinates": [ 2630965.904188602231443, 1256991.984768588095903 ] } },
{ "type": "Feature", "properties": { "element": "node", "id": 8266496913, "emergency": "fire_hydrant" }, "geometry": { "type": "Point", "coordinates": [ 2630531.75289311632514, 1257019.663240739842877 ] } },
{ "type": "Feature", "properties": { "element": "node", "id": 8266499900, "emergency": "fire_hydrant" }, "geometry": { "type": "Point", "coordinates": [ 2630651.906780377496034, 1256976.842957284301519 ] } },
{ "type": "Feature", "properties": { "element": "node", "id": 8266505419, "emergency": "fire_hydrant" }, "geometry": { "type": "Point", "coordinates": [ 2630629.656403226777911, 1257172.194037592737004 ] } },
{ "type": "Feature", "properties": { "element": "node", "id": 8266505559, "emergency": "fire_hydrant" }, "geometry": { "type": "Point", "coordinates": [ 2630579.850482749287039, 1256908.724653819808736 ] } },
{ "type": "Feature", "properties": { "element": "node", "id": 8266505617, "emergency": "fire_hydrant" }, "geometry": { "type": "Point", "coordinates": [ 2630805.882574876770377, 1256923.404633411439136 ] } },
{ "type": "Feature", "properties": { "element": "node", "id": 8266505618, "emergency": "fire_hydrant" }, "geometry": { "type": "Point", "coordinates": [ 2630708.835685450118035, 1256918.464542339090258 ] } },
{ "type": "Feature", "properties": { "element": "node", "id": 8266508502, "emergency": "fire_hydrant" }, "geometry": { "type": "Point", "coordinates": [ 2630519.639786696527153, 1257133.111283803125843 ] } },
{ "type": "Feature", "properties": { "element": "node", "id": 8266511041, "emergency": "fire_hydrant" }, "geometry": { "type": "Point", "coordinates": [ 2630718.335654477588832, 1257075.676095740869641 ] } },
{ "type": "Feature", "properties": { "element": "node", "id": 8266511128, "emergency": "fire_hydrant" }, "geometry": { "type": "Point", "coordinates": [ 2630775.636996489949524, 1256984.733671168098226 ] } },
{ "type": "Feature", "properties": { "element": "node", "id": 8266524196, "emergency": "fire_hydrant" }, "geometry": { "type": "Point", "coordinates": [ 2633309.902703856583685, 1255911.100216244114563 ] } },
{ "type": "Feature", "properties": { "element": "node", "id": 8266525313, "emergency": "fire_hydrant" }, "geometry": { "type": "Point", "coordinates": [ 2633334.380614114459604, 1255766.650922456756234 ] } },
{ "type": "Feature", "properties": { "element": "node", "id": 8266525489, "emergency": "fire_hydrant" }, "geometry": { "type": "Point", "coordinates": [ 2633462.390094611793756, 1255772.609319552546367 ] } },
{ "type": "Feature", "properties": { "element": "node", "id": 8266534025, "emergency": "fire_hydrant" }, "geometry": { "type": "Point", "coordinates": [ 2633365.19644788838923, 1255646.03136938251555 ] } },
{ "type": "Feature", "properties": { "element": "node", "id": 8266534059, "emergency": "fire_hydrant" }, "geometry": { "type": "Point", "coordinates": [ 2633400.063070049509406, 1255849.298810158623382 ] } },
{ "type": "Feature", "properties": { "element": "node", "id": 8266536774, "emergency": "fire_hydrant" }, "geometry": { "type": "Point", "coordinates": [ 2633092.593193066772074, 1255993.572690378176048 ] } },
{ "type": "Feature", "properties": { "element": "node", "id": 8266537346, "emergency": "fire_hydrant" }, "geometry": { "type": "Point", "coordinates": [ 2633208.176948945969343, 1255870.40201685926877 ] } },
{ "type": "Feature", "properties": { "element": "node", "id": 8266537815, "emergency": "fire_hydrant" }, "geometry": { "type": "Point", "coordinates": [ 2633404.844056631438434, 1255682.145737011684105 ] } },
{ "type": "Feature", "properties": { "element": "node", "id": 8266550831, "emergency": "fire_hydrant" }, "geometry": { "type": "Point", "coordinates": [ 2633335.425269817467779, 1255688.203617532504722 ] } },
{ "type": "Feature", "properties": { "element": "node", "id": 8266554352, "emergency": "fire_hydrant" }, "geometry": { "type": "Point", "coordinates": [ 2633428.357428585644811, 1255888.373654815834016 ] } },
{ "type": "Feature", "properties": { "element": "node", "id": 8266556000, "emergency": "fire_hydrant" }, "geometry": { "type": "Point", "coordinates": [ 2633419.077008986845613, 1255740.710082593141124 ] } },
{ "type": "Feature", "properties": { "element": "node", "id": 8266559052, "emergency": "fire_hydrant" }, "geometry": { "type": "Point", "coordinates": [ 2633515.9851019019261, 1255810.626694095088169 ] } },
{ "type": "Feature", "properties": { "element": "node", "id": 8266559083, "emergency": "fire_hydrant" }, "geometry": { "type": "Point", "coordinates": [ 2633790.266843341756612, 1255244.688767494168133 ] } },
{ "type": "Feature", "properties": { "element": "node", "id": 8266559426, "emergency": "fire_hydrant" }, "geometry": { "type": "Point", "coordinates": [ 2633316.301470523700118, 1255851.451261205831543 ] } },
{ "type": "Feature", "properties": { "element": "node", "id": 8266564634, "emergency": "fire_hydrant" }, "geometry": { "type": "Point", "coordinates": [ 2633616.037020021583885, 1255680.916224573738873 ] } },
{ "type": "Feature", "properties": { "element": "node", "id": 8266564660, "emergency": "fire_hydrant" }, "geometry": { "type": "Point", "coordinates": [ 2633728.297691646963358, 1255505.901758800726384 ] } },
{ "type": "Feature", "properties": { "element": "node", "id": 8266567865, "emergency": "fire_hydrant" }, "geometry": { "type": "Point", "coordinates": [ 2633404.76680056238547, 1255516.57756256358698 ] } },
{ "type": "Feature", "properties": { "element": "node", "id": 8266569098, "emergency": "fire_hydrant" }, "geometry": { "type": "Point", "coordinates": [ 2633518.799565805122256, 1255706.383022409165278 ] } },
{ "type": "Feature", "properties": { "element": "node", "id": 8266569100, "emergency": "fire_hydrant" }, "geometry": { "type": "Point", "coordinates": [ 2633469.996895535383373, 1255643.587004289729521 ] } },
{ "type": "Feature", "properties": { "element": "node", "id": 8266574097, "emergency": "fire_hydrant" }, "geometry": { "type": "Point", "coordinates": [ 2633526.298147628549486, 1255596.717747270595282 ] } },
{ "type": "Feature", "properties": { "element": "node", "id": 8266588144, "emergency": "fire_hydrant" }, "geometry": { "type": "Point", "coordinates": [ 2633738.399547899141908, 1255330.507090573897585 ] } },
{ "type": "Feature", "properties": { "element": "node", "id": 8266592312, "emergency": "fire_hydrant" }, "geometry": { "type": "Point", "coordinates": [ 2633576.070524386595935, 1255558.884844393236563 ] } },
{ "type": "Feature", "properties": { "element": "node", "id": 8266593153, "emergency": "fire_hydrant" }, "geometry": { "type": "Point", "coordinates": [ 2633622.915896939579397, 1255502.678870639298111 ] } },
{ "type": "Feature", "properties": { "element": "node", "id": 8266598579, "emergency": "fire_hydrant" }, "geometry": { "type": "Point", "coordinates": [ 2633923.816480944864452, 1255099.019358902005479 ] } },
{ "type": "Feature", "properties": { "element": "node", "id": 8266600137, "emergency": "fire_hydrant" }, "geometry": { "type": "Point", "coordinates": [ 2633710.497913291677833, 1255434.40765881515108 ] } },
{ "type": "Feature", "properties": { "element": "node", "id": 8266600138, "emergency": "fire_hydrant" }, "geometry": { "type": "Point", "coordinates": [ 2633800.180972840636969, 1255381.604642188409343 ] } },
{ "type": "Feature", "properties": { "element": "node", "id": 8266604851, "emergency": "fire_hydrant" }, "geometry": { "type": "Point", "coordinates": [ 2633958.177377081010491, 1255245.648606218164787 ] } },
{ "type": "Feature", "properties": { "element": "node", "id": 8266609083, "emergency": "fire_hydrant" }, "geometry": { "type": "Point", "coordinates": [ 2633874.076019179541618, 1255271.385005427757278 ] } },
{ "type": "Feature", "properties": { "element": "node", "id": 8266610639, "emergency": "fire_hydrant" }, "geometry": { "type": "Point", "coordinates": [ 2633847.215980479493737, 1255333.751635567517951 ] } },
{ "type": "Feature", "properties": { "element": "node", "id": 8266610648, "emergency": "fire_hydrant" }, "geometry": { "type": "Point", "coordinates": [ 2633905.20608540950343, 1255062.610513803549111 ] } },
{ "type": "Feature", "properties": { "element": "node", "id": 8266612870, "emergency": "fire_hydrant" }, "geometry": { "type": "Point", "coordinates": [ 2633972.209110096096992, 1254985.953245757613331 ] } },
{ "type": "Feature", "properties": { "element": "node", "id": 8266613009, "emergency": "fire_hydrant" }, "geometry": { "type": "Point", "coordinates": [ 2634106.047645985148847, 1254755.176578570622951 ] } },
{ "type": "Feature", "properties": { "element": "node", "id": 8266629905, "emergency": "fire_hydrant" }, "geometry": { "type": "Point", "coordinates": [ 2634106.24287844216451, 1254932.264082603622228 ] } },
{ "type": "Feature", "properties": { "element": "node", "id": 8267253517, "emergency": "fire_hydrant" }, "geometry": { "type": "Point", "coordinates": [ 2633495.399591493885964, 1255444.484444749774411 ] } },
{ "type": "Feature", "properties": { "element": "node", "id": 8300939822, "emergency": "fire_hydrant" }, "geometry": { "type": "Point", "coordinates": [ 2632323.533773011993617, 1257924.611387538723648 ] } },
{ "type": "Feature", "properties": { "element": "node", "id": 8302871364, "emergency": "fire_hydrant" }, "geometry": { "type": "Point", "coordinates": [ 2633176.522897549904883, 1257780.136428682599217 ] } },
{ "type": "Feature", "properties": { "element": "node", "id": 8442701182, "emergency": "fire_hydrant" }, "geometry": { "type": "Point", "coordinates": [ 2630737.185218776576221, 1257340.287028000922874 ] } },
{ "type": "Feature", "properties": { "element": "node", "id": 8442752728, "emergency": "fire_hydrant" }, "geometry": { "type": "Point", "coordinates": [ 2630840.577701483853161, 1257369.054621472023427 ] } },
{ "type": "Feature", "properties": { "element": "node", "id": 8442757325, "emergency": "fire_hydrant" }, "geometry": { "type": "Point", "coordinates": [ 2630849.234904658980668, 1257415.06430566450581 ] } },
{ "type": "Feature", "properties": { "element": "node", "id": 8927339556, "emergency": "fire_hydrant" }, "geometry": { "type": "Point", "coordinates": [ 2629288.857572332490236, 1256302.330483369762078 ] } },
{ "type": "Feature", "properties": { "element": "node", "id": 8927339557, "emergency": "fire_hydrant" }, "geometry": { "type": "Point", "coordinates": [ 2629178.728446251247078, 1256428.094891521381214 ] } },
{ "type": "Feature", "properties": { "element": "node", "id": 8927339558, "emergency": "fire_hydrant" }, "geometry": { "type": "Point", "coordinates": [ 2629080.327274050563574, 1256538.986584822414443 ] } },
{ "type": "Feature", "properties": { "element": "node", "id": 8927382787, "emergency": "fire_hydrant" }, "geometry": { "type": "Point", "coordinates": [ 2629019.685402230359614, 1256563.595080889761448 ] } },
{ "type": "Feature", "properties": { "element": "node", "id": 8927382788, "emergency": "fire_hydrant" }, "geometry": { "type": "Point", "coordinates": [ 2629028.149376978166401, 1256496.702363255200908 ] } },
{ "type": "Feature", "properties": { "element": "node", "id": 8927382789, "emergency": "fire_hydrant" }, "geometry": { "type": "Point", "coordinates": [ 2629150.857557407580316, 1256365.248672470683232 ] } },
{ "type": "Feature", "properties": { "element": "node", "id": 8927423017, "emergency": "fire_hydrant" }, "geometry": { "type": "Point", "coordinates": [ 2629384.660172487143427, 1256309.509229889838025 ] } },
{ "type": "Feature", "properties": { "element": "node", "id": 8927423018, "emergency": "fire_hydrant" }, "geometry": { "type": "Point", "coordinates": [ 2629245.78082760097459, 1256469.453140580561012 ] } },
{ "type": "Feature", "properties": { "element": "node", "id": 8927423019, "emergency": "fire_hydrant" }, "geometry": { "type": "Point", "coordinates": [ 2629148.934223085641861, 1256561.583124196622521 ] } },
{ "type": "Feature", "properties": { "element": "node", "id": 8927459467, "emergency": "fire_hydrant" }, "geometry": { "type": "Point", "coordinates": [ 2629386.045049079228193, 1256434.756350680021569 ] } },
{ "type": "Feature", "properties": { "element": "node", "id": 8927463357, "emergency": "fire_hydrant" }, "geometry": { "type": "Point", "coordinates": [ 2629563.007150053046644, 1255877.981798017630354 ] } },
{ "type": "Feature", "properties": { "element": "node", "id": 8927463358, "emergency": "fire_hydrant" }, "geometry": { "type": "Point", "coordinates": [ 2629750.809977652970701, 1255729.943180017871782 ] } },
{ "type": "Feature", "properties": { "element": "node", "id": 8927463359, "emergency": "fire_hydrant" }, "geometry": { "type": "Point", "coordinates": [ 2629664.127868381328881, 1255833.467757132137194 ] } },
{ "type": "Feature", "properties": { "element": "node", "id": 8927510111, "emergency": "fire_hydrant" }, "geometry": { "type": "Point", "coordinates": [ 2629491.000929010100663, 1255985.562617080751806 ] } },
{ "type": "Feature", "properties": { "element": "node", "id": 8927510112, "emergency": "fire_hydrant" }, "geometry": { "type": "Point", "coordinates": [ 2629514.438812792766839, 1255881.208755807951093 ] } },
{ "type": "Feature", "properties": { "element": "node", "id": 8927510113, "emergency": "fire_hydrant" }, "geometry": { "type": "Point", "coordinates": [ 2629578.942295849788934, 1255791.858681464800611 ] } },
{ "type": "Feature", "properties": { "element": "node", "id": 8927554755, "emergency": "fire_hydrant" }, "geometry": { "type": "Point", "coordinates": [ 2629434.16439696541056, 1255902.991203576559201 ] } },
{ "type": "Feature", "properties": { "element": "node", "id": 8927554756, "emergency": "fire_hydrant" }, "geometry": { "type": "Point", "coordinates": [ 2629673.169800561387092, 1255938.995339459739625 ] } },
{ "type": "Feature", "properties": { "element": "node", "id": 8927554757, "emergency": "fire_hydrant" }, "geometry": { "type": "Point", "coordinates": [ 2629717.215104788541794, 1256004.515674081398174 ] } },
{ "type": "Feature", "properties": { "element": "node", "id": 8927574728, "emergency": "fire_hydrant" }, "geometry": { "type": "Point", "coordinates": [ 2629939.912711899261922, 1255886.31142668845132 ] } },
{ "type": "Feature", "properties": { "element": "node", "id": 8927574729, "emergency": "fire_hydrant" }, "geometry": { "type": "Point", "coordinates": [ 2629408.390677404589951, 1256581.711005895864218 ] } },
{ "type": "Feature", "properties": { "element": "node", "id": 8928961817, "emergency": "fire_hydrant" }, "geometry": { "type": "Point", "coordinates": [ 2629375.838722366839647, 1256169.237387566128746 ] } },
{ "type": "Feature", "properties": { "element": "node", "id": 8928961818, "emergency": "fire_hydrant" }, "geometry": { "type": "Point", "coordinates": [ 2629316.292359353974462, 1256350.965581367257982 ] } },
{ "type": "Feature", "properties": { "element": "node", "id": 8928961819, "emergency": "fire_hydrant" }, "geometry": { "type": "Point", "coordinates": [ 2629454.340408300980926, 1256218.11531955213286 ] } },
{ "type": "Feature", "properties": { "element": "node", "id": 8928961820, "emergency": "fire_hydrant" }, "geometry": { "type": "Point", "coordinates": [ 2629341.543394227512181, 1256245.041068182094023 ] } },
{ "type": "Feature", "properties": { "element": "node", "id": 8928970138, "emergency": "fire_hydrant" }, "geometry": { "type": "Point", "coordinates": [ 2629431.48973879031837, 1256145.463894779328257 ] } },
{ "type": "Feature", "properties": { "element": "node", "id": 8928983833, "emergency": "fire_hydrant" }, "geometry": { "type": "Point", "coordinates": [ 2629311.764816364273429, 1256189.945475858869031 ] } },
{ "type": "Feature", "properties": { "element": "node", "id": 8928983834, "emergency": "fire_hydrant" }, "geometry": { "type": "Point", "coordinates": [ 2629259.642475640866905, 1256246.092711437027901 ] } },
{ "type": "Feature", "properties": { "element": "node", "id": 8928983835, "emergency": "fire_hydrant" }, "geometry": { "type": "Point", "coordinates": [ 2629214.948830519337207, 1256296.150661382125691 ] } },
{ "type": "Feature", "properties": { "element": "node", "id": 8928983836, "emergency": "fire_hydrant" }, "geometry": { "type": "Point", "coordinates": [ 2629095.364795710425824, 1256425.027704347623512 ] } },
{ "type": "Feature", "properties": { "element": "node", "id": 8928983837, "emergency": "fire_hydrant" }, "geometry": { "type": "Point", "coordinates": [ 2629123.794861353933811, 1256490.76726353703998 ] } },
{ "type": "Feature", "properties": { "element": "node", "id": 8928983838, "emergency": "fire_hydrant" }, "geometry": { "type": "Point", "coordinates": [ 2629234.143932201433927, 1256365.803446296835318 ] } },
{ "type": "Feature", "properties": { "element": "node", "id": 8974662184, "emergency": "fire_hydrant" }, "geometry": { "type": "Point", "coordinates": [ 2629448.427741693332791, 1256432.197387793567032 ] } },
{ "type": "Feature", "properties": { "element": "node", "id": 9427975287, "emergency": "fire_hydrant" }, "geometry": { "type": "Point", "coordinates": [ 2619689.133213371504098, 1263058.980364450952038 ] } },
{ "type": "Feature", "properties": { "element": "node", "id": 9427975288, "emergency": "fire_hydrant" }, "geometry": { "type": "Point", "coordinates": [ 2619706.238217359408736, 1262973.111272043548524 ] } },
{ "type": "Feature", "properties": { "element": "node", "id": 9427975289, "emergency": "fire_hydrant" }, "geometry": { "type": "Point", "coordinates": [ 2619483.321873458568007, 1262932.991640853695571 ] } },
{ "type": "Feature", "properties": { "element": "node", "id": 9427975290, "emergency": "fire_hydrant" }, "geometry": { "type": "Point", "coordinates": [ 2619453.687660087365657, 1262912.858275409787893 ] } },
{ "type": "Feature", "properties": { "element": "node", "id": 9427975291, "emergency": "fire_hydrant" }, "geometry": { "type": "Point", "coordinates": [ 2619372.946931497193873, 1262830.059187542879954 ] } },
{ "type": "Feature", "properties": { "element": "node", "id": 9427975292, "emergency": "fire_hydrant" }, "geometry": { "type": "Point", "coordinates": [ 2620439.969784231856465, 1261816.387326430063695 ] } },
{ "type": "Feature", "properties": { "element": "node", "id": 9427975297, "emergency": "fire_hydrant" }, "geometry": { "type": "Point", "coordinates": [ 2620357.429626937024295, 1261667.034324562875554 ] } },
{ "type": "Feature", "properties": { "element": "node", "id": 9433244419, "emergency": "fire_hydrant" }, "geometry": { "type": "Point", "coordinates": [ 2619465.142339440062642, 1263186.462352960370481 ] } },
{ "type": "Feature", "properties": { "element": "node", "id": 9433244420, "emergency": "fire_hydrant" }, "geometry": { "type": "Point", "coordinates": [ 2619622.277079293970019, 1263256.884289057925344 ] } },
{ "type": "Feature", "properties": { "element": "node", "id": 9433244421, "emergency": "fire_hydrant" }, "geometry": { "type": "Point", "coordinates": [ 2619460.891573610715568, 1263386.853441202780232 ] } },
{ "type": "Feature", "properties": { "element": "node", "id": 9433244422, "emergency": "fire_hydrant" }, "geometry": { "type": "Point", "coordinates": [ 2619458.686878520529717, 1263262.315755516523495 ] } },
{ "type": "Feature", "properties": { "element": "node", "id": 9433244423, "emergency": "fire_hydrant" }, "geometry": { "type": "Point", "coordinates": [ 2619293.429401677567512, 1263247.854816720588133 ] } },
{ "type": "Feature", "properties": { "element": "node", "id": 9433244424, "emergency": "fire_hydrant" }, "geometry": { "type": "Point", "coordinates": [ 2619515.770081728231162, 1263045.520355657907203 ] } },
{ "type": "Feature", "properties": { "element": "node", "id": 9433244425, "emergency": "fire_hydrant" }, "geometry": { "type": "Point", "coordinates": [ 2619672.639266995247453, 1263162.863988135010004 ] } },
{ "type": "Feature", "properties": { "element": "node", "id": 9433244426, "emergency": "fire_hydrant" }, "geometry": { "type": "Point", "coordinates": [ 2619557.368001946713775, 1263258.660018186084926 ] } },
{ "type": "Feature", "properties": { "element": "node", "id": 9436877619, "emergency": "fire_hydrant" }, "geometry": { "type": "Point", "coordinates": [ 2619701.948395527899265, 1262904.03828099835664 ] } },
{ "type": "Feature", "properties": { "element": "node", "id": 9436877620, "emergency": "fire_hydrant" }, "geometry": { "type": "Point", "coordinates": [ 2619018.462336111348122, 1262913.280545610468835 ] } },
{ "type": "Feature", "properties": { "element": "node", "id": 9436877621, "emergency": "fire_hydrant" }, "geometry": { "type": "Point", "coordinates": [ 2620379.138069005217403, 1261747.275029366603121 ] } },
{ "type": "Feature", "properties": { "element": "node", "id": 9437229794, "emergency": "fire_hydrant" }, "geometry": { "type": "Point", "coordinates": [ 2619234.877791779115796, 1262889.706531654810533 ] } },
{ "type": "Feature", "properties": { "element": "node", "id": 9439271599, "emergency": "fire_hydrant" }, "geometry": { "type": "Point", "coordinates": [ 2619220.980474502313882, 1263154.499626127304509 ] } },
{ "type": "Feature", "properties": { "element": "node", "id": 9439271600, "emergency": "fire_hydrant" }, "geometry": { "type": "Point", "coordinates": [ 2619279.460250231437385, 1263335.014016236178577 ] } },
{ "type": "Feature", "properties": { "element": "node", "id": 9439271601, "emergency": "fire_hydrant" }, "geometry": { "type": "Point", "coordinates": [ 2619370.245434775482863, 1263262.570890347938985 ] } },
{ "type": "Feature", "properties": { "element": "node", "id": 9439271602, "emergency": "fire_hydrant" }, "geometry": { "type": "Point", "coordinates": [ 2619333.891615691129118, 1263074.578110350528732 ] } },
{ "type": "Feature", "properties": { "element": "node", "id": 9439271603, "emergency": "fire_hydrant" }, "geometry": { "type": "Point", "coordinates": [ 2619411.46428366843611, 1262976.208066937047988 ] } },
{ "type": "Feature", "properties": { "element": "node", "id": 9439271604, "emergency": "fire_hydrant" }, "geometry": { "type": "Point", "coordinates": [ 2619531.875101609621197, 1263148.066339895827696 ] } },
{ "type": "Feature", "properties": { "element": "node", "id": 9439271605, "emergency": "fire_hydrant" }, "geometry": { "type": "Point", "coordinates": [ 2619243.597326539922506, 1263064.66654304577969 ] } },
{ "type": "Feature", "properties": { "element": "node", "id": 9439271606, "emergency": "fire_hydrant" }, "geometry": { "type": "Point", "coordinates": [ 2619322.240946687757969, 1262981.631605207454413 ] } },
{ "type": "Feature", "properties": { "element": "node", "id": 9439271607, "emergency": "fire_hydrant" }, "geometry": { "type": "Point", "coordinates": [ 2619589.45731760840863, 1262975.148059047525749 ] } },
{ "type": "Feature", "properties": { "element": "node", "id": 9439271608, "emergency": "fire_hydrant" }, "geometry": { "type": "Point", "coordinates": [ 2619361.436687618494034, 1263362.900299105793238 ] } },
{ "type": "Feature", "properties": { "element": "node", "id": 9439271609, "emergency": "fire_hydrant" }, "geometry": { "type": "Point", "coordinates": [ 2619200.891441277228296, 1263289.627823470858857 ] } },
{ "type": "Feature", "properties": { "element": "node", "id": 9439271610, "emergency": "fire_hydrant" }, "geometry": { "type": "Point", "coordinates": [ 2619483.251069923862815, 1263014.114011554513127 ] } },
{ "type": "Feature", "properties": { "element": "node", "id": 9465930943, "emergency": "fire_hydrant" }, "geometry": { "type": "Point", "coordinates": [ 2619868.833092050161213, 1263044.614153180737048 ] } },
{ "type": "Feature", "properties": { "element": "node", "id": 9465930944, "emergency": "fire_hydrant" }, "geometry": { "type": "Point", "coordinates": [ 2620723.486419548746198, 1261856.454166921088472 ] } },
{ "type": "Feature", "properties": { "element": "node", "id": 9468230334, "emergency": "fire_hydrant" }, "geometry": { "type": "Point", "coordinates": [ 2619302.107090189587325, 1263171.274640005547553 ] } },
{ "type": "Feature", "properties": { "element": "node", "id": 9468230335, "emergency": "fire_hydrant" }, "geometry": { "type": "Point", "coordinates": [ 2619564.706083557568491, 1263091.502178858034313 ] } },
{ "type": "Feature", "properties": { "element": "node", "id": 9500263355, "emergency": "fire_hydrant" }, "geometry": { "type": "Point", "coordinates": [ 2617112.735289721749723, 1262550.906718368642032 ] } },
{ "type": "Feature", "properties": { "element": "node", "id": 9514243707, "emergency": "fire_hydrant" }, "geometry": { "type": "Point", "coordinates": [ 2619429.9999720454216, 1263126.005410055397078 ] } },
{ "type": "Feature", "properties": { "element": "node", "id": 9514243708, "emergency": "fire_hydrant" }, "geometry": { "type": "Point", "coordinates": [ 2619463.721469492185861, 1263073.246236555976793 ] } },
{ "type": "Feature", "properties": { "element": "node", "id": 9519463319, "emergency": "fire_hydrant" }, "geometry": { "type": "Point", "coordinates": [ 2619955.285836796741933, 1263170.680300530279055 ] } },
{ "type": "Feature", "properties": { "element": "node", "id": 9519463320, "emergency": "fire_hydrant" }, "geometry": { "type": "Point", "coordinates": [ 2620012.027691832277924, 1263281.481344502884895 ] } },
{ "type": "Feature", "properties": { "element": "node", "id": 9519463322, "emergency": "fire_hydrant" }, "geometry": { "type": "Point", "coordinates": [ 2620010.682738172821701, 1263354.1269974084571 ] } },
{ "type": "Feature", "properties": { "element": "node", "id": 9519463323, "emergency": "fire_hydrant" }, "geometry": { "type": "Point", "coordinates": [ 2619783.107937414199114, 1263006.36788102821447 ] } },
{ "type": "Feature", "properties": { "element": "node", "id": 9519463324, "emergency": "fire_hydrant" }, "geometry": { "type": "Point", "coordinates": [ 2619886.77290166914463, 1263229.301761956652626 ] } },
{ "type": "Feature", "properties": { "element": "node", "id": 9519463326, "emergency": "fire_hydrant" }, "geometry": { "type": "Point", "coordinates": [ 2620199.737844617571682, 1263525.019407021114603 ] } },
{ "type": "Feature", "properties": { "element": "node", "id": 9519463332, "emergency": "fire_hydrant" }, "geometry": { "type": "Point", "coordinates": [ 2620079.950884239282459, 1263443.789765036897734 ] } },
{ "type": "Feature", "properties": { "element": "node", "id": 9519463333, "emergency": "fire_hydrant" }, "geometry": { "type": "Point", "coordinates": [ 2620145.947557052597404, 1263345.312189709860831 ] } },
{ "type": "Feature", "properties": { "element": "node", "id": 9519463334, "emergency": "fire_hydrant" }, "geometry": { "type": "Point", "coordinates": [ 2619884.350889716297388, 1263127.289879339747131 ] } },
{ "type": "Feature", "properties": { "element": "node", "id": 9519463335, "emergency": "fire_hydrant" }, "geometry": { "type": "Point", "coordinates": [ 2620177.259110839106143, 1263402.391423769760877 ] } },
{ "type": "Feature", "properties": { "element": "node", "id": 9519463336, "emergency": "fire_hydrant" }, "geometry": { "type": "Point", "coordinates": [ 2620051.704305990599096, 1263233.037453184137121 ] } },
{ "type": "Feature", "properties": { "element": "node", "id": 9519463337, "emergency": "fire_hydrant" }, "geometry": { "type": "Point", "coordinates": [ 2620162.97392975538969, 1263501.22228130698204 ] } },
{ "type": "Feature", "properties": { "element": "node", "id": 9519463338, "emergency": "fire_hydrant" }, "geometry": { "type": "Point", "coordinates": [ 2620325.93789587309584, 1263426.337931188754737 ] } },
{ "type": "Feature", "properties": { "element": "node", "id": 9575343143, "emergency": "fire_hydrant" }, "geometry": { "type": "Point", "coordinates": [ 2619192.272669792175293, 1262727.312222502660006 ] } },
{ "type": "Feature", "properties": { "element": "node", "id": 9575343146, "emergency": "fire_hydrant" }, "geometry": { "type": "Point", "coordinates": [ 2619243.86516149295494, 1262761.736405790550634 ] } },
{ "type": "Feature", "properties": { "element": "node", "id": 9575343149, "emergency": "fire_hydrant" }, "geometry": { "type": "Point", "coordinates": [ 2619161.790947250090539, 1262786.976996002020314 ] } },
{ "type": "Feature", "properties": { "element": "node", "id": 9575343152, "emergency": "fire_hydrant" }, "geometry": { "type": "Point", "coordinates": [ 2618975.987485830672085, 1262724.859188507543877 ] } },
{ "type": "Feature", "properties": { "element": "node", "id": 9575343156, "emergency": "fire_hydrant" }, "geometry": { "type": "Point", "coordinates": [ 2619071.1531059932895, 1262779.379682673839852 ] } },
{ "type": "Feature", "properties": { "element": "node", "id": 9575343158, "emergency": "fire_hydrant" }, "geometry": { "type": "Point", "coordinates": [ 2619288.821566631086171, 1262853.812516435980797 ] } },
{ "type": "Feature", "properties": { "element": "node", "id": 9592335691, "emergency": "fire_hydrant" }, "geometry": { "type": "Point", "coordinates": [ 2619244.696805295068771, 1263064.736825184896588 ] } },
{ "type": "Feature", "properties": { "element": "node", "id": 9592335692, "emergency": "fire_hydrant" }, "geometry": { "type": "Point", "coordinates": [ 2619275.204078841488808, 1263029.467112140031531 ] } },
{ "type": "Feature", "properties": { "element": "node", "id": 9653831280, "emergency": "fire_hydrant" }, "geometry": { "type": "Point", "coordinates": [ 2620139.072776332031935, 1263670.569333685329184 ] } },
{ "type": "Feature", "properties": { "element": "node", "id": 9653831281, "emergency": "fire_hydrant" }, "geometry": { "type": "Point", "coordinates": [ 2620303.250469089951366, 1263655.452039805008098 ] } },
{ "type": "Feature", "properties": { "element": "node", "id": 9653831283, "emergency": "fire_hydrant" }, "geometry": { "type": "Point", "coordinates": [ 2620228.249155416619033, 1263656.240714713232592 ] } },
{ "type": "Feature", "properties": { "element": "node", "id": 9653831284, "emergency": "fire_hydrant" }, "geometry": { "type": "Point", "coordinates": [ 2619722.225030938629061, 1263574.257339629344642 ] } },
{ "type": "Feature", "properties": { "element": "node", "id": 9653831285, "emergency": "fire_hydrant" }, "geometry": { "type": "Point", "coordinates": [ 2619695.567632624413818, 1263432.404021170921624 ] } },
{ "type": "Feature", "properties": { "element": "node", "id": 9653831287, "emergency": "fire_hydrant" }, "geometry": { "type": "Point", "coordinates": [ 2619834.582277596462518, 1263432.200496735982597 ] } },
{ "type": "Feature", "properties": { "element": "node", "id": 9653831290, "emergency": "fire_hydrant" }, "geometry": { "type": "Point", "coordinates": [ 2619664.811618286650628, 1263354.092300248565152 ] } },
{ "type": "Feature", "properties": { "element": "node", "id": 9653831291, "emergency": "fire_hydrant" }, "geometry": { "type": "Point", "coordinates": [ 2619839.405240234453231, 1263703.648803765885532 ] } },
{ "type": "Feature", "properties": { "element": "node", "id": 9653831292, "emergency": "fire_hydrant" }, "geometry": { "type": "Point", "coordinates": [ 2619917.791349011939019, 1263681.540697810705751 ] } },
{ "type": "Feature", "properties": { "element": "node", "id": 9653831294, "emergency": "fire_hydrant" }, "geometry": { "type": "Point", "coordinates": [ 2620038.883127788081765, 1263687.930838173953816 ] } },
{ "type": "Feature", "properties": { "element": "node", "id": 9653831295, "emergency": "fire_hydrant" }, "geometry": { "type": "Point", "coordinates": [ 2619828.522414863109589, 1263575.312511790543795 ] } },
{ "type": "Feature", "properties": { "element": "node", "id": 9653831296, "emergency": "fire_hydrant" }, "geometry": { "type": "Point", "coordinates": [ 2620104.79320220882073, 1263534.058573527960107 ] } },
{ "type": "Feature", "properties": { "element": "node", "id": 9655472710, "emergency": "fire_hydrant" }, "geometry": { "type": "Point", "coordinates": [ 2610752.446233258582652, 1259669.008419957477599 ] } },
{ "type": "Feature", "properties": { "element": "node", "id": 9685739195, "emergency": "fire_hydrant" }, "geometry": { "type": "Point", "coordinates": [ 2619569.982082893606275, 1263824.94868882605806 ] } },
{ "type": "Feature", "properties": { "element": "node", "id": 9685803531, "emergency": "fire_hydrant" }, "geometry": { "type": "Point", "coordinates": [ 2619455.786333383060992, 1263599.828333123121411 ] } },
{ "type": "Feature", "properties": { "element": "node", "id": 9685803533, "emergency": "fire_hydrant" }, "geometry": { "type": "Point", "coordinates": [ 2619479.592907584272325, 1263760.439799304818735 ] } },
{ "type": "Feature", "properties": { "element": "node", "id": 9688051787, "emergency": "fire_hydrant" }, "geometry": { "type": "Point", "coordinates": [ 2619262.260929433628917, 1262568.985633604228497 ] } },
{ "type": "Feature", "properties": { "element": "node", "id": 9688051798, "emergency": "fire_hydrant" }, "geometry": { "type": "Point", "coordinates": [ 2619216.9649408608675, 1262390.304711611242965 ] } },
{ "type": "Feature", "properties": { "element": "node", "id": 9724559508, "emergency": "fire_hydrant" }, "geometry": { "type": "Point", "coordinates": [ 2621346.285293901339173, 1259754.914608312072232 ] } },
{ "type": "Feature", "properties": { "element": "node", "id": 9724590637, "emergency": "fire_hydrant" }, "geometry": { "type": "Point", "coordinates": [ 2621372.527619446627796, 1259692.11078586964868 ] } },
{ "type": "Feature", "properties": { "element": "node", "id": 9724590653, "emergency": "fire_hydrant" }, "geometry": { "type": "Point", "coordinates": [ 2621286.192932019010186, 1259546.112200506031513 ] } },
{ "type": "Feature", "properties": { "element": "node", "id": 9727887124, "emergency": "fire_hydrant" }, "geometry": { "type": "Point", "coordinates": [ 2613849.792944529093802, 1260767.181415159255266 ] } },
{ "type": "Feature", "properties": { "element": "node", "id": 9730836681, "emergency": "fire_hydrant" }, "geometry": { "type": "Point", "coordinates": [ 2631907.400456889066845, 1256538.423983255401254 ] } },
{ "type": "Feature", "properties": { "element": "node", "id": 9730847349, "emergency": "fire_hydrant" }, "geometry": { "type": "Point", "coordinates": [ 2631964.09469499764964, 1256645.457592169288546 ] } },
{ "type": "Feature", "properties": { "element": "node", "id": 9761656823, "emergency": "fire_hydrant" }, "geometry": { "type": "Point", "coordinates": [ 2618548.087663618382066, 1262736.591809924226254 ] } },
{ "type": "Feature", "properties": { "element": "node", "id": 9761656824, "emergency": "fire_hydrant" }, "geometry": { "type": "Point", "coordinates": [ 2618729.256153134163469, 1262784.071439533727244 ] } },
{ "type": "Feature", "properties": { "element": "node", "id": 9761656825, "emergency": "fire_hydrant" }, "geometry": { "type": "Point", "coordinates": [ 2619180.099217114504427, 1262904.45043225446716 ] } },
{ "type": "Feature", "properties": { "element": "node", "id": 9761656826, "emergency": "fire_hydrant" }, "geometry": { "type": "Point", "coordinates": [ 2618841.55894647911191, 1262841.155246010283008 ] } },
{ "type": "Feature", "properties": { "element": "node", "id": 9761656830, "emergency": "fire_hydrant" }, "geometry": { "type": "Point", "coordinates": [ 2619089.952752269804478, 1262906.227537325350568 ] } },
{ "type": "Feature", "properties": { "element": "node", "id": 9761656834, "emergency": "fire_hydrant" }, "geometry": { "type": "Point", "coordinates": [ 2619386.504591573961079, 1262927.07034002407454 ] } },
{ "type": "Feature", "properties": { "element": "node", "id": 9830530957, "emergency": "fire_hydrant" }, "geometry": { "type": "Point", "coordinates": [ 2605715.335096333641559, 1255701.403424994554371 ] } },
{ "type": "Feature", "properties": { "element": "node", "id": 9830530958, "emergency": "fire_hydrant" }, "geometry": { "type": "Point", "coordinates": [ 2605788.206651931628585, 1255696.21437480696477 ] } },
{ "type": "Feature", "properties": { "element": "node", "id": 9830579500, "emergency": "fire_hydrant" }, "geometry": { "type": "Point", "coordinates": [ 2605905.022563071921468, 1255714.48492197948508 ] } },
{ "type": "Feature", "properties": { "element": "node", "id": 10135207574, "emergency": "fire_hydrant" }, "geometry": { "type": "Point", "coordinates": [ 2619045.001289568841457, 1249814.81993876863271 ] } },
{ "type": "Feature", "properties": { "element": "node", "id": 10135207575, "emergency": "fire_hydrant" }, "geometry": { "type": "Point", "coordinates": [ 2619074.119359854608774, 1249760.411239781649783 ] } },
{ "type": "Feature", "properties": { "element": "node", "id": 10135207576, "emergency": "fire_hydrant" }, "geometry": { "type": "Point", "coordinates": [ 2619064.79495605872944, 1249591.371456280350685 ] } },
{ "type": "Feature", "properties": { "element": "node", "id": 10135207586, "emergency": "fire_hydrant" }, "geometry": { "type": "Point", "coordinates": [ 2618849.656233717687428, 1249639.861430128570646 ] } },
{ "type": "Feature", "properties": { "element": "node", "id": 10240875548, "emergency": "fire_hydrant" }, "geometry": { "type": "Point", "coordinates": [ 2613595.458897075150162, 1262373.501492501236498 ] } },
{ "type": "Feature", "properties": { "element": "node", "id": 10240875553, "emergency": "fire_hydrant" }, "geometry": { "type": "Point", "coordinates": [ 2613578.955773361027241, 1262293.631282317917794 ] } },
{ "type": "Feature", "properties": { "element": "node", "id": 10240875556, "emergency": "fire_hydrant" }, "geometry": { "type": "Point", "coordinates": [ 2613493.519549273420125, 1262324.52447361103259 ] } },
{ "type": "Feature", "properties": { "element": "node", "id": 10240875595, "emergency": "fire_hydrant" }, "geometry": { "type": "Point", "coordinates": [ 2613503.17361644282937, 1262395.595076813362539 ] } },
{ "type": "Feature", "properties": { "element": "node", "id": 10281260933, "emergency": "fire_hydrant" }, "geometry": { "type": "Point", "coordinates": [ 2624310.563588104210794, 1257451.492188449017704 ] } },
{ "type": "Feature", "properties": { "element": "node", "id": 10651610835, "emergency": "fire_hydrant" }, "geometry": { "type": "Point", "coordinates": [ 2631341.61589724291116, 1249864.131873410660774 ] } },
{ "type": "Feature", "properties": { "element": "node", "id": 10651696760, "emergency": "fire_hydrant" }, "geometry": { "type": "Point", "coordinates": [ 2631423.126898050308228, 1249554.436525142984465 ] } },
{ "type": "Feature", "properties": { "element": "node", "id": 10651696761, "emergency": "fire_hydrant" }, "geometry": { "type": "Point", "coordinates": [ 2631327.982076784595847, 1249765.483779126545414 ] } },
{ "type": "Feature", "properties": { "element": "node", "id": 10779722015, "emergency": "fire_hydrant" }, "geometry": { "type": "Point", "coordinates": [ 2619978.233492419589311, 1263558.014104360248893 ] } },
{ "type": "Feature", "properties": { "element": "node", "id": 10779722016, "emergency": "fire_hydrant" }, "geometry": { "type": "Point", "coordinates": [ 2620045.365380574949086, 1263559.474980982486159 ] } },
{ "type": "Feature", "properties": { "element": "node", "id": 10779722017, "emergency": "fire_hydrant" }, "geometry": { "type": "Point", "coordinates": [ 2619888.517395050730556, 1263564.594882117584348 ] } },
{ "type": "Feature", "properties": { "element": "node", "id": 10779722018, "emergency": "fire_hydrant" }, "geometry": { "type": "Point", "coordinates": [ 2620152.187757240142673, 1263554.611433184705675 ] } },
{ "type": "Feature", "properties": { "element": "node", "id": 11127961732, "emergency": "fire_hydrant" }, "geometry": { "type": "Point", "coordinates": [ 2612453.523446136619896, 1262982.527529696235433 ] } },
{ "type": "Feature", "properties": { "element": "node", "id": 11127961733, "emergency": "fire_hydrant" }, "geometry": { "type": "Point", "coordinates": [ 2612532.871988936793059, 1263059.49158852477558 ] } },
{ "type": "Feature", "properties": { "element": "node", "id": 11127961740, "emergency": "fire_hydrant" }, "geometry": { "type": "Point", "coordinates": [ 2612607.65548572409898, 1263103.824636592995375 ] } },
{ "type": "Feature", "properties": { "element": "node", "id": 11127961741, "emergency": "fire_hydrant" }, "geometry": { "type": "Point", "coordinates": [ 2612646.726328939665109, 1263141.978295775828883 ] } },
{ "type": "Feature", "properties": { "element": "node", "id": 11127961743, "emergency": "fire_hydrant" }, "geometry": { "type": "Point", "coordinates": [ 2612774.772483378648758, 1263036.679820218123496 ] } },
{ "type": "Feature", "properties": { "element": "node", "id": 11127961744, "emergency": "fire_hydrant" }, "geometry": { "type": "Point", "coordinates": [ 2612750.318832701072097, 1262971.893939219415188 ] } },
{ "type": "Feature", "properties": { "element": "node", "id": 11127961745, "emergency": "fire_hydrant" }, "geometry": { "type": "Point", "coordinates": [ 2612950.148360093589872, 1262904.068344166735187 ] } },
{ "type": "Feature", "properties": { "element": "node", "id": 11127961746, "emergency": "fire_hydrant" }, "geometry": { "type": "Point", "coordinates": [ 2612995.264208186883479, 1262888.333806975511834 ] } },
{ "type": "Feature", "properties": { "element": "node", "id": 11127961766, "emergency": "fire_hydrant" }, "geometry": { "type": "Point", "coordinates": [ 2613006.224389147013426, 1262815.87472979305312 ] } },
{ "type": "Feature", "properties": { "element": "node", "id": 11127961795, "emergency": "fire_hydrant" }, "geometry": { "type": "Point", "coordinates": [ 2613381.1303271795623, 1262602.99444552604109 ] } },
{ "type": "Feature", "properties": { "element": "node", "id": 11148221382, "emergency": "fire_hydrant" }, "geometry": { "type": "Point", "coordinates": [ 2619310.246761547867209, 1262917.715152084128931 ] } },
{ "type": "Feature", "properties": { "element": "node", "id": 11148274555, "emergency": "fire_hydrant" }, "geometry": { "type": "Point", "coordinates": [ 2618910.807523303199559, 1261921.788074016105384 ] } },
{ "type": "Feature", "properties": { "element": "node", "id": 11148293616, "emergency": "fire_hydrant" }, "geometry": { "type": "Point", "coordinates": [ 2619309.545262179803103, 1262783.898439059732482 ] } },
{ "type": "Feature", "properties": { "element": "node", "id": 11148293956, "emergency": "fire_hydrant" }, "geometry": { "type": "Point", "coordinates": [ 2618906.917777393013239, 1262106.802642315160483 ] } },
{ "type": "Feature", "properties": { "element": "node", "id": 11156431006, "emergency": "fire_hydrant" }, "geometry": { "type": "Point", "coordinates": [ 2608688.11276449309662, 1267417.36404010723345 ] } },
{ "type": "Feature", "properties": { "element": "node", "id": 11178536533, "emergency": "fire_hydrant" }, "geometry": { "type": "Point", "coordinates": [ 2622900.379855774343014, 1258761.012255934299901 ] } },
{ "type": "Feature", "properties": { "element": "node", "id": 11178536641, "emergency": "fire_hydrant" }, "geometry": { "type": "Point", "coordinates": [ 2623036.821198891382664, 1258514.573345167096704 ] } },
{ "type": "Feature", "properties": { "element": "node", "id": 11197085797, "emergency": "fire_hydrant" }, "geometry": { "type": "Point", "coordinates": [ 2622410.831496445927769, 1256127.866984282387421 ] } },
{ "type": "Feature", "properties": { "element": "node", "id": 11197085798, "emergency": "fire_hydrant" }, "geometry": { "type": "Point", "coordinates": [ 2622267.041636010631919, 1256570.689635823946446 ] } },
{ "type": "Feature", "properties": { "element": "node", "id": 11197106425, "emergency": "fire_hydrant" }, "geometry": { "type": "Point", "coordinates": [ 2623434.326494540087879, 1255692.950596328591928 ] } },
{ "type": "Feature", "properties": { "element": "node", "id": 11197106426, "emergency": "fire_hydrant" }, "geometry": { "type": "Point", "coordinates": [ 2623371.435967876575887, 1255654.78816070407629 ] } },
{ "type": "Feature", "properties": { "element": "node", "id": 11197106427, "emergency": "fire_hydrant" }, "geometry": { "type": "Point", "coordinates": [ 2622976.457576774526387, 1255817.176964500453323 ] } },
{ "type": "Feature", "properties": { "element": "node", "id": 11197106428, "emergency": "fire_hydrant" }, "geometry": { "type": "Point", "coordinates": [ 2622902.949195963796228, 1255753.038788457401097 ] } },
{ "type": "Feature", "properties": { "element": "node", "id": 11197106429, "emergency": "fire_hydrant" }, "geometry": { "type": "Point", "coordinates": [ 2622818.096428692806512, 1255692.849454053677619 ] } },
{ "type": "Feature", "properties": { "element": "node", "id": 11197106430, "emergency": "fire_hydrant" }, "geometry": { "type": "Point", "coordinates": [ 2622764.15896637737751, 1255614.089632737683132 ] } },
{ "type": "Feature", "properties": { "element": "node", "id": 11197106431, "emergency": "fire_hydrant" }, "geometry": { "type": "Point", "coordinates": [ 2622595.662651205435395, 1255478.933196944883093 ] } },
{ "type": "Feature", "properties": { "element": "node", "id": 11197106432, "emergency": "fire_hydrant" }, "geometry": { "type": "Point", "coordinates": [ 2622563.295873751863837, 1255608.941479827044532 ] } },
{ "type": "Feature", "properties": { "element": "node", "id": 11197106433, "emergency": "fire_hydrant" }, "geometry": { "type": "Point", "coordinates": [ 2622532.974115569610149, 1255639.724672469543293 ] } },
{ "type": "Feature", "properties": { "element": "node", "id": 11197106434, "emergency": "fire_hydrant" }, "geometry": { "type": "Point", "coordinates": [ 2622496.126701038330793, 1255700.970340109197423 ] } },
{ "type": "Feature", "properties": { "element": "node", "id": 11197106435, "emergency": "fire_hydrant" }, "geometry": { "type": "Point", "coordinates": [ 2622420.961370440665632, 1255933.775160664692521 ] } },
{ "type": "Feature", "properties": { "element": "node", "id": 11197106436, "emergency": "fire_hydrant" }, "geometry": { "type": "Point", "coordinates": [ 2622416.206356909126043, 1256198.223349834792316 ] } },
{ "type": "Feature", "properties": { "element": "node", "id": 11207184848, "emergency": "fire_hydrant" }, "geometry": { "type": "Point", "coordinates": [ 2622194.634311330970377, 1259373.168001092039049 ] } },
{ "type": "Feature", "properties": { "element": "node", "id": 11207184849, "emergency": "fire_hydrant" }, "geometry": { "type": "Point", "coordinates": [ 2622329.003278621006757, 1259363.221025239909068 ] } },
{ "type": "Feature", "properties": { "element": "node", "id": 11207184850, "emergency": "fire_hydrant" }, "geometry": { "type": "Point", "coordinates": [ 2622360.408337927423418, 1259397.607149248477072 ] } },
{ "type": "Feature", "properties": { "element": "node", "id": 11207184851, "emergency": "fire_hydrant" }, "geometry": { "type": "Point", "coordinates": [ 2622300.349446232430637, 1259258.553186969831586 ] } },
{ "type": "Feature", "properties": { "element": "node", "id": 11207184852, "emergency": "fire_hydrant" }, "geometry": { "type": "Point", "coordinates": [ 2622126.696106971707195, 1259308.525822518859059 ] } },
{ "type": "Feature", "properties": { "element": "node", "id": 11207184853, "emergency": "fire_hydrant" }, "geometry": { "type": "Point", "coordinates": [ 2623023.418729841709137, 1258625.151861811522394 ] } },
{ "type": "Feature", "properties": { "element": "node", "id": 11207184854, "emergency": "fire_hydrant" }, "geometry": { "type": "Point", "coordinates": [ 2623047.501703272107989, 1258914.23048229678534 ] } },
{ "type": "Feature", "properties": { "element": "node", "id": 11207184855, "emergency": "fire_hydrant" }, "geometry": { "type": "Point", "coordinates": [ 2623261.715871699154377, 1259207.08792699011974 ] } },
{ "type": "Feature", "properties": { "element": "node", "id": 11207184856, "emergency": "fire_hydrant" }, "geometry": { "type": "Point", "coordinates": [ 2623067.184497760608792, 1259502.484842170262709 ] } },
{ "type": "Feature", "properties": { "element": "node", "id": 11207184857, "emergency": "fire_hydrant" }, "geometry": { "type": "Point", "coordinates": [ 2623165.468264197930694, 1259405.123801248148084 ] } },
{ "type": "Feature", "properties": { "element": "node", "id": 11207184858, "emergency": "fire_hydrant" }, "geometry": { "type": "Point", "coordinates": [ 2623555.474898320157081, 1259304.635839399183169 ] } },
{ "type": "Feature", "properties": { "element": "node", "id": 11207184859, "emergency": "fire_hydrant" }, "geometry": { "type": "Point", "coordinates": [ 2623503.30529460310936, 1259330.735541928326711 ] } },
{ "type": "Feature", "properties": { "element": "node", "id": 11207184860, "emergency": "fire_hydrant" }, "geometry": { "type": "Point", "coordinates": [ 2623261.629401597194374, 1259409.658778860932216 ] } },
{ "type": "Feature", "properties": { "element": "node", "id": 11207184861, "emergency": "fire_hydrant" }, "geometry": { "type": "Point", "coordinates": [ 2623171.976737891789526, 1259537.10576645238325 ] } },
{ "type": "Feature", "properties": { "element": "node", "id": 11207184862, "emergency": "fire_hydrant" }, "geometry": { "type": "Point", "coordinates": [ 2623093.636148564983159, 1259371.598658928181976 ] } },
{ "type": "Feature", "properties": { "element": "node", "id": 11207184863, "emergency": "fire_hydrant" }, "geometry": { "type": "Point", "coordinates": [ 2623253.492944135330617, 1259306.956967868609354 ] } },
{ "type": "Feature", "properties": { "element": "node", "id": 11207184864, "emergency": "fire_hydrant" }, "geometry": { "type": "Point", "coordinates": [ 2623450.63079847721383, 1259202.617640602169558 ] } },
{ "type": "Feature", "properties": { "element": "node", "id": 11207184865, "emergency": "fire_hydrant" }, "geometry": { "type": "Point", "coordinates": [ 2623417.537974503356963, 1259333.487069776281714 ] } },
{ "type": "Feature", "properties": { "element": "node", "id": 11207184866, "emergency": "fire_hydrant" }, "geometry": { "type": "Point", "coordinates": [ 2623345.597617275081575, 1259358.198083297582343 ] } },
{ "type": "Feature", "properties": { "element": "node", "id": 11207184867, "emergency": "fire_hydrant" }, "geometry": { "type": "Point", "coordinates": [ 2623374.581582924816757, 1259435.498197471955791 ] } },
{ "type": "Feature", "properties": { "element": "node", "id": 11207184868, "emergency": "fire_hydrant" }, "geometry": { "type": "Point", "coordinates": [ 2623322.909030527342111, 1259460.278332254150882 ] } },
{ "type": "Feature", "properties": { "element": "node", "id": 11207184869, "emergency": "fire_hydrant" }, "geometry": { "type": "Point", "coordinates": [ 2623342.340671020094305, 1259519.206020897720009 ] } },
{ "type": "Feature", "properties": { "element": "node", "id": 11207184870, "emergency": "fire_hydrant" }, "geometry": { "type": "Point", "coordinates": [ 2623428.312619906850159, 1259484.966102093923837 ] } },
{ "type": "Feature", "properties": { "element": "node", "id": 11207184871, "emergency": "fire_hydrant" }, "geometry": { "type": "Point", "coordinates": [ 2623480.95376914832741, 1259426.923620873130858 ] } },
{ "type": "Feature", "properties": { "element": "node", "id": 11207184872, "emergency": "fire_hydrant" }, "geometry": { "type": "Point", "coordinates": [ 2623787.583046812564135, 1259273.618835969595239 ] } },
{ "type": "Feature", "properties": { "element": "node", "id": 11207184873, "emergency": "fire_hydrant" }, "geometry": { "type": "Point", "coordinates": [ 2623542.72300200490281, 1259348.070335920900106 ] } },
{ "type": "Feature", "properties": { "element": "node", "id": 11207184874, "emergency": "fire_hydrant" }, "geometry": { "type": "Point", "coordinates": [ 2623742.577083736192435, 1259228.919192214496434 ] } },
{ "type": "Feature", "properties": { "element": "node", "id": 11207184875, "emergency": "fire_hydrant" }, "geometry": { "type": "Point", "coordinates": [ 2623681.801326171960682, 1259254.326849485514686 ] } },
{ "type": "Feature", "properties": { "element": "node", "id": 11207184876, "emergency": "fire_hydrant" }, "geometry": { "type": "Point", "coordinates": [ 2623564.699267618358135, 1259210.097026830771938 ] } },
{ "type": "Feature", "properties": { "element": "node", "id": 11207184877, "emergency": "fire_hydrant" }, "geometry": { "type": "Point", "coordinates": [ 2623317.50229392433539, 1259280.890509329037741 ] } },
{ "type": "Feature", "properties": { "element": "node", "id": 11207184878, "emergency": "fire_hydrant" }, "geometry": { "type": "Point", "coordinates": [ 2623352.023514217697084, 1259215.515166606521234 ] } },
{ "type": "Feature", "properties": { "element": "node", "id": 11207184879, "emergency": "fire_hydrant" }, "geometry": { "type": "Point", "coordinates": [ 2623403.086580738890916, 1259160.501213968032971 ] } },
{ "type": "Feature", "properties": { "element": "node", "id": 11207184880, "emergency": "fire_hydrant" }, "geometry": { "type": "Point", "coordinates": [ 2623462.994348997715861, 1259099.151711801998317 ] } },
{ "type": "Feature", "properties": { "element": "node", "id": 11207184881, "emergency": "fire_hydrant" }, "geometry": { "type": "Point", "coordinates": [ 2623475.840355300344527, 1258898.710734681459144 ] } },
{ "type": "Feature", "properties": { "element": "node", "id": 11207184882, "emergency": "fire_hydrant" }, "geometry": { "type": "Point", "coordinates": [ 2623851.006435524206609, 1258535.916560281999409 ] } },
{ "type": "Feature", "properties": { "element": "node", "id": 11207184883, "emergency": "fire_hydrant" }, "geometry": { "type": "Point", "coordinates": [ 2623559.787447919603437, 1258703.132945266319439 ] } },
{ "type": "Feature", "properties": { "element": "node", "id": 11207184884, "emergency": "fire_hydrant" }, "geometry": { "type": "Point", "coordinates": [ 2623488.285219328477979, 1258799.71497395564802 ] } },
{ "type": "Feature", "properties": { "element": "node", "id": 11207184885, "emergency": "fire_hydrant" }, "geometry": { "type": "Point", "coordinates": [ 2623400.969216165132821, 1258864.402702524326742 ] } },
{ "type": "Feature", "properties": { "element": "node", "id": 11207184886, "emergency": "fire_hydrant" }, "geometry": { "type": "Point", "coordinates": [ 2623441.222959238104522, 1259006.658304383512586 ] } },
{ "type": "Feature", "properties": { "element": "node", "id": 11207184887, "emergency": "fire_hydrant" }, "geometry": { "type": "Point", "coordinates": [ 2623375.065587170422077, 1259083.404961568536237 ] } },
{ "type": "Feature", "properties": { "element": "node", "id": 11207184888, "emergency": "fire_hydrant" }, "geometry": { "type": "Point", "coordinates": [ 2623055.605541446246207, 1259163.98726070439443 ] } },
{ "type": "Feature", "properties": { "element": "node", "id": 11207184889, "emergency": "fire_hydrant" }, "geometry": { "type": "Point", "coordinates": [ 2622909.553283793851733, 1259258.374474863754585 ] } },
{ "type": "Feature", "properties": { "element": "node", "id": 11207184890, "emergency": "fire_hydrant" }, "geometry": { "type": "Point", "coordinates": [ 2622939.020416015293449, 1259344.858299475163221 ] } },
{ "type": "Feature", "properties": { "element": "node", "id": 11207184891, "emergency": "fire_hydrant" }, "geometry": { "type": "Point", "coordinates": [ 2622884.90256540896371, 1259368.821128068258986 ] } },
{ "type": "Feature", "properties": { "element": "node", "id": 11207184892, "emergency": "fire_hydrant" }, "geometry": { "type": "Point", "coordinates": [ 2622860.826538251712918, 1259469.241084104636684 ] } },
{ "type": "Feature", "properties": { "element": "node", "id": 11207184893, "emergency": "fire_hydrant" }, "geometry": { "type": "Point", "coordinates": [ 2622797.810671729966998, 1259520.244392972905189 ] } },
{ "type": "Feature", "properties": { "element": "node", "id": 11207184894, "emergency": "fire_hydrant" }, "geometry": { "type": "Point", "coordinates": [ 2622783.530007430352271, 1259462.972757186274976 ] } },
{ "type": "Feature", "properties": { "element": "node", "id": 11207184895, "emergency": "fire_hydrant" }, "geometry": { "type": "Point", "coordinates": [ 2622613.934977785684168, 1259597.448676549596712 ] } },
{ "type": "Feature", "properties": { "element": "node", "id": 11207184896, "emergency": "fire_hydrant" }, "geometry": { "type": "Point", "coordinates": [ 2622707.908203006722033, 1259660.873101338511333 ] } },
{ "type": "Feature", "properties": { "element": "node", "id": 11207184897, "emergency": "fire_hydrant" }, "geometry": { "type": "Point", "coordinates": [ 2622709.636356579139829, 1259579.624376503750682 ] } },
{ "type": "Feature", "properties": { "element": "node", "id": 11207184898, "emergency": "fire_hydrant" }, "geometry": { "type": "Point", "coordinates": [ 2622845.276525325607508, 1259645.623518372187391 ] } },
{ "type": "Feature", "properties": { "element": "node", "id": 11207184899, "emergency": "fire_hydrant" }, "geometry": { "type": "Point", "coordinates": [ 2622758.162665951065719, 1259664.712760999333113 ] } },
{ "type": "Feature", "properties": { "element": "node", "id": 11207184900, "emergency": "fire_hydrant" }, "geometry": { "type": "Point", "coordinates": [ 2622827.968808313366026, 1259595.6784164654091 ] } },
{ "type": "Feature", "properties": { "element": "node", "id": 11207184901, "emergency": "fire_hydrant" }, "geometry": { "type": "Point", "coordinates": [ 2622826.238845380954444, 1259565.417815646156669 ] } },
{ "type": "Feature", "properties": { "element": "node", "id": 11207184902, "emergency": "fire_hydrant" }, "geometry": { "type": "Point", "coordinates": [ 2622896.194111289922148, 1259536.334289825055748 ] } },
{ "type": "Feature", "properties": { "element": "node", "id": 11207184903, "emergency": "fire_hydrant" }, "geometry": { "type": "Point", "coordinates": [ 2622971.21895849192515, 1259502.290066460613161 ] } },
{ "type": "Feature", "properties": { "element": "node", "id": 11207184904, "emergency": "fire_hydrant" }, "geometry": { "type": "Point", "coordinates": [ 2623044.507666550576687, 1259430.380937287583947 ] } },
{ "type": "Feature", "properties": { "element": "node", "id": 11207184905, "emergency": "fire_hydrant" }, "geometry": { "type": "Point", "coordinates": [ 2622950.760850970167667, 1259446.661889435723424 ] } },
{ "type": "Feature", "properties": { "element": "node", "id": 11207184906, "emergency": "fire_hydrant" }, "geometry": { "type": "Point", "coordinates": [ 2622941.839750315062702, 1259469.365057159913704 ] } },
{ "type": "Feature", "properties": { "element": "node", "id": 11207184907, "emergency": "fire_hydrant" }, "geometry": { "type": "Point", "coordinates": [ 2623103.534286407288164, 1259287.913588929222897 ] } },
{ "type": "Feature", "properties": { "element": "node", "id": 11207184908, "emergency": "fire_hydrant" }, "geometry": { "type": "Point", "coordinates": [ 2622978.475318221841007, 1259228.554109364049509 ] } },
{ "type": "Feature", "properties": { "element": "node", "id": 11207184909, "emergency": "fire_hydrant" }, "geometry": { "type": "Point", "coordinates": [ 2622864.050252452492714, 1259075.040940637467429 ] } },
{ "type": "Feature", "properties": { "element": "node", "id": 11207184910, "emergency": "fire_hydrant" }, "geometry": { "type": "Point", "coordinates": [ 2622705.563879755791277, 1258980.134410256054252 ] } },
{ "type": "Feature", "properties": { "element": "node", "id": 11207184911, "emergency": "fire_hydrant" }, "geometry": { "type": "Point", "coordinates": [ 2622523.980294150300324, 1259114.555736422538757 ] } },
{ "type": "Feature", "properties": { "element": "node", "id": 11207184912, "emergency": "fire_hydrant" }, "geometry": { "type": "Point", "coordinates": [ 2622825.138590143062174, 1259261.995968954870477 ] } },
{ "type": "Feature", "properties": { "element": "node", "id": 11207184913, "emergency": "fire_hydrant" }, "geometry": { "type": "Point", "coordinates": [ 2622897.289809927344322, 1259182.419917667051777 ] } },
{ "type": "Feature", "properties": { "element": "node", "id": 11207184914, "emergency": "fire_hydrant" }, "geometry": { "type": "Point", "coordinates": [ 2622760.354171355720609, 1259062.500323422253132 ] } },
{ "type": "Feature", "properties": { "element": "node", "id": 11207184915, "emergency": "fire_hydrant" }, "geometry": { "type": "Point", "coordinates": [ 2622632.659765985328704, 1259067.426232498371974 ] } },
{ "type": "Feature", "properties": { "element": "node", "id": 11207184916, "emergency": "fire_hydrant" }, "geometry": { "type": "Point", "coordinates": [ 2622569.419966699089855, 1258851.950097377644852 ] } },
{ "type": "Feature", "properties": { "element": "node", "id": 11207184917, "emergency": "fire_hydrant" }, "geometry": { "type": "Point", "coordinates": [ 2622600.966069011949003, 1258744.897549420595169 ] } },
{ "type": "Feature", "properties": { "element": "node", "id": 11207184918, "emergency": "fire_hydrant" }, "geometry": { "type": "Point", "coordinates": [ 2622609.615015391260386, 1258663.041648912243545 ] } },
{ "type": "Feature", "properties": { "element": "node", "id": 11207184919, "emergency": "fire_hydrant" }, "geometry": { "type": "Point", "coordinates": [ 2622602.120133322197944, 1258580.579400435090065 ] } },
{ "type": "Feature", "properties": { "element": "node", "id": 11207184920, "emergency": "fire_hydrant" }, "geometry": { "type": "Point", "coordinates": [ 2622588.813059753738344, 1258513.972462362144142 ] } },
{ "type": "Feature", "properties": { "element": "node", "id": 11207184921, "emergency": "fire_hydrant" }, "geometry": { "type": "Point", "coordinates": [ 2622580.234899173025042, 1258405.066020311089233 ] } },
{ "type": "Feature", "properties": { "element": "node", "id": 11207184922, "emergency": "fire_hydrant" }, "geometry": { "type": "Point", "coordinates": [ 2622531.689220164436847, 1258327.595664234366268 ] } },
{ "type": "Feature", "properties": { "element": "node", "id": 11207184923, "emergency": "fire_hydrant" }, "geometry": { "type": "Point", "coordinates": [ 2622524.991171201691031, 1258437.789306997321546 ] } },
{ "type": "Feature", "properties": { "element": "node", "id": 11207184924, "emergency": "fire_hydrant" }, "geometry": { "type": "Point", "coordinates": [ 2622518.19886390119791, 1258511.335576731711626 ] } },
{ "type": "Feature", "properties": { "element": "node", "id": 11207184925, "emergency": "fire_hydrant" }, "geometry": { "type": "Point", "coordinates": [ 2622506.340516660362482, 1258652.575210627634078 ] } },
{ "type": "Feature", "properties": { "element": "node", "id": 11207184926, "emergency": "fire_hydrant" }, "geometry": { "type": "Point", "coordinates": [ 2622470.595067500602454, 1258881.483897368656471 ] } },
{ "type": "Feature", "properties": { "element": "node", "id": 11207184927, "emergency": "fire_hydrant" }, "geometry": { "type": "Point", "coordinates": [ 2622477.462059184443206, 1259004.682442825520411 ] } },
{ "type": "Feature", "properties": { "element": "node", "id": 11207184928, "emergency": "fire_hydrant" }, "geometry": { "type": "Point", "coordinates": [ 2622402.769699554424733, 1259081.485413764836267 ] } },
{ "type": "Feature", "properties": { "element": "node", "id": 11207184929, "emergency": "fire_hydrant" }, "geometry": { "type": "Point", "coordinates": [ 2622469.893379278015345, 1259148.15123349823989 ] } },
{ "type": "Feature", "properties": { "element": "node", "id": 11207184930, "emergency": "fire_hydrant" }, "geometry": { "type": "Point", "coordinates": [ 2622413.845160072203726, 1259142.468679977580905 ] } },
{ "type": "Feature", "properties": { "element": "node", "id": 11207184931, "emergency": "fire_hydrant" }, "geometry": { "type": "Point", "coordinates": [ 2622327.995655306614935, 1259168.484848728170618 ] } },
{ "type": "Feature", "properties": { "element": "node", "id": 11207184932, "emergency": "fire_hydrant" }, "geometry": { "type": "Point", "coordinates": [ 2622312.049958699382842, 1257703.32139195362106 ] } },
{ "type": "Feature", "properties": { "element": "node", "id": 11207184933, "emergency": "fire_hydrant" }, "geometry": { "type": "Point", "coordinates": [ 2622439.051963419187814, 1257901.022720592329279 ] } },
{ "type": "Feature", "properties": { "element": "node", "id": 11207184934, "emergency": "fire_hydrant" }, "geometry": { "type": "Point", "coordinates": [ 2622626.84307963354513, 1258393.368997185258195 ] } },
{ "type": "Feature", "properties": { "element": "node", "id": 11207184935, "emergency": "fire_hydrant" }, "geometry": { "type": "Point", "coordinates": [ 2622635.488785687834024, 1258460.669792526867241 ] } },
{ "type": "Feature", "properties": { "element": "node", "id": 11207184936, "emergency": "fire_hydrant" }, "geometry": { "type": "Point", "coordinates": [ 2622694.473404994700104, 1258646.131960369413719 ] } },
{ "type": "Feature", "properties": { "element": "node", "id": 11207195237, "emergency": "fire_hydrant" }, "geometry": { "type": "Point", "coordinates": [ 2622730.457422765903175, 1258739.043856377713382 ] } },
{ "type": "Feature", "properties": { "element": "node", "id": 11207195238, "emergency": "fire_hydrant" }, "geometry": { "type": "Point", "coordinates": [ 2622798.809502549935132, 1258813.67901128763333 ] } },
{ "type": "Feature", "properties": { "element": "node", "id": 11207195239, "emergency": "fire_hydrant" }, "geometry": { "type": "Point", "coordinates": [ 2622925.789551177993417, 1259070.943104114383459 ] } },
{ "type": "Feature", "properties": { "element": "node", "id": 11207195240, "emergency": "fire_hydrant" }, "geometry": { "type": "Point", "coordinates": [ 2622712.668434063438326, 1259384.280790752265602 ] } },
{ "type": "Feature", "properties": { "element": "node", "id": 11207195241, "emergency": "fire_hydrant" }, "geometry": { "type": "Point", "coordinates": [ 2622616.373711420688778, 1259416.534821555716917 ] } },
{ "type": "Feature", "properties": { "element": "node", "id": 11207195242, "emergency": "fire_hydrant" }, "geometry": { "type": "Point", "coordinates": [ 2622319.039276653900743, 1259331.217320867581293 ] } },
{ "type": "Feature", "properties": { "element": "node", "id": 11207195243, "emergency": "fire_hydrant" }, "geometry": { "type": "Point", "coordinates": [ 2622394.55666629364714, 1259372.085269278148189 ] } },
{ "type": "Feature", "properties": { "element": "node", "id": 11207195244, "emergency": "fire_hydrant" }, "geometry": { "type": "Point", "coordinates": [ 2622385.590490501374006, 1259415.247455394593999 ] } },
{ "type": "Feature", "properties": { "element": "node", "id": 11207195245, "emergency": "fire_hydrant" }, "geometry": { "type": "Point", "coordinates": [ 2622459.050403840839863, 1259407.942369729513302 ] } },
{ "type": "Feature", "properties": { "element": "node", "id": 11553587058, "emergency": "fire_hydrant" }, "geometry": { "type": "Point", "coordinates": [ 2619476.199425085447729, 1263885.526348975487053 ] } },
{ "type": "Feature", "properties": { "element": "node", "id": 11553614387, "emergency": "fire_hydrant" }, "geometry": { "type": "Point", "coordinates": [ 2619492.379455171059817, 1263687.675910465186462 ] } },
{ "type": "Feature", "properties": { "element": "node", "id": 11618074720, "emergency": "fire_hydrant" }, "geometry": { "type": "Point", "coordinates": [ 2625600.348956219386309, 1257478.60306292725727 ] } },
{ "type": "Feature", "properties": { "element": "node", "id": 11618074721, "emergency": "fire_hydrant" }, "geometry": { "type": "Point", "coordinates": [ 2625600.000534033868462, 1257540.076493948698044 ] } },
{ "type": "Feature", "properties": { "element": "node", "id": 11620093251, "emergency": "fire_hydrant" }, "geometry": { "type": "Point", "coordinates": [ 2625681.902712035458535, 1257520.417230199789628 ] } },
{ "type": "Feature", "properties": { "element": "node", "id": 11627764229, "emergency": "fire_hydrant" }, "geometry": { "type": "Point", "coordinates": [ 2625748.466123245190829, 1257460.064956044079736 ] } },
{ "type": "Feature", "properties": { "element": "node", "id": 11629574069, "emergency": "fire_hydrant" }, "geometry": { "type": "Point", "coordinates": [ 2625660.827878122683614, 1257461.730750549584627 ] } },
{ "type": "Feature", "properties": { "element": "node", "id": 11644808373, "emergency": "fire_hydrant" }, "geometry": { "type": "Point", "coordinates": [ 2625461.531049822457135, 1257582.631527379853651 ] } },
{ "type": "Feature", "properties": { "element": "node", "id": 11644808374, "emergency": "fire_hydrant" }, "geometry": { "type": "Point", "coordinates": [ 2625118.33078118506819, 1257451.968820951413363 ] } },
{ "type": "Feature", "properties": { "element": "node", "id": 11644808375, "emergency": "fire_hydrant" }, "geometry": { "type": "Point", "coordinates": [ 2625069.281307339668274, 1257271.37259754864499 ] } },
{ "type": "Feature", "properties": { "element": "node", "id": 11673273004, "emergency": "fire_hydrant" }, "geometry": { "type": "Point", "coordinates": [ 2624298.357947660144418, 1257894.6196555190254 ] } },
{ "type": "Feature", "properties": { "element": "node", "id": 11673273047, "emergency": "fire_hydrant" }, "geometry": { "type": "Point", "coordinates": [ 2624236.758648476563394, 1257783.759305038489401 ] } },
{ "type": "Feature", "properties": { "element": "node", "id": 11736519372, "emergency": "fire_hydrant" }, "geometry": { "type": "Point", "coordinates": [ 2622166.471377021167427, 1259253.50357160391286 ] } },
{ "type": "Feature", "properties": { "element": "node", "id": 11816266025, "emergency": "fire_hydrant" }, "geometry": { "type": "Point", "coordinates": [ 2618646.427301303949207, 1261816.479137616930529 ] } },
{ "type": "Feature", "properties": { "element": "node", "id": 11866965585, "emergency": "fire_hydrant" }, "geometry": { "type": "Point", "coordinates": [ 2624372.908299010246992, 1257862.014522414654493 ] } },
{ "type": "Feature", "properties": { "element": "node", "id": 11867006719, "emergency": "fire_hydrant" }, "geometry": { "type": "Point", "coordinates": [ 2624300.964078549295664, 1257990.817690784810111 ] } },
{ "type": "Feature", "properties": { "element": "node", "id": 11867029119, "emergency": "fire_hydrant" }, "geometry": { "type": "Point", "coordinates": [ 2624357.456884996034205, 1257971.280596688855439 ] } },
{ "type": "Feature", "properties": { "element": "node", "id": 11872158054, "emergency": "fire_hydrant" }, "geometry": { "type": "Point", "coordinates": [ 2623948.187905658967793, 1258440.554512406466529 ] } },
{ "type": "Feature", "properties": { "element": "node", "id": 11872190158, "emergency": "fire_hydrant" }, "geometry": { "type": "Point", "coordinates": [ 2624093.369812829419971, 1258344.966467313934118 ] } },
{ "type": "Feature", "properties": { "element": "node", "id": 11872247667, "emergency": "fire_hydrant" }, "geometry": { "type": "Point", "coordinates": [ 2624100.251494478899986, 1258209.802782881539315 ] } },
{ "type": "Feature", "properties": { "element": "node", "id": 11872248204, "emergency": "fire_hydrant" }, "geometry": { "type": "Point", "coordinates": [ 2624169.859140294604003, 1258077.329554365947843 ] } },
{ "type": "Feature", "properties": { "element": "node", "id": 11872255278, "emergency": "fire_hydrant" }, "geometry": { "type": "Point", "coordinates": [ 2623937.18228862946853, 1258406.920609912602231 ] } },
{ "type": "Feature", "properties": { "element": "node", "id": 11872266439, "emergency": "fire_hydrant" }, "geometry": { "type": "Point", "coordinates": [ 2623984.413541704881936, 1258256.809603857342154 ] } },
{ "type": "Feature", "properties": { "element": "node", "id": 11872269181, "emergency": "fire_hydrant" }, "geometry": { "type": "Point", "coordinates": [ 2623860.275515221059322, 1258287.507580355508253 ] } },
{ "type": "Feature", "properties": { "element": "node", "id": 11889198556, "emergency": "fire_hydrant" }, "geometry": { "type": "Point", "coordinates": [ 2624850.778673172462732, 1258047.122618995606899 ] } },
{ "type": "Feature", "properties": { "element": "node", "id": 11889221626, "emergency": "fire_hydrant" }, "geometry": { "type": "Point", "coordinates": [ 2623866.273886386305094, 1258402.265075056115165 ] } },
{ "type": "Feature", "properties": { "element": "node", "id": 11889225517, "emergency": "fire_hydrant" }, "geometry": { "type": "Point", "coordinates": [ 2624600.629616327118129, 1257767.412702087545767 ] } },
{ "type": "Feature", "properties": { "element": "node", "id": 11889234441, "emergency": "fire_hydrant" }, "geometry": { "type": "Point", "coordinates": [ 2624501.742764913942665, 1257781.323967888019979 ] } },
{ "type": "Feature", "properties": { "element": "node", "id": 11889239528, "emergency": "fire_hydrant" }, "geometry": { "type": "Point", "coordinates": [ 2624443.324967556167394, 1257808.234518048353493 ] } },
{ "type": "Feature", "properties": { "element": "node", "id": 11889240813, "emergency": "fire_hydrant" }, "geometry": { "type": "Point", "coordinates": [ 2624169.829450328834355, 1258528.33526613144204 ] } },
{ "type": "Feature", "properties": { "element": "node", "id": 11889244699, "emergency": "fire_hydrant" }, "geometry": { "type": "Point", "coordinates": [ 2624673.994363120291382, 1258273.982883330900222 ] } },
{ "type": "Feature", "properties": { "element": "node", "id": 11889245057, "emergency": "fire_hydrant" }, "geometry": { "type": "Point", "coordinates": [ 2624490.346980760339648, 1258355.332541855517775 ] } },
{ "type": "Feature", "properties": { "element": "node", "id": 11889245058, "emergency": "fire_hydrant" }, "geometry": { "type": "Point", "coordinates": [ 2624016.17974794190377, 1258539.796740983845666 ] } },
{ "type": "Feature", "properties": { "element": "node", "id": 11889247233, "emergency": "fire_hydrant" }, "geometry": { "type": "Point", "coordinates": [ 2624189.941248037386686, 1257948.212855047779158 ] } },
{ "type": "Feature", "properties": { "element": "node", "id": 11889249224, "emergency": "fire_hydrant" }, "geometry": { "type": "Point", "coordinates": [ 2624175.634914692491293, 1258374.643523819744587 ] } },
{ "type": "Feature", "properties": { "element": "node", "id": 11889249434, "emergency": "fire_hydrant" }, "geometry": { "type": "Point", "coordinates": [ 2624397.460695882327855, 1258399.146157426061109 ] } },
{ "type": "Feature", "properties": { "element": "node", "id": 11889250943, "emergency": "fire_hydrant" }, "geometry": { "type": "Point", "coordinates": [ 2623943.329868890810758, 1258486.199202271178365 ] } },
{ "type": "Feature", "properties": { "element": "node", "id": 11889251103, "emergency": "fire_hydrant" }, "geometry": { "type": "Point", "coordinates": [ 2624233.254483274649829, 1258487.844338431255892 ] } },
{ "type": "Feature", "properties": { "element": "node", "id": 11889251346, "emergency": "fire_hydrant" }, "geometry": { "type": "Point", "coordinates": [ 2624581.462955894879997, 1258313.38097852608189 ] } },
{ "type": "Feature", "properties": { "element": "node", "id": 11889251992, "emergency": "fire_hydrant" }, "geometry": { "type": "Point", "coordinates": [ 2624381.07966696890071, 1257794.391220063669607 ] } },
{ "type": "Feature", "properties": { "element": "node", "id": 11889252145, "emergency": "fire_hydrant" }, "geometry": { "type": "Point", "coordinates": [ 2624314.508368245325983, 1258439.955460893921554 ] } },
{ "type": "Feature", "properties": { "element": "node", "id": 11916101570, "emergency": "fire_hydrant" }, "geometry": { "type": "Point", "coordinates": [ 2613378.583975965157151, 1265363.470883183646947 ] } },
{ "type": "Feature", "properties": { "element": "node", "id": 11916106769, "emergency": "fire_hydrant" }, "geometry": { "type": "Point", "coordinates": [ 2613385.465106702875346, 1265360.406481923069805 ] } },
{ "type": "Feature", "properties": { "element": "node", "id": 11970608045, "emergency": "fire_hydrant" }, "geometry": { "type": "Point", "coordinates": [ 2631640.435673695057631, 1249281.055274305632338 ] } },
{ "type": "Feature", "properties": { "element": "node", "id": 11970608046, "emergency": "fire_hydrant" }, "geometry": { "type": "Point", "coordinates": [ 2631672.910634924657643, 1249225.414065822260454 ] } },
{ "type": "Feature", "properties": { "element": "node", "id": 11970608047, "emergency": "fire_hydrant" }, "geometry": { "type": "Point", "coordinates": [ 2631901.387605361174792, 1249023.593585438793525 ] } },
{ "type": "Feature", "properties": { "element": "node", "id": 12007547887, "emergency": "fire_hydrant" }, "geometry": { "type": "Point", "coordinates": [ 2631433.45476620644331, 1249243.797913352726027 ] } },
{ "type": "Feature", "properties": { "element": "node", "id": 12007547897, "emergency": "fire_hydrant" }, "geometry": { "type": "Point", "coordinates": [ 2631363.259472722187638, 1249242.926092536887154 ] } },
{ "type": "Feature", "properties": { "element": "node", "id": 12007547899, "emergency": "fire_hydrant" }, "geometry": { "type": "Point", "coordinates": [ 2631257.610863910987973, 1249294.791898016352206 ] } },
{ "type": "Feature", "properties": { "element": "node", "id": 12007547902, "emergency": "fire_hydrant" }, "geometry": { "type": "Point", "coordinates": [ 2631132.924718053545803, 1249412.580855283653364 ] } },
{ "type": "Feature", "properties": { "element": "node", "id": 12007600803, "emergency": "fire_hydrant" }, "geometry": { "type": "Point", "coordinates": [ 2629889.046349831391126, 1251039.83853805414401 ] } },
{ "type": "Feature", "properties": { "element": "node", "id": 12007600804, "emergency": "fire_hydrant" }, "geometry": { "type": "Point", "coordinates": [ 2629940.6208376144059, 1251213.068623280152678 ] } },
{ "type": "Feature", "properties": { "element": "node", "id": 12007600807, "emergency": "fire_hydrant" }, "geometry": { "type": "Point", "coordinates": [ 2630883.195992594584823, 1250943.230724824825302 ] } },
{ "type": "Feature", "properties": { "element": "node", "id": 12053776756, "emergency": "fire_hydrant" }, "geometry": { "type": "Point", "coordinates": [ 2630818.567285931203514, 1249033.158067718613893 ] } },
{ "type": "Feature", "properties": { "element": "node", "id": 12095887421, "emergency": "fire_hydrant" }, "geometry": { "type": "Point", "coordinates": [ 2631495.399686217308044, 1249080.774602593388408 ] } },
{ "type": "Feature", "properties": { "element": "node", "id": 12113295368, "emergency": "fire_hydrant" }, "geometry": { "type": "Point", "coordinates": [ 2632542.591465579811484, 1251656.415784685174003 ] } },
{ "type": "Feature", "properties": { "element": "node", "id": 12113295370, "emergency": "fire_hydrant" }, "geometry": { "type": "Point", "coordinates": [ 2632472.268377752974629, 1251606.930953512666747 ] } },
{ "type": "Feature", "properties": { "element": "node", "id": 12113295373, "emergency": "fire_hydrant" }, "geometry": { "type": "Point", "coordinates": [ 2632310.184486689511687, 1251535.73220204631798 ] } },
{ "type": "Feature", "properties": { "element": "node", "id": 12113295374, "emergency": "fire_hydrant" }, "geometry": { "type": "Point", "coordinates": [ 2632072.057121598627418, 1251580.692538011819124 ] } },
{ "type": "Feature", "properties": { "element": "node", "id": 12113307615, "emergency": "fire_hydrant" }, "geometry": { "type": "Point", "coordinates": [ 2630935.292327040806413, 1250986.408385698916391 ] } },
{ "type": "Feature", "properties": { "element": "node", "id": 12115335793, "emergency": "fire_hydrant" }, "geometry": { "type": "Point", "coordinates": [ 2599091.107030278071761, 1249434.690137249650434 ] } },
{ "type": "Feature", "properties": { "element": "node", "id": 12115335795, "emergency": "fire_hydrant" }, "geometry": { "type": "Point", "coordinates": [ 2599020.007150422316045, 1249402.014632984064519 ] } },
{ "type": "Feature", "properties": { "element": "node", "id": 12118304037, "emergency": "fire_hydrant" }, "geometry": { "type": "Point", "coordinates": [ 2619916.142825603950769, 1262838.519579109502956 ] } },
{ "type": "Feature", "properties": { "element": "node", "id": 12118319339, "emergency": "fire_hydrant" }, "geometry": { "type": "Point", "coordinates": [ 2619944.991001279093325, 1262780.743360140360892 ] } },
{ "type": "Feature", "properties": { "element": "node", "id": 12118425335, "emergency": "fire_hydrant" }, "geometry": { "type": "Point", "coordinates": [ 2619953.21393235726282, 1261633.437900561606511 ] } },
{ "type": "Feature", "properties": { "element": "node", "id": 12118453100, "emergency": "fire_hydrant" }, "geometry": { "type": "Point", "coordinates": [ 2619325.044035122729838, 1262447.550724839093164 ] } },
{ "type": "Feature", "properties": { "element": "node", "id": 12118454808, "emergency": "fire_hydrant" }, "geometry": { "type": "Point", "coordinates": [ 2619415.851173782721162, 1262628.015866790898144 ] } },
{ "type": "Feature", "properties": { "element": "node", "id": 12118454812, "emergency": "fire_hydrant" }, "geometry": { "type": "Point", "coordinates": [ 2619562.384233023039997, 1262941.457699961960316 ] } },
{ "type": "Feature", "properties": { "element": "node", "id": 12118454814, "emergency": "fire_hydrant" }, "geometry": { "type": "Point", "coordinates": [ 2619521.819574717897922, 1262777.600013350369409 ] } },
{ "type": "Feature", "properties": { "element": "node", "id": 12118454818, "emergency": "fire_hydrant" }, "geometry": { "type": "Point", "coordinates": [ 2619471.324100015684962, 1262698.679684037342668 ] } },
{ "type": "Feature", "properties": { "element": "node", "id": 12121025660, "emergency": "fire_hydrant" }, "geometry": { "type": "Point", "coordinates": [ 2631701.358347683679312, 1249659.307118233991787 ] } },
{ "type": "Feature", "properties": { "element": "node", "id": 12121025661, "emergency": "fire_hydrant" }, "geometry": { "type": "Point", "coordinates": [ 2631494.745517347473651, 1249566.657433400396258 ] } },
{ "type": "Feature", "properties": { "element": "node", "id": 12121025662, "emergency": "fire_hydrant" }, "geometry": { "type": "Point", "coordinates": [ 2631507.978511569555849, 1249510.068170126993209 ] } },
{ "type": "Feature", "properties": { "element": "node", "id": 12121025663, "emergency": "fire_hydrant" }, "geometry": { "type": "Point", "coordinates": [ 2631516.174870014190674, 1249460.812585938256234 ] } },
{ "type": "Feature", "properties": { "element": "node", "id": 12121025665, "emergency": "fire_hydrant" }, "geometry": { "type": "Point", "coordinates": [ 2631556.661950535140932, 1249184.423607770353556 ] } },
{ "type": "Feature", "properties": { "element": "node", "id": 12141279104, "emergency": "fire_hydrant" }, "geometry": { "type": "Point", "coordinates": [ 2621123.995298084337264, 1260009.181017712922767 ] } },
{ "type": "Feature", "properties": { "element": "node", "id": 12157376867, "emergency": "fire_hydrant" }, "geometry": { "type": "Point", "coordinates": [ 2614447.169185589533299, 1265254.743486624443904 ] } },
{ "type": "Feature", "properties": { "element": "node", "id": 12157376868, "emergency": "fire_hydrant" }, "geometry": { "type": "Point", "coordinates": [ 2614403.263048599474132, 1265357.975165464682505 ] } },
{ "type": "Feature", "properties": { "element": "node", "id": 12159755110, "emergency": "fire_hydrant" }, "geometry": { "type": "Point", "coordinates": [ 2613702.969795442186296, 1267425.77146092010662 ] } },
{ "type": "Feature", "properties": { "element": "node", "id": 12174851701, "emergency": "fire_hydrant" }, "geometry": { "type": "Point", "coordinates": [ 2608082.282339902129024, 1266578.081085815792903 ] } },
{ "type": "Feature", "properties": { "element": "node", "id": 12174870901, "emergency": "fire_hydrant" }, "geometry": { "type": "Point", "coordinates": [ 2607667.059829843696207, 1266738.032891961047426 ] } },
{ "type": "Feature", "properties": { "element": "node", "id": 12216498370, "emergency": "fire_hydrant" }, "geometry": { "type": "Point", "coordinates": [ 2631491.11156650679186, 1249322.510796932969242 ] } },
{ "type": "Feature", "properties": { "element": "node", "id": 12216559747, "emergency": "fire_hydrant" }, "geometry": { "type": "Point", "coordinates": [ 2631484.391462108120322, 1249352.517116408562288 ] } },
{ "type": "Feature", "properties": { "element": "node", "id": 12216568673, "emergency": "fire_hydrant" }, "geometry": { "type": "Point", "coordinates": [ 2631520.822930185124278, 1249250.988097421359271 ] } },
{ "type": "Feature", "properties": { "element": "node", "id": 12222070966, "emergency": "fire_hydrant" }, "geometry": { "type": "Point", "coordinates": [ 2635930.942703869193792, 1256971.673448736546561 ] } },
{ "type": "Feature", "properties": { "element": "node", "id": 12222070967, "emergency": "fire_hydrant" }, "geometry": { "type": "Point", "coordinates": [ 2635838.866775334347039, 1256995.75471191923134 ] } },
{ "type": "Feature", "properties": { "element": "node", "id": 12222070968, "emergency": "fire_hydrant" }, "geometry": { "type": "Point", "coordinates": [ 2635873.573342250194401, 1256891.315449719317257 ] } },
{ "type": "Feature", "properties": { "element": "node", "id": 12222070969, "emergency": "fire_hydrant" }, "geometry": { "type": "Point", "coordinates": [ 2635838.459240119438618, 1256899.85332423239015 ] } },
{ "type": "Feature", "properties": { "element": "node", "id": 12222070971, "emergency": "fire_hydrant" }, "geometry": { "type": "Point", "coordinates": [ 2635807.260638199746609, 1256839.456818044185638 ] } },
{ "type": "Feature", "properties": { "element": "node", "id": 12222070972, "emergency": "fire_hydrant" }, "geometry": { "type": "Point", "coordinates": [ 2635914.678908747620881, 1256696.753593886038288 ] } },
{ "type": "Feature", "properties": { "element": "node", "id": 12222070973, "emergency": "fire_hydrant" }, "geometry": { "type": "Point", "coordinates": [ 2635850.404339670203626, 1256722.726706732064486 ] } },
{ "type": "Feature", "properties": { "element": "node", "id": 12222070974, "emergency": "fire_hydrant" }, "geometry": { "type": "Point", "coordinates": [ 2635781.150010888464749, 1256770.518697765655816 ] } },
{ "type": "Feature", "properties": { "element": "node", "id": 12222070975, "emergency": "fire_hydrant" }, "geometry": { "type": "Point", "coordinates": [ 2635742.2236312427558, 1256899.649893735768273 ] } },
{ "type": "Feature", "properties": { "element": "node", "id": 12222070976, "emergency": "fire_hydrant" }, "geometry": { "type": "Point", "coordinates": [ 2635691.786310246214271, 1256942.241766232065856 ] } },
{ "type": "Feature", "properties": { "element": "node", "id": 12222070977, "emergency": "fire_hydrant" }, "geometry": { "type": "Point", "coordinates": [ 2635498.777181000448763, 1257031.832879048306495 ] } },
{ "type": "Feature", "properties": { "element": "node", "id": 12222070978, "emergency": "fire_hydrant" }, "geometry": { "type": "Point", "coordinates": [ 2636134.371774793136865, 1257119.711434008320794 ] } },
{ "type": "Feature", "properties": { "element": "node", "id": 12222070979, "emergency": "fire_hydrant" }, "geometry": { "type": "Point", "coordinates": [ 2635828.10455139959231, 1257067.205201426753774 ] } },
{ "type": "Feature", "properties": { "element": "node", "id": 12222070980, "emergency": "fire_hydrant" }, "geometry": { "type": "Point", "coordinates": [ 2635996.782378444448113, 1256835.42417865130119 ] } },
{ "type": "Feature", "properties": { "element": "node", "id": 12222070981, "emergency": "fire_hydrant" }, "geometry": { "type": "Point", "coordinates": [ 2636098.780394883826375, 1256841.737679756712168 ] } },
{ "type": "Feature", "properties": { "element": "node", "id": 12222070982, "emergency": "fire_hydrant" }, "geometry": { "type": "Point", "coordinates": [ 2636018.721258045639843, 1256599.162648051977158 ] } },
{ "type": "Feature", "properties": { "element": "node", "id": 12355463601, "emergency": "fire_hydrant" }, "geometry": { "type": "Point", "coordinates": [ 2609330.657153312116861, 1267050.224289015866816 ] } },
{ "type": "Feature", "properties": { "element": "node", "id": 12355480101, "emergency": "fire_hydrant" }, "geometry": { "type": "Point", "coordinates": [ 2609152.890115770511329, 1267133.161763325333595 ] } },
{ "type": "Feature", "properties": { "element": "node", "id": 12370400077, "emergency": "fire_hydrant" }, "geometry": { "type": "Point", "coordinates": [ 2608354.611958463210613, 1263029.871757863555104 ] } },
{ "type": "Feature", "properties": { "element": "node", "id": 12435272873, "emergency": "fire_hydrant" }, "geometry": { "type": "Point", "coordinates": [ 2619595.000560723710805, 1253428.977463942952454 ] } },
{ "type": "Feature", "properties": { "element": "node", "id": 12435327084, "emergency": "fire_hydrant" }, "geometry": { "type": "Point", "coordinates": [ 2619741.637663083150983, 1253541.948742195731029 ] } },
{ "type": "Feature", "properties": { "element": "node", "id": 12462726133, "emergency": "fire_hydrant" }, "geometry": { "type": "Point", "coordinates": [ 2620824.781671770382673, 1253799.16211425466463 ] } },
{ "type": "Feature", "properties": { "element": "node", "id": 12465145718, "emergency": "fire_hydrant" }, "geometry": { "type": "Point", "coordinates": [ 2620073.605973684694618, 1253347.832875256426632 ] } },
{ "type": "Feature", "properties": { "element": "node", "id": 12466599480, "emergency": "fire_hydrant" }, "geometry": { "type": "Point", "coordinates": [ 2620356.417165846098214, 1253387.343635178403929 ] } },
{ "type": "Feature", "properties": { "element": "node", "id": 12466653705, "emergency": "fire_hydrant" }, "geometry": { "type": "Point", "coordinates": [ 2620302.842611514497548, 1253250.692174061667174 ] } },
{ "type": "Feature", "properties": { "element": "node", "id": 12466703978, "emergency": "fire_hydrant" }, "geometry": { "type": "Point", "coordinates": [ 2620373.03050075378269, 1253246.607557424576953 ] } },
{ "type": "Feature", "properties": { "element": "node", "id": 12466707819, "emergency": "fire_hydrant" }, "geometry": { "type": "Point", "coordinates": [ 2620495.282417566981167, 1253234.531232797075063 ] } },
{ "type": "Feature", "properties": { "element": "node", "id": 12468551154, "emergency": "fire_hydrant" }, "geometry": { "type": "Point", "coordinates": [ 2620399.286343033891171, 1253426.627791233127937 ] } },
{ "type": "Feature", "properties": { "element": "node", "id": 12480151354, "emergency": "fire_hydrant" }, "geometry": { "type": "Point", "coordinates": [ 2603896.806747618597001, 1252391.894593434641138 ] } },
{ "type": "Feature", "properties": { "element": "node", "id": 12488137833, "emergency": "fire_hydrant" }, "geometry": { "type": "Point", "coordinates": [ 2603870.56763818487525, 1252101.821796046104282 ] } },
{ "type": "Feature", "properties": { "element": "node", "id": 12488521902, "emergency": "fire_hydrant" }, "geometry": { "type": "Point", "coordinates": [ 2604021.113672439940274, 1252123.812399272341281 ] } },
{ "type": "Feature", "properties": { "element": "node", "id": 12488583176, "emergency": "fire_hydrant" }, "geometry": { "type": "Point", "coordinates": [ 2603974.21969064231962, 1252150.343055312288925 ] } },
{ "type": "Feature", "properties": { "element": "node", "id": 12495619799, "emergency": "fire_hydrant" }, "geometry": { "type": "Point", "coordinates": [ 2603634.365931921172887, 1252515.122460988583043 ] } },
{ "type": "Feature", "properties": { "element": "node", "id": 12497825496, "emergency": "fire_hydrant" }, "geometry": { "type": "Point", "coordinates": [ 2604145.194865443278104, 1252517.920324248960242 ] } },
{ "type": "Feature", "properties": { "element": "node", "id": 12504150508, "emergency": "fire_hydrant" }, "geometry": { "type": "Point", "coordinates": [ 2604337.015950310509652, 1252627.54924046061933 ] } },
{ "type": "Feature", "properties": { "element": "node", "id": 12504151386, "emergency": "fire_hydrant" }, "geometry": { "type": "Point", "coordinates": [ 2604277.973361695650965, 1252594.629936827812344 ] } },
{ "type": "Feature", "properties": { "element": "node", "id": 12513917280, "emergency": "fire_hydrant" }, "geometry": { "type": "Point", "coordinates": [ 2604916.247823311481625, 1252641.904205060563982 ] } },
{ "type": "Feature", "properties": { "element": "node", "id": 12535985740, "emergency": "fire_hydrant" }, "geometry": { "type": "Point", "coordinates": [ 2605113.48116615973413, 1252550.320122719043866 ] } },
{ "type": "Feature", "properties": { "element": "node", "id": 12535985754, "emergency": "fire_hydrant" }, "geometry": { "type": "Point", "coordinates": [ 2605213.09753556875512, 1252472.543860760051757 ] } },
{ "type": "Feature", "properties": { "element": "node", "id": 12543509880, "emergency": "fire_hydrant" }, "geometry": { "type": "Point", "coordinates": [ 2604817.114588447846472, 1252200.902618472930044 ] } },
{ "type": "Feature", "properties": { "element": "node", "id": 12548771709, "emergency": "fire_hydrant" }, "geometry": { "type": "Point", "coordinates": [ 2605718.410819878336042, 1252241.164231362752616 ] } },
{ "type": "Feature", "properties": { "element": "node", "id": 12548771768, "emergency": "fire_hydrant" }, "geometry": { "type": "Point", "coordinates": [ 2605495.219679338857532, 1252253.685988903045654 ] } },
{ "type": "Feature", "properties": { "element": "node", "id": 12551023020, "emergency": "fire_hydrant" }, "geometry": { "type": "Point", "coordinates": [ 2605446.583439664915204, 1252173.422602852107957 ] } },
{ "type": "Feature", "properties": { "element": "node", "id": 12553623473, "emergency": "fire_hydrant" }, "geometry": { "type": "Point", "coordinates": [ 2605049.310153375845402, 1252052.040608722483739 ] } },
{ "type": "Feature", "properties": { "element": "node", "id": 12553623474, "emergency": "fire_hydrant" }, "geometry": { "type": "Point", "coordinates": [ 2604982.087236383929849, 1252035.373617734527215 ] } },
{ "type": "Feature", "properties": { "element": "node", "id": 12556114456, "emergency": "fire_hydrant" }, "geometry": { "type": "Point", "coordinates": [ 2605637.188391057774425, 1252198.481701845303178 ] } },
{ "type": "Feature", "properties": { "element": "node", "id": 12570747750, "emergency": "fire_hydrant" }, "geometry": { "type": "Point", "coordinates": [ 2605128.163155357819051, 1251898.818662582430989 ] } },
{ "type": "Feature", "properties": { "element": "node", "id": 12595461072, "emergency": "fire_hydrant" }, "geometry": { "type": "Point", "coordinates": [ 2605625.483086233492941, 1249859.396708784392104 ] } },
{ "type": "Feature", "properties": { "element": "node", "id": 12600302184, "emergency": "fire_hydrant" }, "geometry": { "type": "Point", "coordinates": [ 2605858.165392054710537, 1249574.491082463646308 ] } },
{ "type": "Feature", "properties": { "element": "node", "id": 12600399815, "emergency": "fire_hydrant" }, "geometry": { "type": "Point", "coordinates": [ 2605792.840592349879444, 1249691.736620197771117 ] } },
{ "type": "Feature", "properties": { "element": "node", "id": 12615376163, "emergency": "fire_hydrant" }, "geometry": { "type": "Point", "coordinates": [ 2605934.482309157028794, 1250092.511795013910159 ] } },
{ "type": "Feature", "properties": { "element": "node", "id": 12615412831, "emergency": "fire_hydrant" }, "geometry": { "type": "Point", "coordinates": [ 2605825.55535278422758, 1250052.679230791516602 ] } },
{ "type": "Feature", "properties": { "element": "node", "id": 12615412891, "emergency": "fire_hydrant" }, "geometry": { "type": "Point", "coordinates": [ 2605783.222608380019665, 1250106.695404978236184 ] } },
{ "type": "Feature", "properties": { "element": "node", "id": 12768906739, "emergency": "fire_hydrant" }, "geometry": { "type": "Point", "coordinates": [ 2624033.603058673907071, 1253351.041055620415136 ] } },
{ "type": "Feature", "properties": { "element": "node", "id": 12768906740, "emergency": "fire_hydrant" }, "geometry": { "type": "Point", "coordinates": [ 2624094.587999934796244, 1253287.546125593595207 ] } },
{ "type": "Feature", "properties": { "element": "node", "id": 12768906741, "emergency": "fire_hydrant" }, "geometry": { "type": "Point", "coordinates": [ 2624145.629375177435577, 1253237.220114495139569 ] } },
{ "type": "Feature", "properties": { "element": "node", "id": 12768906742, "emergency": "fire_hydrant" }, "geometry": { "type": "Point", "coordinates": [ 2624205.075284474063665, 1253009.67801042762585 ] } },
{ "type": "Feature", "properties": { "element": "node", "id": 12768906749, "emergency": "fire_hydrant" }, "geometry": { "type": "Point", "coordinates": [ 2624072.450912645086646, 1252545.698397762607783 ] } },
{ "type": "Feature", "properties": { "element": "node", "id": 12768906750, "emergency": "fire_hydrant" }, "geometry": { "type": "Point", "coordinates": [ 2624207.24963052244857, 1252656.108345630578697 ] } },
{ "type": "Feature", "properties": { "element": "node", "id": 12839719303, "emergency": "fire_hydrant" }, "geometry": { "type": "Point", "coordinates": [ 2614576.539274980314076, 1267175.654951419215649 ] } },
{ "type": "Feature", "properties": { "element": "node", "id": 12860719001, "emergency": "fire_hydrant" }, "geometry": { "type": "Point", "coordinates": [ 2607238.884380746167153, 1265941.932966911466792 ] } },
{ "type": "Feature", "properties": { "element": "node", "id": 13069549591, "emergency": "fire_hydrant" }, "geometry": { "type": "Point", "coordinates": [ 2631473.332249574828893, 1249138.784590142313391 ] } },
{ "type": "Feature", "properties": { "element": "node", "id": 13203116739, "emergency": "fire_hydrant" }, "geometry": { "type": "Point", "coordinates": [ 2631933.310931540094316, 1249163.73514565685764 ] } },
{ "type": "Feature", "properties": { "element": "node", "id": 13578145167, "emergency": "fire_hydrant" }, "geometry": { "type": "Point", "coordinates": [ 2624032.938819366507232, 1258001.933320695534348 ] } },
{ "type": "Feature", "properties": { "element": "node", "id": 13597774339, "emergency": "fire_hydrant" }, "geometry": { "type": "Point", "coordinates": [ 2613812.09857562975958, 1262475.693396220216528 ] } },
{ "type": "Feature", "properties": { "element": "node", "id": 13605780841, "emergency": "fire_hydrant" }, "geometry": { "type": "Point", "coordinates": [ 2614188.612358902581036, 1260012.479376957286149 ] } },
{ "type": "Feature", "properties": { "element": "node", "id": 13605791007, "emergency": "fire_hydrant" }, "geometry": { "type": "Point", "coordinates": [ 2614187.213070132303983, 1260011.464237024774775 ] } },
{ "type": "Feature", "properties": { "element": "node", "id": 13605798295, "emergency": "fire_hydrant" }, "geometry": { "type": "Point", "coordinates": [ 2614183.842403642833233, 1260015.470017876010388 ] } }
]
}
