{
"type": "FeatureCollection",
"name": "bearbeitet_gefahrenzonen",
"crs": { "type": "name", "properties": { "name": "urn:ogc:def:crs:EPSG::2056" } },
"features": [
{ "type": "Feature", "properties": { "element": "node", "id": 470509049, "natural": "cliff" }, "geometry": { "type": "Point", "coordinates": [ 2626536.701970404945314, 1246343.199884842382744 ] } },
{ "type": "Feature", "properties": { "element": "way", "id": 73816698, "natural": "cliff" }, "geometry": { "type": "LineString", "coordinates": [ [ 2617668.007358223199844, 1260534.798958174884319 ], [ 2617686.016719347797334, 1260555.144221247639507 ], [ 2617687.045878706499934, 1260563.797626131912693 ], [ 2617689.299961321987212, 1260568.518669515149668 ], [ 2617685.751488094683737, 1260570.809657029807568 ], [ 2617675.511429616250098, 1260560.505472352262586 ], [ 2617675.048590196296573, 1260566.630488461349159 ], [ 2617682.151554088573903, 1260577.725866234861314 ], [ 2617682.044944902416319, 1260580.627525266027078 ], [ 2617679.148920634295791, 1260586.500678249169141 ], [ 2617672.784523283597082, 1260580.433149633463472 ], [ 2617671.837307687383145, 1260582.209317436208948 ], [ 2617678.428459463641047, 1260588.044028417440131 ], [ 2617674.070973868016154, 1260591.255463051609695 ], [ 2617670.319927859585732, 1260593.256770574487746 ], [ 2617661.388997019268572, 1260586.169809320243075 ], [ 2617661.385620572604239, 1260587.303905159467831 ], [ 2617663.902139398269355, 1260589.935407641576603 ], [ 2617662.768961798399687, 1260590.899359178496525 ], [ 2617651.989357471000403, 1260582.116868053562939 ], [ 2617649.712485930882394, 1260574.916304268175736 ], [ 2617641.524746915325522, 1260576.359615902882069 ], [ 2617636.204208696261048, 1260571.473811955424026 ], [ 2617640.864358332008123, 1260567.840739636681974 ] ] } },
{ "type": "Feature", "properties": { "element": "way", "id": 73816704, "natural": "cliff" }, "geometry": { "type": "LineString", "coordinates": [ [ 2617785.154714732896537, 1260891.280668377643451 ], [ 2617787.739397169556469, 1260886.196055782027543 ], [ 2617794.98367521353066, 1260885.150389207527041 ], [ 2617799.924766206648201, 1260883.263917414937168 ], [ 2617804.210739341098815, 1260886.256590964039788 ], [ 2617811.612031091470271, 1260890.637339863693342 ], [ 2617818.007526056841016, 1260896.227014682954177 ], [ 2617828.135097736027092, 1260906.07525474880822 ], [ 2617827.705228026024997, 1260888.650964963017032 ], [ 2617841.917490637861192, 1260905.772015624213964 ], [ 2617851.290992641355842, 1260920.799340767087415 ], [ 2617855.403417701367289, 1260928.861655899556354 ], [ 2617862.138165722135454, 1260931.861743965419009 ], [ 2617872.974449718836695, 1260941.523178753210232 ], [ 2617875.023062631022185, 1260941.818438170943409 ], [ 2617876.910571065731347, 1260938.066006507957354 ], [ 2617885.359090047888458, 1260952.445715360343456 ], [ 2617888.120640119537711, 1260958.691633121110499 ], [ 2617893.052608366589993, 1260967.312382225412875 ], [ 2617897.456131693441421, 1260973.763394724112004 ], [ 2617903.177583556622267, 1260977.939054989023134 ], [ 2617907.333815291523933, 1260983.933462007902563 ], [ 2617910.871915859170258, 1260990.014955112244934 ], [ 2617915.67985165445134, 1260994.777160467579961 ], [ 2617919.051086092367768, 1260998.723364163190126 ], [ 2617924.050637027714401, 1261002.40764139406383 ], [ 2617927.122471839655191, 1261000.704645009012893 ], [ 2617933.817650330718607, 1261006.78457639622502 ], [ 2617946.413620121777058, 1261017.50774628133513 ], [ 2617943.262640771921724, 1261025.448084915056825 ], [ 2617938.46189082833007, 1261028.291070218198001 ] ] } },
{ "type": "Feature", "properties": { "element": "way", "id": 92016036, "natural": "scree" }, "geometry": { "type": "Polygon", "coordinates": [ [ [ 2624507.527872215025127, 1258803.55236801947467 ], [ 2624515.01601521903649, 1258802.782790581462905 ], [ 2624531.614566173870116, 1258797.203182345721871 ], [ 2624552.122407761868089, 1258775.929132566321641 ], [ 2624536.040902079083025, 1258802.258261719718575 ], [ 2624517.819295691791922, 1258808.4315516857896 ], [ 2624507.527872215025127, 1258803.55236801947467 ] ] ] } },
{ "type": "Feature", "properties": { "element": "way", "id": 92293356, "natural": "scree" }, "geometry": { "type": "Polygon", "coordinates": [ [ [ 2624636.452351143583655, 1258832.75078855548054 ], [ 2624642.207673468627036, 1258835.398720865603536 ], [ 2624654.085974484216422, 1258846.53343487624079 ], [ 2624666.734851165208966, 1258844.562464787857607 ], [ 2624677.070096442475915, 1258838.868251736508682 ], [ 2624681.364945035427809, 1258826.588883249089122 ], [ 2624685.259256265126169, 1258838.090690094977617 ], [ 2624678.032723090145737, 1258850.257780742598698 ], [ 2624662.038062067702413, 1258855.628236538497731 ], [ 2624647.084436176344752, 1258853.553553671343252 ], [ 2624639.640296414028853, 1258843.74928886978887 ], [ 2624636.452351143583655, 1258832.75078855548054 ] ] ] } },
{ "type": "Feature", "properties": { "element": "way", "id": 102010606, "natural": "scree" }, "geometry": { "type": "Polygon", "coordinates": [ [ [ 2623606.068483332637697, 1249671.949736965121701 ], [ 2623615.556483698543161, 1249676.134621102130041 ], [ 2623623.282402921002358, 1249681.090794753050432 ], [ 2623634.739429817534983, 1249678.023250248283148 ], [ 2623661.304039331153035, 1249684.099626069888473 ], [ 2623659.273951424285769, 1249663.088937437627465 ], [ 2623653.51508601102978, 1249651.39170431625098 ], [ 2623645.908646974246949, 1249614.537372280377895 ], [ 2623646.646136471070349, 1249607.546857045264915 ], [ 2623633.780342314392328, 1249609.830484721343964 ], [ 2623625.369815172161907, 1249600.457583036506549 ], [ 2623613.912643385119736, 1249603.525145011022687 ], [ 2623600.842325394507498, 1249613.579768705181777 ], [ 2623593.475938978604972, 1249605.511911968700588 ], [ 2623601.666044842451811, 1249582.985300534171984 ], [ 2623620.839963957667351, 1249587.219822179060429 ], [ 2623629.644586431793869, 1249586.7322950118687 ], [ 2623623.861830351408571, 1249581.005560854217038 ], [ 2623619.706420075148344, 1249562.832737565040588 ], [ 2623613.075418196618557, 1249548.28577691083774 ], [ 2623616.108276757411659, 1249537.412961428053677 ], [ 2623612.597501585725695, 1249535.575585975311697 ], [ 2623609.227334567345679, 1249542.044189637294039 ], [ 2623604.120496053714305, 1249540.989876436302438 ], [ 2623591.246661250945181, 1249547.164992101257667 ], [ 2623594.37000034796074, 1249559.107408456504345 ], [ 2623587.967734781093895, 1249574.380838892655447 ], [ 2623587.506641753949225, 1249599.228553511667997 ], [ 2623587.294044061563909, 1249610.935348168481141 ], [ 2623586.032413501758128, 1249616.856425160774961 ], [ 2623586.804194899275899, 1249624.019719186238945 ], [ 2623587.574697476811707, 1249629.604200309840962 ], [ 2623587.015327079687268, 1249637.384834731463343 ], [ 2623606.068483332637697, 1249671.949736965121701 ] ] ] } },
{ "type": "Feature", "properties": { "element": "way", "id": 112156951, "natural": "cliff" }, "geometry": { "type": "LineString", "coordinates": [ [ 2617306.672519695945084, 1259489.24656914989464 ], [ 2617314.242061859928071, 1259509.015367620857432 ], [ 2617323.751944791059941, 1259525.020620215684175 ], [ 2617346.193752248771489, 1259549.113580598961562 ], [ 2617349.663072019815445, 1259566.324273050529882 ], [ 2617340.672203290741891, 1259571.345857739681378 ], [ 2617343.929373327642679, 1259581.206500668777153 ], [ 2617348.719581068493426, 1259590.004237428074703 ], [ 2617371.017987016122788, 1259606.324941876577213 ], [ 2617400.431877127848566, 1259619.720151425106451 ], [ 2617399.211457811295986, 1259642.676587671739981 ], [ 2617404.292343090754002, 1259667.953066691756248 ], [ 2617421.119027301669121, 1259679.054388311691582 ], [ 2617446.699293811339885, 1259696.574717071605846 ], [ 2617494.383786074351519, 1259724.378334915731102 ], [ 2617515.326713719870895, 1259750.235403501894325 ], [ 2617524.11252840841189, 1259786.530404502293095 ] ] } },
{ "type": "Feature", "properties": { "element": "way", "id": 219326524, "natural": "cliff" }, "geometry": { "type": "LineString", "coordinates": [ [ 2628549.483556879218668, 1258973.028624090598896 ], [ 2628531.537453315220773, 1258963.469030133914202 ], [ 2628517.822219405323267, 1258956.553870467934757 ], [ 2628508.360994684509933, 1258949.047682519536465 ], [ 2628504.145570574328303, 1258943.178959104698151 ], [ 2628511.446306241676211, 1258937.576904155081138 ], [ 2628515.891348972916603, 1258928.625500183552504 ], [ 2628518.359354927204549, 1258918.563830667408183 ], [ 2628520.112739075440913, 1258901.938685178058222 ], [ 2628517.239096036646515, 1258891.350962422788143 ], [ 2628516.109954878687859, 1258873.811327891424298 ], [ 2628522.099430092144758, 1258866.601881984854117 ], [ 2628528.156585651449859, 1258860.993861730210483 ], [ 2628538.446095061954111, 1258856.184542684815824 ], [ 2628543.982735719997436, 1258847.538624882698059 ], [ 2628565.695134734269232, 1258831.120876957196742 ], [ 2628571.215961363632232, 1258833.582494894741103 ], [ 2628573.201640235260129, 1258834.470448845298961 ], [ 2628582.338358716107905, 1258826.453459598124027 ], [ 2628591.347432077862322, 1258837.081936839269474 ], [ 2628601.934573127422482, 1258829.97259261040017 ], [ 2628611.609104466158897, 1258835.467471759067848 ], [ 2628619.324694319162518, 1258829.856435566674918 ], [ 2628627.371560094412416, 1258838.367766087176278 ], [ 2628647.824924556072801, 1258831.406253949739039 ], [ 2628684.668576241005212, 1258840.913119007600471 ] ] } },
{ "type": "Feature", "properties": { "element": "way", "id": 339385056, "natural": "cliff" }, "geometry": { "type": "LineString", "coordinates": [ [ 2612945.27669942798093, 1257019.405355582479388 ], [ 2612955.981494451407343, 1257016.804699810687453 ], [ 2612968.539774689357728, 1257014.819626411423087 ], [ 2612983.095670197159052, 1257019.954809630755335 ], [ 2612999.384047503583133, 1257015.509632845176384 ], [ 2613013.163989671040326, 1257020.331874202005565 ], [ 2613028.663256250787526, 1257021.599981904029846 ], [ 2613041.204940106254071, 1257027.186754546593875 ], [ 2613057.036125550977886, 1257031.802346565527841 ], [ 2613070.51607585279271, 1257035.85688357334584 ] ] } },
{ "type": "Feature", "properties": { "element": "way", "id": 339385057, "natural": "cliff" }, "geometry": { "type": "LineString", "coordinates": [ [ 2612584.952088979072869, 1256994.504463681019843 ], [ 2612606.59754549106583, 1256995.306379432091489 ], [ 2612622.459059899207205, 1257010.694736971985549 ], [ 2612635.946496448479593, 1257022.030942691257223 ], [ 2612655.82362557342276, 1257028.199536871863529 ], [ 2612665.674400724936277, 1257015.856695113936439 ], [ 2612680.564706552773714, 1257012.797479940578341 ], [ 2612700.019253568723798, 1257026.181255114264786 ], [ 2612719.290308574680239, 1257023.087022601161152 ], [ 2612725.174327105749398, 1257025.256610768847167 ] ] } },
{ "type": "Feature", "properties": { "element": "way", "id": 339385060, "natural": "cliff" }, "geometry": { "type": "LineString", "coordinates": [ [ 2613198.331732178572565, 1256988.540818714536726 ], [ 2613193.087049014866352, 1256976.943654278758913 ], [ 2613192.9486003825441, 1256967.981801824644208 ], [ 2613201.652114543598145, 1256960.118079036474228 ], [ 2613213.585104325320572, 1256957.987596379127353 ], [ 2613221.807778794318438, 1256956.149084235308692 ], [ 2613239.496357609983534, 1256949.483975464478135 ], [ 2613260.750514462590218, 1256936.45594881568104 ], [ 2613270.074851894751191, 1256927.515213750069961 ], [ 2613278.902115991339087, 1256928.457766152685508 ], [ 2613283.389325130730867, 1256934.805360871832818 ] ] } },
{ "type": "Feature", "properties": { "element": "way", "id": 339385061, "natural": "cliff" }, "geometry": { "type": "LineString", "coordinates": [ [ 2613075.643061432056129, 1257029.063610061304644 ], [ 2613082.626263961195946, 1257025.065180487697944 ], [ 2613101.087172659114003, 1257016.755812352988869 ], [ 2613123.891082296613604, 1257008.467207404086366 ], [ 2613134.278613228816539, 1257006.177493147086352 ], [ 2613138.457107061520219, 1257008.966363086132333 ] ] } },
{ "type": "Feature", "properties": { "element": "way", "id": 339385062, "natural": "cliff" }, "geometry": { "type": "LineString", "coordinates": [ [ 2613140.815443083178252, 1256996.074066031025723 ], [ 2613145.786443353630602, 1256988.268721694592386 ], [ 2613157.738536877557635, 1256980.879097878700122 ], [ 2613173.554183850530535, 1256978.91278960602358 ], [ 2613181.754211825318635, 1256983.867601073812693 ], [ 2613189.247685683425516, 1256991.222461520694196 ] ] } },
{ "type": "Feature", "properties": { "element": "way", "id": 355137093, "natural": "cliff" }, "geometry": { "type": "LineString", "coordinates": [ [ 2631572.235376219730824, 1250332.429756358033046 ], [ 2631559.867424143478274, 1250311.772556944284588 ], [ 2631555.07773610483855, 1250291.211286431411281 ], [ 2631527.68635198334232, 1250258.032705828547478 ], [ 2631491.480787537526339, 1250227.120095026213676 ], [ 2631465.589556952007115, 1250199.898147429572418 ], [ 2631455.310152858495712, 1250185.278457400854677 ], [ 2631409.834919053595513, 1250152.727271270938218 ], [ 2631369.065253307111561, 1250116.732365781906992 ] ] } },
{ "type": "Feature", "properties": { "element": "way", "id": 355333173, "natural": "cliff" }, "geometry": { "type": "LineString", "coordinates": [ [ 2630740.908664589747787, 1250707.925331423059106 ], [ 2630742.135983742307872, 1250696.857704977039248 ], [ 2630738.815005572047085, 1250688.079147380776703 ], [ 2630741.910414075478911, 1250683.581093986518681 ], [ 2630748.573895373847336, 1250667.860773974331096 ], [ 2630763.509844846557826, 1250665.314260312821716 ], [ 2630782.408506613690406, 1250661.331829001195729 ], [ 2630798.957519116811454, 1250657.77087748516351 ], [ 2630806.60909589054063, 1250648.037484913365915 ], [ 2630811.901103474199772, 1250643.539758306462318 ], [ 2630816.743897791951895, 1250641.241157685406506 ], [ 2630818.682387356646359, 1250634.246599313104525 ], [ 2630823.100368339102715, 1250627.998743665404618 ], [ 2630833.496330827940255, 1250626.15151673508808 ], [ 2630840.220036378130317, 1250627.943187338765711 ], [ 2630839.147262408398092, 1250636.832377650775015 ], [ 2630839.410536294337362, 1250642.815477872500196 ], [ 2630850.948315759189427, 1250646.377789766760543 ], [ 2630868.498945834115148, 1250647.625416848342866 ], [ 2630876.130824454128742, 1250643.151043007848784 ], [ 2630877.91767105832696, 1250636.300254287198186 ], [ 2630876.502664896193892, 1250626.819960587890819 ], [ 2630876.406361300963908, 1250617.769033059710637 ], [ 2630889.007117359898984, 1250614.343440803000703 ], [ 2630892.950226075015962, 1250615.231215405277908 ], [ 2630904.482698610983789, 1250619.816501955967396 ], [ 2630915.997711072210222, 1250627.748376675415784 ], [ 2630931.212207407224923, 1250628.272432536119595 ], [ 2630937.255554860923439, 1250618.675362368579954 ], [ 2630944.198747485410422, 1250605.880876265699044 ], [ 2630951.257948943413794, 1250599.791435117134824 ], [ 2630955.682188054081053, 1250592.376272595254704 ], [ 2630957.039655489847064, 1250585.378727450268343 ] ] } },
{ "type": "Feature", "properties": { "element": "way", "id": 372937713, "natural": "cliff" }, "geometry": { "type": "LineString", "coordinates": [ [ 2627915.87211440037936, 1248963.478878522058949 ], [ 2627939.275604809634387, 1248967.213599924463779 ], [ 2627955.569665350485593, 1248970.314528851071373 ], [ 2627962.726562080904841, 1248981.700112756341696 ], [ 2627978.226353344041854, 1248993.113912049448118 ], [ 2627991.084863882046193, 1249002.636287867091596 ], [ 2628009.642871464602649, 1249009.150269925361499 ], [ 2628025.172846667002887, 1249014.137910576304421 ], [ 2628047.542707385960966, 1249017.656931591918692 ], [ 2628070.642570050898939, 1249026.460722529795021 ], [ 2628114.995950359851122, 1249056.045448622666299 ] ] } },
{ "type": "Feature", "properties": { "element": "way", "id": 372937714, "natural": "cliff" }, "geometry": { "type": "LineString", "coordinates": [ [ 2628513.834769770968705, 1248462.103252800181508 ], [ 2628519.146801466587931, 1248473.903130589285865 ], [ 2628522.294023002032191, 1248488.361018860014156 ], [ 2628504.545805285684764, 1248496.959200071170926 ], [ 2628477.154158551245928, 1248507.334569009486586 ], [ 2628441.623981493059546, 1248525.331616087816656 ], [ 2628396.507709390018135, 1248558.426226534415036 ], [ 2628381.461691265460104, 1248570.473283232888207 ], [ 2628364.207638928666711, 1248578.462737623136491 ], [ 2628338.049626528751105, 1248585.208937459392473 ], [ 2628313.50688161002472, 1248584.180097302421927 ], [ 2628277.073195081669837, 1248573.310526208719239 ], [ 2628213.82468584459275, 1248558.033076929859817 ], [ 2628136.741322695743293, 1248519.15311479032971 ], [ 2628046.785488242283463, 1248478.067478551063687 ], [ 2627957.991330822464079, 1248417.731683876365423 ] ] } },
{ "type": "Feature", "properties": { "element": "way", "id": 372937715, "natural": "cliff" }, "geometry": { "type": "LineString", "coordinates": [ [ 2629162.537303381133825, 1248597.486237181583419 ], [ 2629157.999141909647733, 1248594.43973888666369 ], [ 2629135.278625918086618, 1248585.244434808846563 ], [ 2629108.7861048867926, 1248572.261585355037823 ], [ 2629076.235612149816006, 1248555.07978004985489 ], [ 2629052.419227567967027, 1248538.318930328823626 ], [ 2629040.309220366179943, 1248531.82211938360706 ], [ 2629037.32007895456627, 1248522.356872607488185 ], [ 2629041.532520217355341, 1248513.293770528165624 ], [ 2629048.378873968031257, 1248510.681103286100551 ], [ 2629056.716871374286711, 1248511.855995112331584 ], [ 2629076.809716097079217, 1248516.50182110350579 ], [ 2629110.530163600109518, 1248526.117749891011044 ] ] } },
{ "type": "Feature", "properties": { "element": "way", "id": 387844884, "natural": "cliff" }, "geometry": { "type": "LineString", "coordinates": [ [ 2623262.451191702391952, 1259776.378552928566933 ], [ 2623286.099765232764184, 1259770.84535649465397 ], [ 2623308.805016586557031, 1259775.226419676793739 ], [ 2623328.596889483276755, 1259784.52168419258669 ], [ 2623342.092394078150392, 1259790.84576129540801 ], [ 2623370.90983334928751, 1259798.987019989639521 ], [ 2623383.198465625289828, 1259799.824915973702446 ] ] } },
{ "type": "Feature", "properties": { "element": "way", "id": 388732221, "natural": "cliff" }, "geometry": { "type": "LineString", "coordinates": [ [ 2624577.671699353959411, 1247758.645102644572034 ], [ 2624632.111161727458239, 1247733.532029597321525 ], [ 2624685.065434866119176, 1247713.372051666257903 ], [ 2624697.849702783860266, 1247708.177364753559232 ], [ 2624719.545895857736468, 1247702.819667882286012 ], [ 2624735.957571011502296, 1247702.476631973404437 ], [ 2624766.986194559838623, 1247692.110275875544176 ], [ 2624839.472266946919262, 1247655.300108767580241 ], [ 2624941.159274579025805, 1247597.755448577459902 ] ] } },
{ "type": "Feature", "properties": { "element": "way", "id": 403443205, "natural": "cliff" }, "geometry": { "type": "LineString", "coordinates": [ [ 2617697.940345603507012, 1246931.55175895919092 ], [ 2617752.853631391655654, 1246945.25748671614565 ], [ 2617808.538358041085303, 1246938.352805593051016 ], [ 2617826.208082331810147, 1246944.665328860748559 ], [ 2617847.220676148775965, 1246941.904330549528822 ], [ 2617889.526365541853011, 1246951.11507915565744 ], [ 2617952.128954275511205, 1246951.915276026120409 ], [ 2618000.731082645244896, 1246956.909782489296049 ], [ 2618033.546373181510717, 1246957.409483286784962 ], [ 2618064.744130120612681, 1246958.315826143603772 ], [ 2618122.578467974439263, 1246957.413365305867046 ], [ 2618182.544422395527363, 1246955.950957398395985 ], [ 2618199.362972566857934, 1246956.436029940610752 ], [ 2618226.803492283448577, 1246960.945157409179956 ], [ 2618251.51319666672498, 1246961.910424514906481 ] ] } },
{ "type": "Feature", "properties": { "element": "way", "id": 403443206, "natural": "cliff" }, "geometry": { "type": "LineString", "coordinates": [ [ 2618277.842520477250218, 1246961.791185455629602 ], [ 2618287.88846534723416, 1246961.544123404892161 ], [ 2618335.383953827433288, 1246960.356226539937779 ], [ 2618372.261256139259785, 1246958.846812255913392 ], [ 2618411.970807836391032, 1246957.357516885502264 ], [ 2618466.705140181817114, 1246945.408393691293895 ], [ 2618510.480064462870359, 1246938.473327288636938 ], [ 2618702.526104729622602, 1246926.177246785257012 ], [ 2618823.494233950972557, 1246915.952253087656572 ], [ 2618946.115329092834145, 1246927.537891041021794 ], [ 2619072.018617949914187, 1246954.12400691700168 ] ] } },
{ "type": "Feature", "properties": { "element": "way", "id": 406017520, "natural": "cliff" }, "geometry": { "type": "LineString", "coordinates": [ [ 2611934.985604118555784, 1255905.406271565938368 ], [ 2611947.925656381994486, 1255905.832513471599668 ], [ 2611960.039572122972459, 1255919.565970377530903 ], [ 2611970.526936611626297, 1255932.095381046645343 ], [ 2611987.577463648281991, 1255935.998956005088985 ], [ 2611991.60493888752535, 1255943.267456483328715 ] ] } },
{ "type": "Feature", "properties": { "element": "way", "id": 406017522, "natural": "cliff" }, "geometry": { "type": "LineString", "coordinates": [ [ 2611762.912248360458761, 1255800.138260049978271 ], [ 2611779.704802049789578, 1255801.28333535278216 ], [ 2611789.800269220024347, 1255810.175894874148071 ], [ 2611799.095237068831921, 1255812.006637450307608 ], [ 2611804.556361976079643, 1255815.241835615830496 ], [ 2611812.844367716927081, 1255815.258286584867164 ], [ 2611819.322435881942511, 1255815.271153073757887 ], [ 2611826.592687596566975, 1255818.910232112044469 ], [ 2611832.643458445556462, 1255829.006742642493919 ], [ 2611840.31487868912518, 1255835.681987082818523 ], [ 2611836.196794559713453, 1255843.501216312171891 ], [ 2611846.679353547282517, 1255858.643241744022816 ], [ 2611853.542200665455312, 1255866.117425987496972 ], [ 2611853.338084130082279, 1255870.153035090304911 ], [ 2611860.185321757104248, 1255881.663212186191231 ], [ 2611871.303843505680561, 1255887.933986809570342 ], [ 2611889.09167801681906, 1255892.806057878769934 ], [ 2611897.180276834405959, 1255894.434411531779915 ], [ 2611898.586745098698884, 1255900.085423488169909 ], [ 2611896.948422535322607, 1255908.554445490241051 ], [ 2611901.784835815429688, 1255918.648601424647495 ], [ 2611901.9577966327779, 1255933.970244483556598 ], [ 2611909.826561117079109, 1255943.670209377072752 ], [ 2611918.102669963147491, 1255949.535117347957566 ], [ 2611924.561200799886137, 1255959.221158700995147 ], [ 2611930.202405514195561, 1255970.328736779745668 ], [ 2611931.800858591683209, 1255977.992592380847782 ] ] } },
{ "type": "Feature", "properties": { "element": "way", "id": 406017523, "natural": "cliff" }, "geometry": { "type": "LineString", "coordinates": [ [ 2611729.46845428366214, 1255783.539024464087561 ], [ 2611749.402728140354156, 1255778.630627087084576 ], [ 2611769.3320203544572, 1255776.257304491708055 ] ] } },
{ "type": "Feature", "properties": { "element": "way", "id": 406017524, "natural": "cliff" }, "geometry": { "type": "LineString", "coordinates": [ [ 2611742.554569939617068, 1255763.596017049159855 ], [ 2611777.753196600824594, 1255762.364729466615245 ], [ 2611784.421014279592782, 1255765.602297418285161 ], [ 2611788.867623979225755, 1255770.859037619549781 ] ] } },
{ "type": "Feature", "properties": { "element": "way", "id": 406017525, "natural": "cliff" }, "geometry": { "type": "LineString", "coordinates": [ [ 2611875.249710682779551, 1255864.392876727273688 ], [ 2611899.867861182894558, 1255866.61017803940922 ], [ 2611908.566757823340595, 1255894.901934444671497 ] ] } },
{ "type": "Feature", "properties": { "element": "way", "id": 406017527, "natural": "cliff" }, "geometry": { "type": "LineString", "coordinates": [ [ 2611978.03870535781607, 1255950.500507014105096 ], [ 2611981.266168732661754, 1255954.342890615109354 ] ] } },
{ "type": "Feature", "properties": { "element": "way", "id": 406017528, "natural": "cliff" }, "geometry": { "type": "LineString", "coordinates": [ [ 2612002.118467463646084, 1255946.513026093365625 ], [ 2612006.565352360717952, 1255947.733917051926255 ], [ 2612009.794033376965672, 1255950.964800961315632 ] ] } },
{ "type": "Feature", "properties": { "element": "way", "id": 406017529, "natural": "cliff" }, "geometry": { "type": "LineString", "coordinates": [ [ 2611399.039608621038496, 1255861.804794939002022 ], [ 2611417.260676400270313, 1255853.367431862512603 ], [ 2611445.606790758669376, 1255838.700995869934559 ], [ 2611470.310551939532161, 1255824.027673722943291 ], [ 2611502.857887270394713, 1255816.974665513960645 ], [ 2611537.57615811843425, 1255822.145274899667129 ], [ 2611555.565922019071877, 1255828.128582080127671 ], [ 2611570.040707546286285, 1255822.808713598642498 ], [ 2611576.227027185726911, 1255813.848118404392153 ], [ 2611584.384896186646074, 1255810.984304940560833 ], [ 2611585.776571743190289, 1255824.39592347946018 ], [ 2611594.043354051653296, 1255835.297036586795002 ] ] } },
{ "type": "Feature", "properties": { "element": "way", "id": 406177008, "natural": "cliff" }, "geometry": { "type": "LineString", "coordinates": [ [ 2626650.627034067176282, 1247433.404186301631853 ], [ 2626630.648110480047762, 1247439.173895154846832 ], [ 2626610.69728140020743, 1247438.684181394055486 ], [ 2626591.244322828017175, 1247440.00905131129548 ], [ 2626573.846981747541577, 1247434.271932151867077 ], [ 2626550.767585711553693, 1247430.833181280409917 ], [ 2626545.489305849187076, 1247434.04501136392355 ], [ 2626537.232220395002514, 1247446.427265547448769 ], [ 2626527.474489929154515, 1247453.243665046757087 ], [ 2626515.482458645943552, 1247458.11551373032853 ], [ 2626500.142182633746415, 1247468.653904177481309 ], [ 2626495.685627994593233, 1247468.823025979101658 ], [ 2626458.858770218212157, 1247459.174866329878569 ], [ 2626415.331519138067961, 1247454.945099939825013 ], [ 2626395.619098524097353, 1247468.788688266649842 ], [ 2626359.535143311135471, 1247475.488382836105302 ], [ 2626332.873040386941284, 1247457.402864853618667 ], [ 2626312.614799244329333, 1247458.124688873998821 ], [ 2626293.533628612756729, 1247465.911928580375388 ] ] } },
{ "type": "Feature", "properties": { "element": "way", "id": 413118564, "natural": "cliff" }, "geometry": { "type": "LineString", "coordinates": [ [ 2628390.954579800367355, 1249420.83061473025009 ], [ 2628398.294979692436755, 1249451.95278387889266 ], [ 2628396.370254918467253, 1249473.946887976257131 ], [ 2628397.677507853601128, 1249497.368496804963797 ], [ 2628393.317202989943326, 1249518.750555812381208 ], [ 2628389.408901426941156, 1249532.451965272659436 ], [ 2628371.280471387784928, 1249553.367926771752536 ], [ 2628361.92578416550532, 1249563.007337594637647 ], [ 2628343.678423056378961, 1249567.767775633605197 ] ] } },
{ "type": "Feature", "properties": { "element": "way", "id": 413121895, "natural": "cliff" }, "geometry": { "type": "LineString", "coordinates": [ [ 2627990.121664243750274, 1249570.214513511862606 ], [ 2627976.21206385595724, 1249583.735607395647094 ], [ 2627967.919784155674279, 1249585.953555526444688 ], [ 2627965.477854019962251, 1249575.468514044303447 ], [ 2627951.697221934329718, 1249555.212573872646317 ], [ 2627938.361601206008345, 1249528.610156802926213 ], [ 2627922.550398393068463, 1249509.856830752920359 ] ] } },
{ "type": "Feature", "properties": { "element": "way", "id": 415722805, "natural": "cliff" }, "geometry": { "type": "LineString", "coordinates": [ [ 2628802.885217343457043, 1248681.552599022164941 ], [ 2628810.451745945960283, 1248665.845700693782419 ], [ 2628830.557955489028245, 1248655.236342375399545 ], [ 2628835.878538252320141, 1248643.354407697916031 ], [ 2628842.419416647870094, 1248632.078800997231156 ], [ 2628850.336931270547211, 1248628.0813134748023 ], [ 2628864.103574338834733, 1248627.747991385636851 ], [ 2628883.549279521219432, 1248627.231088762637228 ], [ 2628893.050906050950289, 1248631.313311444129795 ], [ 2628899.108433349989355, 1248635.590026554884389 ] ] } },
{ "type": "Feature", "properties": { "element": "way", "id": 415722808, "natural": "cliff" }, "geometry": { "type": "LineString", "coordinates": [ [ 2628817.470106942113489, 1249793.785572205437347 ], [ 2628824.345098569989204, 1249795.831398978596553 ], [ 2628835.398055326659232, 1249804.979966421378776 ], [ 2628845.723673620726913, 1249805.341470775660127 ], [ 2628857.106557162944227, 1249796.313074105652049 ], [ 2628869.578774255234748, 1249793.038219971116632 ], [ 2628867.606588809285313, 1249802.7238827010151 ], [ 2628873.474846418015659, 1249803.764211488654837 ], [ 2628879.267393884714693, 1249798.644575458718464 ], [ 2628889.266535728704184, 1249804.041208959883079 ], [ 2628903.825112639926374, 1249807.947963556740433 ], [ 2628909.457627649884671, 1249815.535926764598116 ], [ 2628913.07527193101123, 1249821.412959309760481 ], [ 2628916.739594598766416, 1249825.455682958010584 ], [ 2628919.447747576516122, 1249830.516642878763378 ], [ 2628922.178061428945512, 1249831.03027968108654 ], [ 2628922.590462850406766, 1249828.508409321308136 ], [ 2628923.422939858399332, 1249824.98792920447886 ], [ 2628928.597817421890795, 1249822.689407965866849 ], [ 2628933.450392957311124, 1249823.01326589519158 ], [ 2628943.460291342809796, 1249826.186360843246803 ], [ 2628947.619155328720808, 1249824.794610334560275 ], [ 2628955.297311101108789, 1249827.767336844466627 ], [ 2628961.767986993305385, 1249829.110890534706414 ], [ 2628966.212753511499614, 1249832.55706003238447 ], [ 2628968.513701832853258, 1249837.515989066800103 ], [ 2628972.361753456294537, 1249837.935040483716875 ], [ 2628975.415684129111469, 1249834.014033557381481 ], [ 2628980.857997960876673, 1249838.788177359383553 ], [ 2628986.523354303557426, 1249839.627496052300557 ], [ 2628987.980051191523671, 1249831.962904565036297 ], [ 2628990.633895986713469, 1249828.039950873935595 ], [ 2628996.380175003316253, 1249832.404212630121037 ], [ 2629004.777797535993159, 1249833.356967607047409 ], [ 2629011.463152726180851, 1249832.477941642981023 ], [ 2629019.162192531861365, 1249832.71572262654081 ], [ 2629025.935789290815592, 1249833.860696597956121 ] ] } },
{ "type": "Feature", "properties": { "element": "way", "id": 415722829, "natural": "cliff" }, "geometry": { "type": "LineString", "coordinates": [ [ 2628598.160397402942181, 1249180.456293551484123 ], [ 2628599.15308898082003, 1249142.102621616562828 ], [ 2628603.786583941895515, 1249104.978406166890636 ], [ 2628608.677973228041083, 1249098.942461555125192 ], [ 2628629.500574016012251, 1249106.914701900212094 ], [ 2628654.583459579851478, 1249112.895156710641459 ], [ 2628660.825308250263333, 1249119.585216389037669 ] ] } },
{ "type": "Feature", "properties": { "element": "way", "id": 429143796, "natural": "cliff" }, "geometry": { "type": "LineString", "coordinates": [ [ 2628214.316120078787208, 1245840.515561214182526 ], [ 2628213.597368262708187, 1245842.335545324487612 ], [ 2628209.53493993030861, 1245845.140289434231818 ], [ 2628205.262901298236102, 1245847.543782278895378 ], [ 2628202.116429644171149, 1245849.952624023193493 ], [ 2628201.084637347608805, 1245852.471575062023476 ], [ 2628199.345983954146504, 1245855.898868979420513 ], [ 2628196.296772210393101, 1245858.508304932387546 ], [ 2628191.03488536644727, 1245857.782868666574359 ], [ 2628185.469558963552117, 1245855.732920392416418 ], [ 2628175.032532170414925, 1245856.695152022875845 ], [ 2628166.920275384560227, 1245858.06868774490431 ], [ 2628160.020384329836816, 1245860.259619073942304 ], [ 2628154.1313246935606, 1245862.755544940009713 ], [ 2628145.90576968761161, 1245864.128572209738195 ], [ 2628136.114740636199713, 1245862.681265882914886 ], [ 2628124.284994249232113, 1245861.035308320773765 ], [ 2628101.573563823476434, 1245858.537349330959842 ], [ 2628068.058188409078866, 1245853.11988022737205 ], [ 2628059.152203855570406, 1245853.011079415446147 ], [ 2628041.520902641117573, 1245852.927790602436289 ], [ 2628028.554740243125707, 1245851.965991765027866 ], [ 2628025.270236505195498, 1245840.420825618552044 ], [ 2628015.732519109733403, 1245842.910787712549791 ], [ 2628007.289064779877663, 1245850.442510165972635 ] ] } },
{ "type": "Feature", "properties": { "element": "way", "id": 486632150, "natural": "cliff" }, "geometry": { "type": "LineString", "coordinates": [ [ 2622164.194786081556231, 1248211.213528157444671 ], [ 2622351.770758396014571, 1248222.223127066390589 ], [ 2622592.610360000282526, 1248209.881332206306979 ], [ 2622777.41760516166687, 1248170.82810938032344 ] ] } },
{ "type": "Feature", "properties": { "element": "way", "id": 490916977, "natural": "cliff" }, "geometry": { "type": "LineString", "coordinates": [ [ 2613038.049286145716906, 1254215.612030495423824 ], [ 2613063.52884851815179, 1254220.104205044452101 ], [ 2613082.130090638063848, 1254227.405442123068497 ], [ 2613105.194352453108877, 1254229.068397149909288 ], [ 2613148.469548265915364, 1254240.060000409604982 ], [ 2613172.737117804586887, 1254243.338055294239894 ], [ 2613187.319101244676858, 1254236.310155068291351 ], [ 2613202.131202472839504, 1254217.38605745928362 ], [ 2613214.314244181383401, 1254200.268462971784174 ], [ 2613220.208004997111857, 1254192.454172030789778 ], [ 2613223.397272993344814, 1254176.228323681978509 ], [ 2613231.225972765590996, 1254153.163832636782899 ], [ 2613248.114610144402832, 1254140.24843739089556 ], [ 2613264.814443280454725, 1254134.22610846394673 ], [ 2613288.347709914669394, 1254145.574992975685745 ], [ 2613336.69100200291723, 1254137.033061017515138 ], [ 2613339.22748103318736, 1254129.489322433480993 ], [ 2613352.229964270722121, 1254140.759256360586733 ], [ 2613359.136676891706884, 1254142.186811523279175 ], [ 2613382.67203250201419, 1254159.217605329118669 ] ] } },
{ "type": "Feature", "properties": { "element": "way", "id": 491440327, "natural": "cliff" }, "geometry": { "type": "LineString", "coordinates": [ [ 2613368.327220131643116, 1254026.998098922893405 ], [ 2613366.159511246718466, 1254024.825129129458219 ], [ 2613369.895118214655668, 1254020.819767351495102 ], [ 2613368.051295598968863, 1254012.154352316400036 ], [ 2613372.132585876155645, 1254002.034623735817149 ], [ 2613368.512114392127842, 1253991.730802706675604 ], [ 2613370.757733539678156, 1253986.098799386527389 ], [ 2613372.316319198813289, 1253984.067628391087055 ], [ 2613374.332423781976104, 1253983.216041990555823 ], [ 2613377.477339354809374, 1253983.590024495497346 ], [ 2613383.128428434487432, 1253983.235830879770219 ], [ 2613385.163387204054743, 1253984.063175883609802 ], [ 2613400.617598910350353, 1254008.825405220966786 ] ] } },
{ "type": "Feature", "properties": { "element": "way", "id": 493263669, "natural": "cliff" }, "geometry": { "type": "LineString", "coordinates": [ [ 2613495.382788646966219, 1255580.380054424284026 ], [ 2613539.318320493679494, 1255574.931825104868039 ], [ 2613546.937106216326356, 1255570.913167268503457 ], [ 2613550.363924811594188, 1255572.966780944028869 ], [ 2613560.28906685533002, 1255569.57603373285383 ], [ 2613567.512364876456559, 1255573.628529735375196 ], [ 2613573.193129235878587, 1255572.829847289714962 ], [ 2613577.552672191057354, 1255575.952982298098505 ], [ 2613587.643908427562565, 1255579.089218715904281 ], [ 2613594.206907417625189, 1255575.057090063113719 ], [ 2613662.78011513594538, 1255622.712530192453414 ], [ 2613672.053992342669517, 1255627.036712322151288 ], [ 2613674.740587052423507, 1255622.995758042670786 ], [ 2613677.806642127223313, 1255621.201615137979388 ], [ 2613682.673286683857441, 1255620.223268623929471 ], [ 2613688.15235768025741, 1255621.848065334372222 ], [ 2613691.773785341531038, 1255621.233769558137283 ] ] } },
{ "type": "Feature", "properties": { "element": "way", "id": 493264117, "natural": "cliff" }, "geometry": { "type": "LineString", "coordinates": [ [ 2613603.711014263797551, 1255399.729042125400156 ], [ 2613597.671765390783548, 1255395.612501621711999 ], [ 2613595.751428289804608, 1255391.060646182624623 ], [ 2613596.633526789024472, 1255384.602819735417143 ], [ 2613593.143736773170531, 1255383.660885782912374 ], [ 2613589.919884955044836, 1255375.259053886635229 ], [ 2613591.862288774456829, 1255373.46229892084375 ], [ 2613592.365905717015266, 1255370.90619733161293 ], [ 2613590.121523991692811, 1255369.533491715556011 ], [ 2613587.448372105136514, 1255364.368401419138536 ], [ 2613585.412989979144186, 1255354.045790032483637 ], [ 2613585.9279845347628, 1255349.810821935534477 ], [ 2613589.109850799664855, 1255346.893931321334094 ], [ 2613589.806975150015205, 1255342.170166383730248 ], [ 2613584.940092082601041, 1255343.15970696345903 ], [ 2613583.543169174343348, 1255343.879216832574457 ], [ 2613580.676444248761982, 1255344.206222019391134 ] ] } },
{ "type": "Feature", "properties": { "element": "way", "id": 493277666, "natural": "cliff" }, "geometry": { "type": "LineString", "coordinates": [ [ 2613517.698520765639842, 1255182.477707755286247 ], [ 2613458.483157538808882, 1255126.339562084292993 ], [ 2613424.713947149924934, 1255030.455262994393706 ], [ 2613412.403390279971063, 1255004.276816315948963 ], [ 2613394.666851450689137, 1254975.995897355722263 ], [ 2613389.848556815180928, 1254958.640219652093947 ], [ 2613379.34038086887449, 1254952.568112942855805 ], [ 2613364.797567788045853, 1254942.851212895475328 ], [ 2613354.310164617840201, 1254927.506388627924025 ], [ 2613347.874907759018242, 1254911.347911834483966 ], [ 2613353.966595045756549, 1254902.489046838367358 ] ] } },
{ "type": "Feature", "properties": { "element": "way", "id": 496746405, "natural": "cliff" }, "geometry": { "type": "LineString", "coordinates": [ [ 2613428.34158484544605, 1256813.338582646800205 ], [ 2613434.620906782336533, 1256810.728797436226159 ], [ 2613438.05739924730733, 1256811.537100654328242 ], [ 2613442.725878588389605, 1256807.71176171861589 ], [ 2613467.454783799592406, 1256782.361883299192414 ], [ 2613495.798352434299886, 1256769.117284156847745 ], [ 2613513.979950990062207, 1256781.455697891535237 ], [ 2613540.897789642680436, 1256771.843834910076112 ], [ 2613575.492296169977635, 1256765.262747462373227 ], [ 2613589.855548937339336, 1256759.058072777232155 ], [ 2613593.281878755893558, 1256764.313857701607049 ], [ 2613597.343885911162943, 1256758.67493251664564 ], [ 2613604.425052880309522, 1256758.290869715856388 ], [ 2613611.713368336670101, 1256753.059607685077935 ], [ 2613617.180326637811959, 1256749.64762143814005 ], [ 2613622.031612418126315, 1256751.671193630900234 ], [ 2613628.896251643076539, 1256756.934880653396249 ], [ 2613632.947518670000136, 1256752.708009533584118 ], [ 2613637.197416759561747, 1256753.929680098313838 ], [ 2613642.644507340155542, 1256759.179012165404856 ], [ 2613646.480743492022157, 1256763.223848392954096 ], [ 2613660.023067235015333, 1256766.479334484320134 ], [ 2613666.898317210841924, 1256767.106660161167383 ], [ 2613677.202630585059524, 1256771.766794847790152 ], [ 2613683.862230178900063, 1256777.630475367885083 ], [ 2613685.87557314382866, 1256780.859487364068627 ] ] } },
{ "type": "Feature", "properties": { "element": "way", "id": 507228984, "natural": "cliff" }, "geometry": { "type": "LineString", "coordinates": [ [ 2620510.010897822678089, 1251294.483073004987091 ], [ 2620515.895088157150894, 1251277.781330009689555 ], [ 2620514.636802331544459, 1251266.247205290477723 ], [ 2620518.768083780072629, 1251265.405362566234544 ], [ 2620530.097727461252362, 1251267.256820631911978 ], [ 2620534.361453799530864, 1251263.035454077646136 ], [ 2620530.885315139312297, 1251251.204578967066482 ] ] } },
{ "type": "Feature", "properties": { "element": "way", "id": 571958089, "natural": "cliff" }, "geometry": { "type": "LineString", "coordinates": [ [ 2604553.796799573581666, 1251323.203776283655316 ], [ 2604545.299874536693096, 1251301.705604477087036 ], [ 2604532.653662055265158, 1251267.896320934407413 ], [ 2604534.893382280599326, 1251230.251330918399617 ], [ 2604524.768647518008947, 1251185.225576139520854 ], [ 2604519.653378246352077, 1251162.729345174739137 ], [ 2604514.097121599130332, 1251154.553198976209387 ], [ 2604509.390263780485839, 1251140.896358031313866 ], [ 2604502.065971572883427, 1251135.276114280102775 ], [ 2604499.845684390049428, 1251127.002415146911517 ], [ 2604494.491152544971555, 1251121.494838295970112 ], [ 2604491.961447527166456, 1251113.16531961155124 ], [ 2604491.881822197232395, 1251098.511302106082439 ], [ 2604487.117632064502686, 1251090.75827085855417 ], [ 2604481.036010078154504, 1251098.725579015910625 ], [ 2604471.757151984609663, 1251092.703657909296453 ], [ 2604448.966766931116581, 1251078.622073841746897 ], [ 2604443.712231850717217, 1251070.446218951838091 ], [ 2604428.488948857411742, 1251060.261723742121831 ], [ 2604425.450451131444424, 1251045.738952149404213 ], [ 2604417.738426600117236, 1251043.676393948495388 ], [ 2604420.522642018273473, 1251055.05248791584745 ], [ 2604412.249320304952562, 1251046.507539523066953 ], [ 2604404.560862505342811, 1251043.177526467945427 ], [ 2604397.95319974469021, 1251037.78030447778292 ], [ 2604326.398561929352582, 1251001.760650887154043 ], [ 2604307.716571043711156, 1251004.282229717355222 ], [ 2604297.941449172329158, 1250995.180451668333262 ], [ 2604283.378521939739585, 1251000.362329615512863 ], [ 2604274.697910206392407, 1250991.03900249209255 ], [ 2604252.533475655131042, 1250987.131891618715599 ], [ 2604247.644183258991688, 1250984.960366748273373 ], [ 2604244.937436370179057, 1250980.944742370862514 ], [ 2604246.460450417362154, 1250972.507007739041001 ], [ 2604254.615525529254228, 1250967.298270879779011 ] ] } },
{ "type": "Feature", "properties": { "element": "way", "id": 579048282, "natural": "cliff" }, "geometry": { "type": "LineString", "coordinates": [ [ 2608525.664839053060859, 1256352.550117961829528 ], [ 2608504.918483830988407, 1256359.091529047349468 ], [ 2608487.540068435948342, 1256367.605781370541081 ], [ 2608472.982085118535906, 1256365.394732785178348 ], [ 2608458.834463304840028, 1256371.578774555586278 ], [ 2608447.593760589603335, 1256364.491470521548763 ], [ 2608435.600153459236026, 1256367.220764024183154 ], [ 2608429.614860006142408, 1256371.114896401762962 ], [ 2608416.28861845145002, 1256367.048938077641651 ], [ 2608408.006716659292579, 1256368.604965265607461 ], [ 2608407.426176754757762, 1256368.537435769103467 ], [ 2608398.857175798155367, 1256365.134217206155881 ], [ 2608376.451978197321296, 1256360.988858640892431 ], [ 2608363.079092274885625, 1256357.879146458813921 ], [ 2608353.749512401409447, 1256353.707750054076314 ], [ 2608342.56632960960269, 1256353.903348070569336 ], [ 2608329.886845911853015, 1256351.01705116359517 ], [ 2608321.603298834525049, 1256348.348164899507537 ], [ 2608315.220736779738218, 1256345.159370505716652 ], [ 2608314.418435476254672, 1256341.889411449432373 ], [ 2608314.956478239037097, 1256339.988897127332166 ] ] } },
{ "type": "Feature", "properties": { "element": "way", "id": 579373863, "natural": "cliff" }, "geometry": { "type": "LineString", "coordinates": [ [ 2610433.046561834402382, 1254882.407533686840907 ], [ 2610431.529225080739707, 1254891.744385233148932 ], [ 2610433.652146732900292, 1254898.385827456600964 ], [ 2610437.722605040762573, 1254904.141206684755161 ], [ 2610442.061685137450695, 1254907.250865258276463 ], [ 2610446.676817973610014, 1254907.781527518993244 ], [ 2610450.135284262243658, 1254909.822274673264474 ], [ 2610453.674773115199059, 1254917.266740020830184 ], [ 2610461.12277123099193, 1254919.581341664772481 ], [ 2610464.580307322088629, 1254922.144663588609546 ], [ 2610462.9700937862508, 1254928.512714739190415 ], [ 2610469.946146000176668, 1254946.136625644983724 ], [ 2610469.1377845229581, 1254951.171869526151568 ], [ 2610471.339636625722051, 1254964.362242044415325 ], [ 2610480.538899566512555, 1254978.699011021992192 ], [ 2610480.422852912917733, 1254993.208406551973894 ], [ 2610487.239183412864804, 1255002.949066517176107 ], [ 2610487.053860677871853, 1255009.675413244636729 ], [ 2610488.195535213686526, 1255016.670940480660647 ], [ 2610493.862362804822624, 1255023.841218024492264 ], [ 2610493.663730181753635, 1255033.836371343582869 ], [ 2610497.624024608638138, 1255050.654477102216333 ], [ 2610501.693425990175456, 1255061.190843321382999 ], [ 2610516.565275177359581, 1255079.262367438757792 ], [ 2610523.550223824568093, 1255091.66068431083113 ], [ 2610532.420318467076868, 1255108.55420657992363 ], [ 2610541.040616753511131, 1255121.667020398192108 ], [ 2610539.101510304026306, 1255130.602839416824281 ], [ 2610543.467529453337193, 1255139.672123718075454 ], [ 2610554.142645576968789, 1255146.617844394408166 ], [ 2610557.287317893467844, 1255155.384775868151337 ], [ 2610553.411394405644387, 1255167.697173228254542 ], [ 2610547.715981033165008, 1255181.040368193760514 ], [ 2610550.878408221993595, 1255188.295216138241813 ], [ 2610550.55642110761255, 1255208.263425617013127 ], [ 2610548.669329348020256, 1255230.419202955905348 ], [ 2610544.744459483306855, 1255249.113527055364102 ], [ 2610534.039413891732693, 1255254.920659966766834 ], [ 2610522.760638518724591, 1255261.038115706061944 ], [ 2610521.853575901128352, 1255270.709587333723903 ], [ 2610517.220015709288418, 1255272.235750966239721 ], [ 2610514.203231938183308, 1255267.927572689251974 ], [ 2610511.800485147163272, 1255270.391632192302495 ], [ 2610510.774103021249175, 1255279.306838679593056 ], [ 2610504.140585814602673, 1255290.124529387569055 ], [ 2610500.146533595398068, 1255292.552431313088164 ], [ 2610496.039676170796156, 1255307.632964584976435 ], [ 2610497.996056951116771, 1255331.607852479442954 ], [ 2610495.475371691863984, 1255336.817975321318954 ], [ 2610495.079689631704241, 1255351.638210364384577 ], [ 2610497.848298549186438, 1255359.804054803680629 ], [ 2610495.561498411931098, 1255373.531345907365903 ], [ 2610489.639858113136142, 1255378.479752972256392 ], [ 2610487.084100180305541, 1255390.772290262626484 ], [ 2610489.414034261833876, 1255395.35720832250081 ], [ 2610494.460338160395622, 1255394.943598034325987 ], [ 2610497.006731399800628, 1255396.526910869404674 ], [ 2610499.278431271202862, 1255404.191549455281347 ], [ 2610498.041793650016189, 1255416.886674465611577 ], [ 2610498.660711551085114, 1255438.001762478146702 ], [ 2610495.088414434809238, 1255449.380790581228212 ], [ 2610498.379737693816423, 1255456.202222665306181 ], [ 2610496.786293501034379, 1255470.230938720749691 ], [ 2610500.330574654974043, 1255479.009671349776909 ], [ 2610496.546975417993963, 1255486.196658922825009 ], [ 2610501.064349425956607, 1255499.135420964332297 ], [ 2610507.629851536359638, 1255501.081620108569041 ], [ 2610509.990933307446539, 1255505.077323161996901 ], [ 2610510.622212195303291, 1255510.615442721871659 ], [ 2610518.047186620067805, 1255525.527324018301442 ], [ 2610511.806553820613772, 1255536.089982386911288 ], [ 2610513.357450588140637, 1255541.896570038050413 ], [ 2610509.614155117888004, 1255547.627100076526403 ], [ 2610504.51582517568022, 1255551.954312580637634 ], [ 2610494.456630256492645, 1255551.091569264186546 ], [ 2610489.642452402506024, 1255561.089723284356296 ], [ 2610480.569138084538281, 1255569.990771328564733 ], [ 2610475.811655027326196, 1255582.079312382265925 ], [ 2610463.843360174912959, 1255594.711105434689671 ], [ 2610449.891735161654651, 1255598.700377340195701 ], [ 2610430.008927719201893, 1255608.950116601772606 ], [ 2610405.270235548727214, 1255644.586062095593661 ], [ 2610333.679220537655056, 1255700.020481000421569 ], [ 2610318.320517769083381, 1255724.120971634518355 ], [ 2610282.673809693660587, 1255749.064796558814123 ], [ 2610267.666413199622184, 1255770.808907971018925 ], [ 2610262.788049519062042, 1255787.745080908760428 ], [ 2610243.740781686268747, 1255803.845218030968681 ], [ 2610235.225578655488789, 1255817.539678470930085 ], [ 2610233.178134709130973, 1255832.868562730262056 ], [ 2610227.88377057062462, 1255850.60458406037651 ], [ 2610212.078203637618572, 1255867.510926009388641 ], [ 2610197.486860201694071, 1255884.430508535122499 ], [ 2610193.40818674210459, 1255901.356994853820652 ], [ 2610194.597476880997419, 1255915.879787102574483 ], [ 2610194.581602384801954, 1255925.152586298529059 ] ] } },
{ "type": "Feature", "properties": { "element": "way", "id": 579381005, "natural": "cliff" }, "geometry": { "type": "LineString", "coordinates": [ [ 2612064.774328232277185, 1256037.989419695455581 ], [ 2612171.084861695300788, 1256147.134041520534083 ], [ 2612271.613827655557543, 1256231.340975784230977 ], [ 2612352.952391883824021, 1256320.980064508737996 ], [ 2612416.83463603630662, 1256402.044803074561059 ], [ 2612497.16932986676693, 1256475.628686683950946 ], [ 2612539.860402259975672, 1256545.364997698226944 ], [ 2612561.062239602208138, 1256603.459574963897467 ], [ 2612553.494261861313134, 1256634.364219670183957 ], [ 2612512.968106050044298, 1256639.882539148442447 ] ] } },
{ "type": "Feature", "properties": { "element": "way", "id": 625229436, "natural": "cliff" }, "geometry": { "type": "LineString", "coordinates": [ [ 2599027.114025624003261, 1248690.900431688176468 ], [ 2599016.729476328473538, 1248676.215065606404096 ], [ 2599017.443603248801082, 1248658.425737195415422 ], [ 2599014.580056137870997, 1248647.830555994994938 ], [ 2599014.358801883179694, 1248635.033489970257506 ], [ 2599011.555546895600855, 1248623.904624162707478 ], [ 2599004.327302526216954, 1248610.94204606115818 ], [ 2598998.662049643695354, 1248598.234913118183613 ], [ 2598998.093656357377768, 1248586.68315624864772 ], [ 2598994.852572740521282, 1248576.443839177954942 ], [ 2598995.236220329534262, 1248568.560931666987017 ], [ 2599006.732029240112752, 1248547.289643004303798 ], [ 2599046.179743844084442, 1248520.921307228971273 ] ] } },
{ "type": "Feature", "properties": { "element": "way", "id": 669060183, "natural": "cliff" }, "geometry": { "type": "LineString", "coordinates": [ [ 2603218.655859285965562, 1255336.363183286273852 ], [ 2603209.613564409781247, 1255335.257651833351701 ], [ 2603204.122162418439984, 1255308.30358747090213 ], [ 2603176.02665153844282, 1255296.514325115364045 ], [ 2603169.16974178655073, 1255269.937607603613287 ], [ 2603158.861882763914764, 1255251.275441938545555 ], [ 2603155.022031635977328, 1255224.077685991302133 ], [ 2603143.019564810674638, 1255215.109963845927268 ], [ 2603123.715245936065912, 1255222.660524995997548 ], [ 2603110.189426694065332, 1255213.269582355394959 ], [ 2603098.720206971745938, 1255179.041086693527177 ], [ 2603108.691104777622968, 1255178.879420361947268 ], [ 2603113.244355962611735, 1255168.586067672353238 ], [ 2603108.180987352505326, 1255158.821460708742961 ], [ 2603086.136345843784511, 1255156.186230335617438 ], [ 2603080.992587013635784, 1255141.251523605315015 ] ] } },
{ "type": "Feature", "properties": { "element": "way", "id": 669060184, "natural": "cliff" }, "geometry": { "type": "LineString", "coordinates": [ [ 2602830.68693514727056, 1255239.149818097939715 ], [ 2602784.433981724549085, 1255249.034975410671905 ], [ 2602724.589772901963443, 1255243.248474026331678 ], [ 2602672.816884175874293, 1255251.564328818581998 ], [ 2602590.638537029270083, 1255232.282713923137635 ], [ 2602510.554332528728992, 1255236.262921717017889 ], [ 2602435.024955376051366, 1255223.201433861861005 ] ] } },
{ "type": "Feature", "properties": { "element": "way", "id": 669060185, "natural": "cliff" }, "geometry": { "type": "LineString", "coordinates": [ [ 2601808.092806106433272, 1255060.210037835175171 ], [ 2601805.896924105007201, 1255063.800654327496886 ], [ 2601802.013792771846056, 1255059.741282153641805 ], [ 2601799.550340034998953, 1255049.800665288697928 ], [ 2601794.812758819200099, 1255053.112582866335288 ], [ 2601782.590645519085228, 1255038.98860155697912 ], [ 2601744.620722619816661, 1255017.596962136216462 ] ] } },
{ "type": "Feature", "properties": { "element": "way", "id": 669060186, "natural": "cliff" }, "geometry": { "type": "LineString", "coordinates": [ [ 2601686.738902881741524, 1254994.554569582687691 ], [ 2601559.44854484545067, 1254920.083179981214926 ] ] } },
{ "type": "Feature", "properties": { "element": "way", "id": 669060187, "natural": "cliff" }, "geometry": { "type": "LineString", "coordinates": [ [ 2601532.51969890948385, 1254927.970570605248213 ], [ 2601495.722648179158568, 1254915.52005874668248 ], [ 2601476.822501501999795, 1254909.222499846946448 ], [ 2601465.81346145644784, 1254896.055654102237895 ], [ 2601480.517385638784617, 1254881.616272400598973 ], [ 2601470.225071419961751, 1254867.515640619909391 ], [ 2601461.13861026475206, 1254889.461315366439521 ], [ 2601438.567194690462202, 1254874.090365648269653 ], [ 2601446.008155012037605, 1254857.080865127732977 ], [ 2601445.653715987224132, 1254856.80282167927362 ], [ 2601431.277439516037703, 1254856.910686450777575 ], [ 2601432.968957336153835, 1254848.349871545098722 ], [ 2601426.175069216173142, 1254839.475793002871796 ], [ 2601416.533133894205093, 1254816.958742218557745 ], [ 2601413.525923495646566, 1254806.729090317850932 ], [ 2601392.407584209460765, 1254733.731758009642363 ], [ 2601408.446020457427949, 1254689.383894111029804 ], [ 2601397.023597768507898, 1254667.122207366162911 ], [ 2601402.605514777824283, 1254666.267339885467663 ], [ 2601411.007947207428515, 1254667.714632327202708 ], [ 2601416.79376575909555, 1254665.792454107431695 ], [ 2601426.118486369028687, 1254658.234041128307581 ], [ 2601430.22418499365449, 1254647.90595137514174 ], [ 2601425.34579284209758, 1254639.766135968500748 ], [ 2601428.336190601345152, 1254624.901467387098819 ], [ 2601454.002504741307348, 1254602.281383072957397 ], [ 2601458.199473200365901, 1254589.10701563465409 ], [ 2601455.644862825982273, 1254578.599494223482907 ], [ 2601448.465276596602052, 1254572.860706246923655 ], [ 2601441.294446564279497, 1254561.818434660555795 ] ] } },
{ "type": "Feature", "properties": { "element": "way", "id": 669060188, "natural": "cliff" }, "geometry": { "type": "LineString", "coordinates": [ [ 2602386.934218027163297, 1255228.074540874455124 ], [ 2602337.942628703545779, 1255241.864698325749487 ], [ 2602286.677705695852637, 1255264.693718665745109 ], [ 2602260.964525804389268, 1255270.443510546348989 ], [ 2602234.343524166848511, 1255283.909294126555324 ], [ 2602174.006542201619595, 1255305.979929321212694 ], [ 2602158.236342090182006, 1255305.296120641054586 ], [ 2602138.3191639771685, 1255322.889655130915344 ], [ 2602131.216792835853994, 1255316.494062998797745 ], [ 2602122.360134140588343, 1255323.128708474570885 ], [ 2602113.908000596798956, 1255315.921021765097976 ], [ 2602100.388278502970934, 1255328.691483519272879 ], [ 2602075.89900758722797, 1255329.594851328991354 ], [ 2602055.462812383193523, 1255321.549316123127937 ], [ 2602032.043023927602917, 1255304.107762527419254 ], [ 2602019.206045502796769, 1255282.389169075293466 ], [ 2601974.504648568574339, 1255233.764718562131748 ], [ 2601957.661283620167524, 1255215.580646044341847 ], [ 2601946.49933143844828, 1255214.120580850169063 ], [ 2601937.287300282157958, 1255199.830450562294573 ], [ 2601932.300950272474438, 1255202.886456460924819 ], [ 2601919.904983336105943, 1255192.030956818489358 ], [ 2601883.572388615459204, 1255148.668856660602614 ], [ 2601875.89577133115381, 1255144.074588697170839 ], [ 2601876.153489875607193, 1255139.871890924405307 ], [ 2601869.767851169221103, 1255131.108603975968435 ], [ 2601865.82953077647835, 1255135.232355625368655 ], [ 2601862.918411628808826, 1255134.575484809465706 ], [ 2601861.237523368094116, 1255131.139373431680724 ], [ 2601861.766838379204273, 1255126.658795952564105 ], [ 2601858.373907973989844, 1255123.022035613888875 ], [ 2601854.843124776612967, 1255126.312033385271206 ], [ 2601851.849252284038812, 1255124.932443497003987 ], [ 2601851.307561852969229, 1255120.42930615786463 ], [ 2601853.646620146464556, 1255117.283487254986539 ], [ 2601840.217142413835973, 1255106.060937335481867 ], [ 2601824.362739058677107, 1255082.162661792710423 ], [ 2601824.740939802024513, 1255078.504802477546036 ], [ 2601815.217754116747528, 1255069.006829457357526 ] ] } },
{ "type": "Feature", "properties": { "element": "way", "id": 685313402, "natural": "cliff" }, "geometry": { "type": "LineString", "coordinates": [ [ 2626408.121099776122719, 1243862.856491048354656 ], [ 2626418.140520421322435, 1243864.757778962142766 ], [ 2626431.497921680565923, 1243870.531954254489392 ] ] } },
{ "type": "Feature", "properties": { "element": "way", "id": 685313404, "natural": "cliff" }, "geometry": { "type": "LineString", "coordinates": [ [ 2626425.609210559632629, 1243872.673809598898515 ], [ 2626417.403145065996796, 1243872.537249990738928 ], [ 2626413.151086426340044, 1243870.29470099019818 ] ] } },
{ "type": "Feature", "properties": { "element": "way", "id": 686397017, "natural": "cliff" }, "geometry": { "type": "LineString", "coordinates": [ [ 2607418.82602493930608, 1257488.996357350144535 ], [ 2607387.612436769064516, 1257483.676341046579182 ], [ 2607343.93420366756618, 1257473.960438731824979 ], [ 2607296.23432159749791, 1257466.741615136153996 ], [ 2607259.114768934901804, 1257463.438637878978625 ], [ 2607222.406811136752367, 1257462.63806306454353 ], [ 2607209.212535057682544, 1257456.78488538810052 ], [ 2607186.040320152882487, 1257460.003568121930584 ], [ 2607160.226194100920111, 1257459.583410959457979 ], [ 2607117.960325491148978, 1257447.302490974543616 ], [ 2607100.809626533649862, 1257439.877127513056621 ], [ 2607063.028386812657118, 1257434.840103579219431 ], [ 2607044.621538355946541, 1257437.631354867713526 ], [ 2607018.879288024269044, 1257433.698441827204078 ], [ 2607001.7559301443398, 1257434.968095210613683 ], [ 2606986.578766067977995, 1257441.799343420658261 ], [ 2606971.21407496323809, 1257441.381124717881903 ], [ 2606968.678764675278217, 1257430.248509667813778 ] ] } },
{ "type": "Feature", "properties": { "element": "way", "id": 688975944, "natural": "cliff" }, "geometry": { "type": "LineString", "coordinates": [ [ 2614322.161412300541997, 1261276.948315926128998 ], [ 2614345.175618951674551, 1261241.034909833455458 ], [ 2614357.992572410032153, 1261218.928578287595883 ], [ 2614375.2238639453426, 1261200.357586837140843 ], [ 2614397.097859919536859, 1261184.366319968830794 ], [ 2614409.575999965425581, 1261180.91644177865237 ], [ 2614421.542262649629265, 1261180.378443110734224 ], [ 2614427.881509152706712, 1261176.19098032778129 ], [ 2614430.750001536682248, 1261170.89433713350445 ], [ 2614438.500412076711655, 1261168.911816361127421 ], [ 2614448.181686609517783, 1261153.725002183346078 ], [ 2614447.716072408016771, 1261143.805999183794484 ], [ 2614442.754612976685166, 1261132.919851001119241 ], [ 2614435.924754937179387, 1261103.349770063534379 ], [ 2614434.490028040949255, 1261095.340827489038929 ], [ 2614440.951232169289142, 1261081.324757588328794 ], [ 2614439.782617897260934, 1261075.429011815227568 ], [ 2614434.209618813358247, 1261061.917376263067126 ], [ 2614443.020690092351288, 1261042.125307254958898 ], [ 2614450.09874831000343, 1261037.83959883521311 ], [ 2614452.918362786062062, 1261027.895239483565092 ], [ 2614455.207836480811238, 1261015.970465297112241 ], [ 2614450.446826002560556, 1261006.274502313695848 ], [ 2614429.333653048612177, 1260987.910682506859303 ], [ 2614395.958736781962216, 1260979.846452257363126 ] ] } },
{ "type": "Feature", "properties": { "element": "way", "id": 689741088, "natural": "cliff" }, "geometry": { "type": "LineString", "coordinates": [ [ 2617735.420653543435037, 1260128.601358816958964 ], [ 2617731.888523225672543, 1260122.809092148672789 ], [ 2617729.651102088391781, 1260117.509918322786689 ], [ 2617737.226130086928606, 1260117.054458589758724 ], [ 2617749.292769993655384, 1260121.582490514032543 ], [ 2617755.81584020331502, 1260127.650566719006747 ], [ 2617758.598362241405994, 1260134.619182953145355 ], [ 2617769.852348416112363, 1260141.235134771792218 ], [ 2617770.470284732058644, 1260148.786563222296536 ], [ 2617768.520419410429895, 1260155.685417525703087 ], [ 2617765.612849674653262, 1260157.767019877908751 ], [ 2617760.793443083763123, 1260154.050071977777407 ], [ 2617757.100204121787101, 1260149.224631708813831 ] ] } },
{ "type": "Feature", "properties": { "element": "way", "id": 689741089, "natural": "cliff" }, "geometry": { "type": "LineString", "coordinates": [ [ 2617811.993535182904452, 1260161.275052790762857 ], [ 2617805.421051677316427, 1260151.615434524370357 ], [ 2617802.382206030189991, 1260144.701619845349342 ], [ 2617806.895873563829809, 1260142.313533507753164 ], [ 2617816.238470560871065, 1260142.97534804744646 ], [ 2617819.607589018065482, 1260147.810970401391387 ], [ 2617820.55868831416592, 1260152.305770550621673 ], [ 2617819.737888414412737, 1260157.117689699167386 ], [ 2617817.312886165920645, 1260161.613467963412404 ], [ 2617811.993535182904452, 1260161.275052790762857 ] ] } },
{ "type": "Feature", "properties": { "element": "way", "id": 695765926, "natural": "cliff" }, "geometry": { "type": "LineString", "coordinates": [ [ 2601400.005244398489594, 1254623.649776835925877 ], [ 2601394.644042677711695, 1254615.509879022836685 ], [ 2601393.243444390129298, 1254604.813628357136622 ], [ 2601398.139078342355788, 1254603.658405793830752 ], [ 2601401.110282239504158, 1254606.8611825783737 ], [ 2601404.420096807181835, 1254613.699766512494534 ], [ 2601406.009937641676515, 1254621.327373627806082 ], [ 2601400.005244398489594, 1254623.649776835925877 ] ] } },
{ "type": "Feature", "properties": { "element": "way", "id": 702042826, "natural": "cliff" }, "geometry": { "type": "LineString", "coordinates": [ [ 2603463.983446922153234, 1255216.652888970915228 ], [ 2603470.645348818972707, 1255212.887555366614833 ], [ 2603491.022283892147243, 1255229.443567388691008 ], [ 2603503.097568650729954, 1255228.939110692124814 ], [ 2603509.306307616177946, 1255239.260646742768586 ], [ 2603518.806288952939212, 1255244.61415476212278 ], [ 2603539.315302027855068, 1255254.165781368035823 ] ] } },
{ "type": "Feature", "properties": { "element": "way", "id": 707644647, "natural": "cliff" }, "geometry": { "type": "LineString", "coordinates": [ [ 2619205.586587922647595, 1250533.982833006186411 ], [ 2619180.868114401586354, 1250517.014171248301864 ], [ 2619177.291408600751311, 1250495.610890167532489 ], [ 2619187.966239594854414, 1250469.417140728561208 ], [ 2619211.980568493250757, 1250461.433943733107299 ], [ 2619231.503004691563547, 1250460.663236514898017 ], [ 2619269.382858534343541, 1250473.883423201739788 ] ] } },
{ "type": "Feature", "properties": { "element": "way", "id": 707644648, "natural": "cliff" }, "geometry": { "type": "LineString", "coordinates": [ [ 2619815.332309688907117, 1250049.701812530169263 ], [ 2619814.314595973584801, 1250044.76186848198995 ], [ 2619816.897569824941456, 1250035.331002541584894 ], [ 2619820.365558960475028, 1250027.626435679150745 ], [ 2619824.09974396135658, 1250026.115682195406407 ], [ 2619832.098388059996068, 1250015.757839476456866 ], [ 2619840.657229430507869, 1250020.756324596703053 ], [ 2619852.246476410888135, 1249999.914777955273166 ], [ 2619863.384748486336321, 1250001.086085060145706 ], [ 2619866.711958060972393, 1250008.413088271627203 ], [ 2619879.405479871667922, 1249995.991881515597925 ] ] } },
{ "type": "Feature", "properties": { "element": "way", "id": 707644649, "natural": "cliff" }, "geometry": { "type": "LineString", "coordinates": [ [ 2619306.33940888941288, 1250831.50348500884138 ], [ 2619265.490827280562371, 1250768.563160991063341 ], [ 2619233.186956230085343, 1250740.206692228559405 ], [ 2619201.328206694684923, 1250700.144197277259082 ], [ 2619147.698552560992539, 1250632.560411741491407 ], [ 2619102.992876641452312, 1250556.922767662908882 ], [ 2619074.751818664837629, 1250466.261824920075014 ], [ 2619071.932893532328308, 1250410.894450863823295 ] ] } },
{ "type": "Feature", "properties": { "element": "way", "id": 707644651, "natural": "cliff" }, "geometry": { "type": "LineString", "coordinates": [ [ 2620026.412987729068846, 1249852.703165025450289 ], [ 2619986.039697467815131, 1249857.403670474654064 ], [ 2619955.45934266038239, 1249854.85482289781794 ], [ 2619926.172519773244858, 1249844.761113695101812 ] ] } },
{ "type": "Feature", "properties": { "element": "way", "id": 707644652, "natural": "cliff" }, "geometry": { "type": "LineString", "coordinates": [ [ 2620213.145267781801522, 1249371.922522840555757 ], [ 2620201.333822050131857, 1249368.569080282235518 ], [ 2620192.398253183346242, 1249363.157425876474008 ], [ 2620183.752042058389634, 1249359.236625117715448 ], [ 2620176.225325106177479, 1249350.2385602616705 ], [ 2620172.10171049553901, 1249339.550955099752173 ], [ 2620167.694478421006352, 1249334.566095662070438 ], [ 2620160.205422834027559, 1249330.026631724555045 ], [ 2620150.022037871647626, 1249329.658531157067046 ], [ 2620134.620592556428164, 1249331.863331640604883 ] ] } },
{ "type": "Feature", "properties": { "element": "way", "id": 707644653, "natural": "cliff" }, "geometry": { "type": "LineString", "coordinates": [ [ 2619738.199540072120726, 1247380.972210111562163 ], [ 2619696.697716581169516, 1247367.9706759697292 ], [ 2619678.784053383860737, 1247367.877977275289595 ], [ 2619654.801430573221296, 1247357.725460205459967 ], [ 2619645.325853987131268, 1247347.821106363553554 ], [ 2619621.023568433709443, 1247342.948848454281688 ], [ 2619610.271307465620339, 1247326.258192415116355 ], [ 2619590.984909652732313, 1247318.711990303127095 ], [ 2619581.487184561323375, 1247315.478628251701593 ], [ 2619575.823653066065162, 1247303.796907354379073 ], [ 2619568.569584674667567, 1247286.60641263704747 ], [ 2619557.956334593240172, 1247289.56229092227295 ], [ 2619544.001707279589027, 1247302.691532537806779 ], [ 2619535.659790155477822, 1247313.137514787726104 ], [ 2619522.084244565106928, 1247332.750005199108273 ], [ 2619512.236922476440668, 1247346.2819550819695 ], [ 2619510.801114011090249, 1247355.750006627291441 ], [ 2619513.569212003145367, 1247366.04349385551177 ], [ 2619512.318953819107264, 1247381.104644563514739 ], [ 2619509.287349861115217, 1247391.267909348011017 ], [ 2619504.341488554608077, 1247404.815965945599601 ], [ 2619495.900583051610738, 1247413.271511075552553 ], [ 2619486.076674550306052, 1247419.721244880696759 ], [ 2619478.971118128858507, 1247419.397758540697396 ], [ 2619471.952639927621931, 1247424.767120812553912 ], [ 2619466.956002716440707, 1247433.100573843577877 ], [ 2619459.569355748593807, 1247437.90171312680468 ], [ 2619455.446677408646792, 1247446.882897489937022 ], [ 2619448.791173435281962, 1247454.432656972901896 ] ] } },
{ "type": "Feature", "properties": { "element": "way", "id": 707644666, "natural": "cliff" }, "geometry": { "type": "LineString", "coordinates": [ [ 2615789.068598148878664, 1246786.543799287406728 ], [ 2615797.509335601236671, 1246790.702189698815346 ], [ 2615805.245856505353004, 1246789.844398693647236 ], [ 2615813.637106309179217, 1246792.724084036890417 ], [ 2615823.965655475854874, 1246788.515502214431763 ], [ 2615852.631086514797062, 1246793.472724202554673 ], [ 2615867.101386003661901, 1246808.076186676044017 ], [ 2615872.855244447011501, 1246814.295510278316215 ] ] } },
{ "type": "Feature", "properties": { "element": "way", "id": 707644667, "natural": "cliff" }, "geometry": { "type": "LineString", "coordinates": [ [ 2616029.87062487192452, 1246846.136673521250486 ], [ 2616042.329053208231926, 1246839.165771307889372 ], [ 2616062.467380366288126, 1246835.528861864935607 ] ] } },
{ "type": "Feature", "properties": { "element": "way", "id": 707644668, "natural": "cliff" }, "geometry": { "type": "LineString", "coordinates": [ [ 2616096.893677805550396, 1246835.488502868451178 ], [ 2616106.841403855010867, 1246829.711712041636929 ], [ 2616114.650376177858561, 1246829.988581288373098 ] ] } },
{ "type": "Feature", "properties": { "element": "way", "id": 707644669, "natural": "cliff" }, "geometry": { "type": "LineString", "coordinates": [ [ 2616830.285023379139602, 1246879.801188597688451 ], [ 2616791.253005607053638, 1246825.878584075486287 ], [ 2616787.132002711761743, 1246814.148328160867095 ], [ 2616785.084256811533123, 1246806.437610052758828 ], [ 2616776.438380275852978, 1246792.248581524472684 ], [ 2616780.41023137839511, 1246784.57708518137224 ], [ 2616794.439108078368008, 1246786.195473483530805 ], [ 2616801.871720647905022, 1246780.679584866389632 ], [ 2616809.959703733213246, 1246778.456555938115343 ], [ 2616818.166000453289598, 1246779.802826536120847 ], [ 2616829.010596319101751, 1246783.002200758550316 ], [ 2616836.436541090253741, 1246779.854521000524983 ], [ 2616862.376086844131351, 1246784.27524150069803 ], [ 2616882.088200893718749, 1246790.012583502335474 ], [ 2616888.925878943875432, 1246794.546001537935808 ], [ 2616892.328632140532136, 1246806.463298086775467 ], [ 2616894.713713780511171, 1246812.362739169737324 ], [ 2616897.414776688441634, 1246816.039431470446289 ], [ 2616892.957153362687677, 1246816.527088653994724 ], [ 2616885.363528805784881, 1246814.893379371846095 ], [ 2616881.921716460026801, 1246814.071976971346885 ], [ 2616876.662496549542993, 1246812.244777558371425 ], [ 2616873.826647724024951, 1246810.813596399035305 ] ] } },
{ "type": "Feature", "properties": { "element": "way", "id": 707644670, "natural": "cliff" }, "geometry": { "type": "LineString", "coordinates": [ [ 2616953.317478612530977, 1246822.813880590489134 ], [ 2616966.112178069073707, 1246822.805895188357681 ], [ 2617009.86214324971661, 1246829.55733936582692 ], [ 2617046.766314872074872, 1246834.632862231694162 ], [ 2617065.041423180140555, 1246838.298703473061323 ], [ 2617081.270947828423232, 1246844.149018567055464 ], [ 2617118.794429238885641, 1246851.806201582076028 ], [ 2617143.850636086426675, 1246855.925422176951542 ], [ 2617165.117780291475356, 1246856.553801328176633 ], [ 2617199.254328050184995, 1246862.656284140888602 ], [ 2617232.309671298135072, 1246871.735519510693848 ], [ 2617249.534975366201252, 1246877.91161173582077 ], [ 2617248.407711167819798, 1246881.1659868019633 ], [ 2617231.006155723705888, 1246875.867728158133104 ], [ 2617217.436731893569231, 1246872.192759812809527 ], [ 2617197.598452258389443, 1246868.49969002045691 ], [ 2617173.911708265077323, 1246863.583683053264394 ], [ 2617151.837158405221999, 1246860.084437301848084 ], [ 2617133.203183151315898, 1246857.807073762873188 ], [ 2617075.708060277160257, 1246845.522822831291705 ], [ 2617052.528600320219994, 1246840.108438099268824 ], [ 2617028.936054357793182, 1246836.505234443349764 ], [ 2617007.470207843929529, 1246834.020030455896631 ], [ 2616984.789475346915424, 1246831.131177896168083 ], [ 2616970.214123761747032, 1246827.854160990100354 ], [ 2616961.501282774377614, 1246826.717481033643708 ], [ 2616956.541645683348179, 1246825.791642284253612 ], [ 2616953.317478612530977, 1246822.813880590489134 ] ] } },
{ "type": "Feature", "properties": { "element": "way", "id": 707644671, "natural": "cliff" }, "geometry": { "type": "LineString", "coordinates": [ [ 2617282.623517971485853, 1246891.104974770918489 ], [ 2617324.129771966952831, 1246897.741041573463008 ], [ 2617341.533557129092515, 1246889.27519647567533 ], [ 2617354.91515693301335, 1246889.981330695794895 ], [ 2617385.116990556474775, 1246893.260488808853552 ], [ 2617422.44361930899322, 1246906.000060784397647 ], [ 2617433.642069292254746, 1246896.5156658901833 ], [ 2617457.121261310763657, 1246892.259553025709465 ], [ 2617481.60913385823369, 1246894.310542619321495 ], [ 2617488.37764081871137, 1246888.78244199231267 ], [ 2617493.956285357475281, 1246882.072314639575779 ], [ 2617504.818391199689358, 1246881.704024381469935 ], [ 2617509.057837130501866, 1246880.92711093602702 ] ] } },
{ "type": "Feature", "properties": { "element": "way", "id": 707644672, "natural": "cliff" }, "geometry": { "type": "LineString", "coordinates": [ [ 2617455.365902815945446, 1246903.606126531492919 ], [ 2617480.123501519206911, 1246903.812273496063426 ], [ 2617499.451631128322333, 1246906.237309809075668 ], [ 2617508.845312712714076, 1246906.932057141559198 ] ] } },
{ "type": "Feature", "properties": { "element": "way", "id": 707644673, "natural": "cliff" }, "geometry": { "type": "LineString", "coordinates": [ [ 2617553.766112118493766, 1246895.312514868797734 ], [ 2617564.228261408396065, 1246894.820852240547538 ], [ 2617568.356094642076641, 1246888.362228883430362 ], [ 2617571.804078022018075, 1246887.04934624186717 ], [ 2617594.303180865943432, 1246889.895438646199182 ] ] } },
{ "type": "Feature", "properties": { "element": "way", "id": 707644674, "natural": "cliff" }, "geometry": { "type": "LineString", "coordinates": [ [ 2617631.720518443267792, 1246907.561981752049178 ], [ 2617647.613522818312049, 1246906.942035889718682 ], [ 2617661.788792369421571, 1246904.871658268617466 ], [ 2617679.714276579674333, 1246911.61811433499679 ], [ 2617733.480052477680147, 1246920.161383061204106 ], [ 2617784.604557840153575, 1246915.288634901167825 ] ] } },
{ "type": "Feature", "properties": { "element": "way", "id": 708713734, "natural": "cliff" }, "geometry": { "type": "LineString", "coordinates": [ [ 2616335.008073120843619, 1246821.317036092514172 ], [ 2616347.183282354846597, 1246821.361603289609775 ], [ 2616358.91482864972204, 1246817.947204091120511 ], [ 2616369.752343372441828, 1246826.526943621458486 ], [ 2616377.25509157218039, 1246828.293160014552996 ], [ 2616383.954792978707701, 1246828.200428473763168 ], [ 2616391.069933894556016, 1246833.579021394718438 ], [ 2616399.450637944508344, 1246834.6805913108401 ], [ 2616407.297071139328182, 1246832.322927880799398 ], [ 2616454.889144767541438, 1246831.920725845266134 ] ] } },
{ "type": "Feature", "properties": { "element": "way", "id": 708713735, "natural": "cliff" }, "geometry": { "type": "LineString", "coordinates": [ [ 2616012.253671129234135, 1247071.933991851983592 ], [ 2616004.201838441658765, 1247060.983091770205647 ], [ 2615994.941991722676903, 1247047.06038442463614 ], [ 2615992.811922544147819, 1247038.715976941632107 ], [ 2615993.828337415121496, 1247028.667820764705539 ], [ 2616002.72827602783218, 1247005.132207536371425 ], [ 2616009.779734706040472, 1246994.93352015200071 ], [ 2616025.410930735990405, 1246984.802422489272431 ], [ 2616032.218583116307855, 1246983.820125167258084 ], [ 2616034.010902848560363, 1246977.354141246760264 ], [ 2616027.148958635516465, 1246973.255255263531581 ], [ 2616027.286577207036316, 1246967.029412630945444 ] ] } },
{ "type": "Feature", "properties": { "element": "way", "id": 708713744, "natural": "cliff" }, "geometry": { "type": "LineString", "coordinates": [ [ 2618313.397790135350078, 1247637.00138275558129 ], [ 2618249.831051221117377, 1247632.836665133014321 ], [ 2618184.737686099484563, 1247609.266579763498157 ], [ 2618125.585637361742556, 1247593.64265079703182 ] ] } },
{ "type": "Feature", "properties": { "element": "way", "id": 708713745, "natural": "cliff" }, "geometry": { "type": "LineString", "coordinates": [ [ 2618625.006001483183354, 1247735.410139293875545 ], [ 2618615.874627654440701, 1247733.40248030400835 ], [ 2618607.941258430946618, 1247727.440479770768434 ], [ 2618608.2389792567119, 1247724.005864788545296 ], [ 2618608.771536654792726, 1247717.925835603615269 ], [ 2618617.12599392933771, 1247712.415096137905493 ] ] } },
{ "type": "Feature", "properties": { "element": "way", "id": 708713746, "natural": "cliff" }, "geometry": { "type": "LineString", "coordinates": [ [ 2619247.413770859129727, 1247603.462390075670555 ], [ 2619226.173345825634897, 1247614.133894241880625 ], [ 2619190.772028395440429, 1247627.483710027998313 ], [ 2619166.869524536654353, 1247646.418829123489559 ], [ 2619142.134776412975043, 1247675.257749165408313 ], [ 2619111.046706592198461, 1247704.865738885244355 ], [ 2619064.859255579765886, 1247735.61509438091889 ] ] } },
{ "type": "Feature", "properties": { "element": "way", "id": 708713747, "natural": "cliff" }, "geometry": { "type": "LineString", "coordinates": [ [ 2619442.475109477993101, 1247452.877669736277312 ], [ 2619434.124050193000585, 1247459.310071959393099 ], [ 2619408.631692508701235, 1247469.744652383262292 ], [ 2619380.304873041808605, 1247504.107739965664223 ], [ 2619313.676589276175946, 1247528.506701429374516 ], [ 2619296.895722718909383, 1247547.175365308532491 ], [ 2619254.013562472071499, 1247598.991984219988808 ] ] } },
{ "type": "Feature", "properties": { "element": "way", "id": 708713748, "natural": "cliff" }, "geometry": { "type": "LineString", "coordinates": [ [ 2619833.522654878906906, 1247406.272332340944558 ], [ 2619757.378240704070777, 1247391.264749390538782 ] ] } },
{ "type": "Feature", "properties": { "element": "way", "id": 708713749, "natural": "cliff" }, "geometry": { "type": "LineString", "coordinates": [ [ 2620172.71805581683293, 1247714.712214792845771 ], [ 2620110.456446010153741, 1247678.066556902136654 ], [ 2620056.170274428557605, 1247634.299418118782341 ], [ 2620018.135325650218874, 1247601.694669637130573 ], [ 2619986.081086426507682, 1247562.372604714008048 ], [ 2619962.796902382746339, 1247515.553100298391655 ], [ 2619948.170316210016608, 1247492.522505623288453 ], [ 2619949.667320524808019, 1247469.523818376474082 ] ] } },
{ "type": "Feature", "properties": { "element": "way", "id": 715058811, "natural": "cliff" }, "geometry": { "type": "LineString", "coordinates": [ [ 2615112.535913748200983, 1247772.798451815964654 ], [ 2615128.342732414603233, 1247769.403084172168747 ], [ 2615150.224022915121168, 1247767.84661919507198 ], [ 2615177.823501664679497, 1247765.693316689925268 ], [ 2615185.410439040046185, 1247769.648541301954538 ], [ 2615207.542447256390005, 1247770.461117183789611 ], [ 2615228.86208573449403, 1247770.015332948183641 ], [ 2615253.321257579140365, 1247767.398495728615671 ], [ 2615316.331585091538727, 1247762.012379125226289 ], [ 2615337.311182662378997, 1247755.806851728120819 ], [ 2615361.310958561953157, 1247755.668647801270708 ], [ 2615387.044011966325343, 1247754.011822707718238 ], [ 2615414.210420991759747, 1247744.186903005233034 ], [ 2615428.582573702558875, 1247746.647941704839468 ], [ 2615435.687754413112998, 1247741.218427139567211 ], [ 2615442.166039323899895, 1247744.559599976520985 ], [ 2615473.170047042891383, 1247740.092796503100544 ], [ 2615481.573302743956447, 1247737.902126926463097 ], [ 2615493.425547874066979, 1247739.445068110711873 ], [ 2615506.1806421848014, 1247739.378238867968321 ], [ 2615518.542080515995622, 1247736.786565293790773 ], [ 2615522.185611120425165, 1247738.308154891012236 ], [ 2615539.211460614111274, 1247733.816357088740915 ], [ 2615557.271647918969393, 1247723.657001208048314 ], [ 2615570.323418531101197, 1247728.549829502590001 ], [ 2615595.144085027743131, 1247723.556042671669275 ], [ 2615602.251050522550941, 1247717.515228315023705 ], [ 2615605.87879423936829, 1247722.172176994150504 ], [ 2615640.320652518887073, 1247722.863022808218375 ], [ 2615645.807200165465474, 1247715.617228203918785 ], [ 2615649.138165138661861, 1247718.249899673741311 ] ] } },
{ "type": "Feature", "properties": { "element": "way", "id": 715058871, "natural": "cliff" }, "geometry": { "type": "LineString", "coordinates": [ [ 2615856.953768298961222, 1248463.913486012956128 ], [ 2615846.946658592205495, 1248473.259525363333523 ], [ 2615830.376250097062439, 1248460.540552482707426 ], [ 2615814.999973649624735, 1248453.06151293986477 ], [ 2615803.976827146485448, 1248449.807908657472581 ], [ 2615795.232957188505679, 1248444.114355860743672 ], [ 2615789.545869002118707, 1248430.37929470394738 ], [ 2615778.446421809960157, 1248416.018372675636783 ], [ 2615773.569760015700012, 1248421.253265646984801 ], [ 2615757.593601813074201, 1248412.127279929351062 ], [ 2615733.909133695531636, 1248405.393607444129884 ], [ 2615719.332745653111488, 1248406.578074832214043 ], [ 2615697.729061516001821, 1248403.919337870785967 ], [ 2615689.378101107198745, 1248409.512034201528877 ], [ 2615662.708284739404917, 1248409.519568561110646 ], [ 2615644.17890191776678, 1248409.315145503263921 ], [ 2615618.926109712105244, 1248401.666109526995569 ], [ 2615596.2030861787498, 1248396.79226626525633 ], [ 2615577.535620429553092, 1248397.39932424412109 ], [ 2615566.292247063945979, 1248394.534726643934846 ], [ 2615555.45120168523863, 1248393.739202617201954 ], [ 2615538.413209786172956, 1248392.038043695734814 ], [ 2615524.811112792696804, 1248387.355083948932588 ], [ 2615515.779234133195132, 1248384.829903576290235 ], [ 2615497.94158510165289, 1248377.033958597108722 ], [ 2615485.589199105743319, 1248370.864496405469254 ], [ 2615471.654025513213128, 1248372.273608620977029 ], [ 2615457.14694524789229, 1248370.023353835102171 ], [ 2615444.385742698796093, 1248364.242055232869461 ], [ 2615436.111280924174935, 1248360.79614640166983 ], [ 2615425.075681585818529, 1248356.375797985354438 ], [ 2615416.272461100947112, 1248355.908244194462895 ], [ 2615403.512988256756216, 1248355.263682750519365 ], [ 2615385.899793713353574, 1248354.017323178471997 ], [ 2615368.871164490003139, 1248357.397729755844921 ], [ 2615361.992277240846306, 1248357.379960167221725 ], [ 2615358.899734777398407, 1248376.551003010710701 ], [ 2615351.197539702057838, 1248379.566409964812919 ], [ 2615345.532557407859713, 1248377.328136833384633 ] ] } },
{ "type": "Feature", "properties": { "element": "way", "id": 716889967, "natural": "cliff" }, "geometry": { "type": "LineString", "coordinates": [ [ 2628078.958522169385105, 1245842.04200955061242 ], [ 2628095.989565334282815, 1245846.058443163521588 ], [ 2628116.112878432963043, 1245847.93261924944818 ], [ 2628134.543698563240469, 1245846.685723684262484 ], [ 2628149.716220621950924, 1245850.726861312286928 ], [ 2628148.872809810563922, 1245861.318591656861827 ], [ 2628143.420731225982308, 1245859.280338080367073 ], [ 2628132.672057803254575, 1245849.489782717078924 ], [ 2628115.367783939931542, 1245852.131804014323279 ], [ 2628104.059110461734235, 1245848.920675717061386 ], [ 2628097.402752803638577, 1245850.734810747439042 ], [ 2628091.471068233717233, 1245852.663564413553104 ], [ 2628086.762770338915288, 1245851.484990071272478 ], [ 2628070.684740876313299, 1245844.026419011410326 ], [ 2628066.187855607364327, 1245841.270063771400601 ] ] } },
{ "type": "Feature", "properties": { "element": "way", "id": 721746589, "natural": "cliff" }, "geometry": { "type": "LineString", "coordinates": [ [ 2628662.556151241995394, 1249655.322590856114402 ], [ 2628664.805615847464651, 1249641.31314370338805 ], [ 2628675.407141308300197, 1249626.821488596964628 ], [ 2628673.680712161585689, 1249620.075390520738438 ], [ 2628673.528288553934544, 1249596.937247832072899 ] ] } },
{ "type": "Feature", "properties": { "element": "way", "id": 721746590, "natural": "cliff" }, "geometry": { "type": "LineString", "coordinates": [ [ 2629046.316211769822985, 1249805.063664561603218 ], [ 2629048.29807211458683, 1249796.545541036408395 ], [ 2629051.29873582534492, 1249778.848594566108659 ], [ 2629038.384027091786265, 1249770.702287376625463 ] ] } },
{ "type": "Feature", "properties": { "element": "way", "id": 725076708, "natural": "cliff" }, "geometry": { "type": "LineString", "coordinates": [ [ 2618608.2389792567119, 1247724.005864788545296 ], [ 2618573.415074995718896, 1247710.321532531175762 ], [ 2618508.091951441019773, 1247686.035593198379502 ] ] } },
{ "type": "Feature", "properties": { "element": "way", "id": 725076709, "natural": "cliff" }, "geometry": { "type": "LineString", "coordinates": [ [ 2618451.821623991243541, 1247652.461360429646447 ], [ 2618451.1478306716308, 1247662.732552405679598 ], [ 2618449.835524892900139, 1247669.477270434610546 ], [ 2618438.701346456538886, 1247675.224223714089021 ], [ 2618426.633997099474072, 1247672.618482343154028 ] ] } },
{ "type": "Feature", "properties": { "element": "way", "id": 725076710, "natural": "cliff" }, "geometry": { "type": "LineString", "coordinates": [ [ 2618489.926333970855922, 1247519.616373289842159 ], [ 2618477.24201133241877, 1247557.479109705192968 ], [ 2618449.460748801473528, 1247583.40956947975792 ] ] } },
{ "type": "Feature", "properties": { "element": "way", "id": 726056704, "natural": "cliff" }, "geometry": { "type": "LineString", "coordinates": [ [ 2618871.696771479211748, 1249315.342848134459928 ], [ 2618810.328448562882841, 1249299.838327015284449 ] ] } },
{ "type": "Feature", "properties": { "element": "way", "id": 726056705, "natural": "cliff" }, "geometry": { "type": "LineString", "coordinates": [ [ 2619002.052281275391579, 1249277.222175142727792 ], [ 2618917.801154724322259, 1249301.76944122207351 ] ] } },
{ "type": "Feature", "properties": { "element": "way", "id": 726056706, "natural": "cliff" }, "geometry": { "type": "LineString", "coordinates": [ [ 2618401.916114048101008, 1248775.231602884829044 ], [ 2618371.857959202025086, 1248736.080001735826954 ] ] } },
{ "type": "Feature", "properties": { "element": "way", "id": 727380576, "natural": "cliff" }, "geometry": { "type": "LineString", "coordinates": [ [ 2631347.537825999315828, 1254558.522409410681576 ], [ 2631344.051532198209316, 1254538.801832607248798 ], [ 2631348.403336599003524, 1254508.971434885403141 ] ] } },
{ "type": "Feature", "properties": { "element": "way", "id": 727380578, "natural": "cliff" }, "geometry": { "type": "LineString", "coordinates": [ [ 2630349.907988069113344, 1256248.373512379359454 ], [ 2630335.254794868640602, 1256186.679016704903916 ], [ 2630324.416111760772765, 1256129.607200377155095 ] ] } },
{ "type": "Feature", "properties": { "element": "way", "id": 736598522, "natural": "cliff" }, "geometry": { "type": "LineString", "coordinates": [ [ 2626268.22235660161823, 1244445.531525366706774 ], [ 2626283.706518803723156, 1244450.247436190256849 ], [ 2626305.453064243774861, 1244458.726841270225123 ], [ 2626316.88991682510823, 1244462.813415421405807 ], [ 2626331.462641647085547, 1244466.869438242632896 ], [ 2626338.791035855188966, 1244470.493115711491555 ], [ 2626339.989390250761062, 1244474.589938385877758 ], [ 2626339.608530897647142, 1244480.391966531286016 ], [ 2626341.455516092479229, 1244486.459592749131843 ], [ 2626344.933710798621178, 1244491.0223741941154 ], [ 2626349.373267808463424, 1244495.189165635500103 ], [ 2626350.077056690584868, 1244496.648775894660503 ] ] } },
{ "type": "Feature", "properties": { "element": "way", "id": 736721733, "natural": "cliff" }, "geometry": { "type": "LineString", "coordinates": [ [ 2626766.242154011502862, 1244859.707725723041221 ], [ 2626798.176179893314838, 1244878.841683506499976 ], [ 2626810.87424340704456, 1244892.841270177159458 ], [ 2626820.156514743808657, 1244901.966785418568179 ], [ 2626841.178347804583609, 1244914.792140994919464 ], [ 2626862.785355435684323, 1244931.856271574273705 ], [ 2626891.077693107537925, 1244949.161993033252656 ], [ 2626939.998905906453729, 1244975.845122691942379 ], [ 2627004.193960288073868, 1244984.83111749147065 ], [ 2627036.379272724036127, 1244993.260637250961736 ], [ 2627065.296613662969321, 1245007.534759149886668 ], [ 2627095.838028106838465, 1245020.193167279707268 ], [ 2627138.516157994046807, 1245037.154351414879784 ], [ 2627168.043174989987165, 1245051.832021709997207 ], [ 2627192.339871576055884, 1245055.378753582015634 ], [ 2627208.121114180888981, 1245060.709963062079623 ], [ 2627221.685646017082036, 1245063.396027537062764 ] ] } },
{ "type": "Feature", "properties": { "element": "way", "id": 738723254, "natural": "cliff" }, "geometry": { "type": "LineString", "coordinates": [ [ 2625978.744660754222423, 1246058.372972910990939 ], [ 2625990.678128388244659, 1246063.97320514684543 ], [ 2626000.695907454006374, 1246067.152408437803388 ], [ 2626004.620034105610102, 1246073.229050256777555 ], [ 2626021.272506493143737, 1246086.221427116543055 ], [ 2626040.4726811950095, 1246098.735817820532247 ], [ 2626058.857900818344206, 1246109.312115192878991 ], [ 2626068.675177370198071, 1246111.678920256439596 ], [ 2626078.883018439169973, 1246117.994445558171719 ], [ 2626093.743128071073443, 1246124.51943849795498 ], [ 2626105.595428646076471, 1246124.471461966633797 ], [ 2626116.144912533927709, 1246121.793865985237062 ], [ 2626121.896040940657258, 1246126.355417435755953 ], [ 2626121.768940471112728, 1246132.925761411897838 ], [ 2626124.992188279516995, 1246136.875810640864074 ], [ 2626135.091091192793101, 1246143.891406098380685 ], [ 2626149.753796002361923, 1246150.615800905972719 ], [ 2626155.485675703268498, 1246159.535666703246534 ], [ 2626167.363534478470683, 1246172.529669916490093 ], [ 2626183.581217831000686, 1246181.195582191459835 ], [ 2626194.820976117625833, 1246189.839580205269158 ], [ 2626208.385468927677721, 1246197.181901612319052 ], [ 2626225.929285838268697, 1246204.864256471162662 ], [ 2626241.475993906147778, 1246213.193817241117358 ], [ 2626251.06573321018368, 1246220.841105359140784 ], [ 2626266.277053700760007, 1246229.83634640276432 ], [ 2626280.834115106146783, 1246238.161634491523728 ], [ 2626297.388193887192756, 1246245.839822887210175 ], [ 2626312.944891575258225, 1246251.868132448988035 ], [ 2626327.869385144673288, 1246252.256709923036397 ], [ 2626345.784850419964641, 1246251.013087303144857 ], [ 2626347.733268872834742, 1246259.627284101676196 ], [ 2626347.054106364492327, 1246264.583026011474431 ], [ 2626346.365960932802409, 1246269.86115847970359 ] ] } },
{ "type": "Feature", "properties": { "element": "way", "id": 738723255, "natural": "cliff" }, "geometry": { "type": "LineString", "coordinates": [ [ 2625813.707732424139977, 1245967.361856502480805 ], [ 2625822.222679204307497, 1245977.449789557373151 ], [ 2625837.762594796251506, 1245992.816117468290031 ], [ 2625860.651998704764992, 1246004.834529425250366 ], [ 2625895.97673862753436, 1246025.179235118674114 ], [ 2625907.736926791258156, 1246034.169617305509746 ], [ 2625937.840422571636736, 1246053.035307362675667 ], [ 2625959.040185837075114, 1246071.306313762906939 ], [ 2625970.244072114117444, 1246079.638412127736956 ], [ 2625983.989559296052903, 1246087.170017257798463 ], [ 2626000.645112906582654, 1246101.18523157783784 ], [ 2626009.652416929136962, 1246103.948650565231219 ], [ 2626021.062752933241427, 1246111.681363533018157 ], [ 2626039.846605546306819, 1246126.09515494806692 ], [ 2626062.897675284650177, 1246135.491151907015592 ], [ 2626096.280901111662388, 1246146.945040284190327 ], [ 2626121.385954897850752, 1246151.302593050990254 ], [ 2626136.95153163606301, 1246158.84256206639111 ] ] } },
{ "type": "Feature", "properties": { "element": "way", "id": 738798116, "natural": "cliff" }, "geometry": { "type": "LineString", "coordinates": [ [ 2627263.564898603595793, 1246578.776136402506381 ], [ 2627274.470500809606165, 1246587.309485872043297 ], [ 2627280.488495056517422, 1246599.255953217856586 ], [ 2627292.579480456188321, 1246614.454646999016404 ], [ 2627303.927133086137474, 1246623.746128640836105 ], [ 2627311.210672118701041, 1246626.559202433098108 ], [ 2627315.50086575653404, 1246629.858837444335222 ], [ 2627317.711389407515526, 1246633.704822268802673 ], [ 2627319.226547930389643, 1246634.367773407138884 ], [ 2627324.668719393201172, 1246630.256806526100263 ], [ 2627331.320115287322551, 1246625.995754475938156 ], [ 2627335.887191891670227, 1246623.292794472770765 ], [ 2627339.333979298826307, 1246622.75274887913838 ], [ 2627341.366027725394815, 1246622.706514207646251 ], [ 2627348.624790680594742, 1246629.255270312773064 ], [ 2627363.322602594736964, 1246649.113570190500468 ], [ 2627381.265198192093521, 1246667.986223238054663 ], [ 2627411.150247266981751, 1246689.927115347003564 ], [ 2627420.03295885398984, 1246696.438985107233748 ], [ 2627422.214479975402355, 1246706.544483215780929 ], [ 2627428.439839750993997, 1246719.292582607362419 ], [ 2627430.169610819313675, 1246738.891032899031416 ], [ 2627443.279422290157527, 1246752.493713660864159 ], [ 2627450.860134110786021, 1246777.567190619884059 ], [ 2627448.344977093860507, 1246795.53387009142898 ], [ 2627441.130546749569476, 1246821.950983471935615 ], [ 2627434.977272698655725, 1246839.40053291269578 ], [ 2627426.01308019971475, 1246848.943102768156677 ], [ 2627405.328084980603307, 1246854.907068982953206 ], [ 2627380.984742903150618, 1246861.465742224361748 ], [ 2627369.951376014854759, 1246859.49140211334452 ], [ 2627359.521840194705874, 1246859.243203371064737 ], [ 2627350.981887453235686, 1246865.263336736010388 ], [ 2627345.693861389998347, 1246870.38675749883987 ], [ 2627324.77523529715836, 1246881.197512690909207 ], [ 2627301.687099470756948, 1246879.279016394400969 ], [ 2627282.408221981488168, 1246886.661902956897393 ], [ 2627260.054224483203143, 1246902.514004670316353 ], [ 2627248.459701100364327, 1246912.556209535105154 ], [ 2627226.744372802786529, 1246920.939862393308431 ], [ 2627206.033786447253078, 1246930.940353938844055 ], [ 2627186.724651776254177, 1246944.99440070358105 ], [ 2627158.265372117049992, 1246966.467037389520556 ], [ 2627148.509011859074235, 1246974.305302353575826 ], [ 2627139.16501346277073, 1246979.510428024223074 ], [ 2627117.058847047854215, 1246984.257007859880105 ], [ 2627087.407974668312818, 1247000.476699179504067 ], [ 2627042.934224636293948, 1247024.311761203221977 ], [ 2627029.52934162504971, 1247032.322616736637428 ], [ 2626988.566144118085504, 1247041.631314810132608 ], [ 2626952.075605567079037, 1247047.324908766197041 ], [ 2626915.139800931327045, 1247061.288734402973205 ], [ 2626886.50372443581, 1247077.11377194779925 ], [ 2626853.845189015381038, 1247087.272649956867099 ], [ 2626827.664121107663959, 1247098.061361267929897 ], [ 2626800.253544254694134, 1247111.868819887982681 ], [ 2626785.035127282142639, 1247116.847861205460504 ], [ 2626770.3838733243756, 1247131.724798912880942 ], [ 2626747.336731227580458, 1247166.154416444944218 ], [ 2626727.011974307708442, 1247181.417284210911021 ], [ 2626709.730689093004912, 1247195.070638268254697 ], [ 2626692.243769748602062, 1247209.12337784958072 ] ] } },
{ "type": "Feature", "properties": { "element": "way", "id": 738798128, "natural": "cliff" }, "geometry": { "type": "LineString", "coordinates": [ [ 2626445.297783349175006, 1246347.75088738813065 ], [ 2626451.377072734292597, 1246346.365940682822838 ], [ 2626452.727261253632605, 1246340.012294036569074 ], [ 2626457.914110057987273, 1246335.488021408673376 ], [ 2626469.450453441124409, 1246336.751325179822743 ], [ 2626477.059185225516558, 1246334.561587224481627 ], [ 2626495.515283963643014, 1246330.607966375770047 ], [ 2626505.038466479629278, 1246331.050722508924082 ], [ 2626518.494199635460973, 1246333.834776308387518 ], [ 2626519.47386019770056, 1246344.50159017671831 ], [ 2626525.62448415113613, 1246344.062092746375129 ], [ 2626525.558668787125498, 1246336.812674391549081 ], [ 2626538.392209395300597, 1246338.526638601906598 ], [ 2626545.36258833296597, 1246349.03122172690928 ], [ 2626553.230375936254859, 1246353.102336487499997 ], [ 2626560.477166399359703, 1246360.906429564813152 ], [ 2626569.280232526361942, 1246372.030745174735785 ], [ 2626578.449533676728606, 1246378.953999693971127 ] ] } },
{ "type": "Feature", "properties": { "element": "way", "id": 738798133, "natural": "cliff" }, "geometry": { "type": "LineString", "coordinates": [ [ 2626432.439536163583398, 1246268.431370695354417 ], [ 2626456.70417316397652, 1246264.581313793780282 ], [ 2626465.031552531290799, 1246260.482416954124346 ], [ 2626474.755199747625738, 1246254.95549760106951 ], [ 2626488.349266844801605, 1246257.250893640099093 ], [ 2626490.343744356185198, 1246260.5730395920109 ], [ 2626491.632214322686195, 1246264.681435010395944 ], [ 2626493.284657484386116, 1246270.170122085604817 ], [ 2626490.130762253887951, 1246272.757731405785307 ], [ 2626482.680687794461846, 1246276.615903100930154 ], [ 2626476.947197515983135, 1246278.35814468911849 ], [ 2626468.807442402467132, 1246279.344740908592939 ], [ 2626460.636531889438629, 1246283.933534354204312 ], [ 2626455.016333031468093, 1246280.595244984142482 ], [ 2626447.736178782302886, 1246280.229268674273044 ], [ 2626435.476192421279848, 1246280.296980860410258 ] ] } },
{ "type": "Feature", "properties": { "element": "way", "id": 738800394, "natural": "cliff" }, "geometry": { "type": "LineString", "coordinates": [ [ 2626920.443080876488239, 1247232.57932704151608 ], [ 2626920.538054024334997, 1247256.606446356279776 ], [ 2626927.525305083487183, 1247279.653055524686351 ], [ 2626925.841772105079144, 1247291.164000666234642 ], [ 2626924.007958879694343, 1247294.179867662489414 ], [ 2626921.87019129935652, 1247297.605734838172793 ], [ 2626920.324064449872822, 1247302.134999233298004 ], [ 2626913.50911873113364, 1247309.386603123741224 ], [ 2626902.253527926746756, 1247313.271477049682289 ], [ 2626900.053773003164679, 1247328.715977208456025 ], [ 2626886.818485748954117, 1247344.499634195351973 ], [ 2626872.872931907884777, 1247370.38666174816899 ], [ 2626865.180774288251996, 1247381.258924953406677 ], [ 2626852.231027972418815, 1247399.07860589819029 ], [ 2626847.926018869969994, 1247409.143456479068846 ], [ 2626834.663073705043644, 1247409.394808194367215 ], [ 2626796.667010297533125, 1247412.858885489404202 ], [ 2626776.252781188115478, 1247424.674507098505273 ], [ 2626754.474539828486741, 1247425.799342991551384 ], [ 2626728.521826724987477, 1247431.530686914687976 ], [ 2626718.126910908613354, 1247445.626406664028764 ], [ 2626699.812107086181641, 1247442.408647494623438 ], [ 2626679.176069763954729, 1247434.744302854640409 ] ] } },
{ "type": "Feature", "properties": { "element": "way", "id": 738967407, "natural": "cliff" }, "geometry": { "type": "LineString", "coordinates": [ [ 2623769.907266319263726, 1247917.228458361467347 ], [ 2623785.910501271951944, 1247916.881156600546092 ], [ 2623810.217871572356671, 1247917.189812466269359 ], [ 2623837.98415639391169, 1247913.665514282183722 ], [ 2623858.271320414263755, 1247905.263708512531593 ], [ 2623893.554768998175859, 1247895.310134351020679 ], [ 2623937.937561323400587, 1247889.22926106210798 ], [ 2623944.203098777215928, 1247891.678313232725486 ], [ 2623960.814005278516561, 1247892.345700855366886 ], [ 2623985.731339060235769, 1247891.23439358570613 ], [ 2624018.784914839081466, 1247881.884066246682778 ], [ 2624075.332285372540355, 1247872.417875782120973 ], [ 2624113.012640201486647, 1247871.158730962779373 ], [ 2624127.189507324714214, 1247872.428209663834423 ], [ 2624143.372958112508059, 1247877.941958697512746 ], [ 2624162.021493442822248, 1247873.370349785778672 ], [ 2624202.168847309891135, 1247863.438405012711883 ], [ 2624236.435458827298135, 1247854.894754212116823 ], [ 2624257.521511774510145, 1247848.921368419192731 ], [ 2624280.852738685440272, 1247840.544562635710463 ], [ 2624300.536659852601588, 1247832.141803957056254 ], [ 2624316.153864241670817, 1247826.546509349253029 ], [ 2624331.569664965383708, 1247820.350041585741565 ], [ 2624345.780522030312568, 1247813.348155033309013 ], [ 2624363.821959828492254, 1247809.586329268058762 ], [ 2624381.645466993097216, 1247809.248105098726228 ], [ 2624411.644496373832226, 1247804.723895782604814 ], [ 2624446.491808968130499, 1247803.866603565169498 ], [ 2624480.316362869460136, 1247803.805818834807724 ] ] } },
{ "type": "Feature", "properties": { "element": "way", "id": 738967408, "natural": "cliff" }, "geometry": { "type": "LineString", "coordinates": [ [ 2624463.754255120176822, 1247694.088739560451359 ], [ 2624477.339762903284281, 1247690.509033741662279 ], [ 2624497.193335668183863, 1247688.767498303903267 ], [ 2624515.226967115886509, 1247688.841919293161482 ], [ 2624537.718607138376683, 1247686.51102208532393 ], [ 2624556.211752488743514, 1247672.255960103822872 ], [ 2624579.515702207107097, 1247668.916814036900178 ], [ 2624602.013294032309204, 1247665.174159561982378 ], [ 2624615.771051158197224, 1247669.267121257726103 ] ] } },
{ "type": "Feature", "properties": { "element": "way", "id": 738967412, "natural": "cliff" }, "geometry": { "type": "LineString", "coordinates": [ [ 2624574.151844162959605, 1247693.121420917101204 ], [ 2624588.760224040132016, 1247686.922281300183386 ], [ 2624603.582574877422303, 1247678.300271728308871 ], [ 2624615.771051158197224, 1247669.267121257726103 ], [ 2624640.313524716068059, 1247662.29765979363583 ], [ 2624667.068715745117515, 1247657.160894523374736 ], [ 2624696.290888170711696, 1247645.374639289919287 ], [ 2624714.944179480429739, 1247636.31299113179557 ], [ 2624723.487656817771494, 1247632.156951019307598 ], [ 2624746.003180200234056, 1247624.167721926234663 ], [ 2624755.973455383908004, 1247612.901954023865983 ], [ 2624794.90689607616514, 1247603.169093417935073 ], [ 2624831.803865672554821, 1247596.463271816726774 ] ] } },
{ "type": "Feature", "properties": { "element": "way", "id": 738967413, "natural": "cliff" }, "geometry": { "type": "LineString", "coordinates": [ [ 2624605.068972235545516, 1247711.42788990214467 ], [ 2624622.71480333711952, 1247704.841160905314609 ], [ 2624642.196596793364733, 1247696.238569644512609 ], [ 2624674.030653691384941, 1247688.287743878783658 ], [ 2624697.120598628185689, 1247689.195367723936215 ], [ 2624716.156115448568016, 1247689.874956715386361 ], [ 2624728.737396900076419, 1247684.479361965088174 ], [ 2624741.532698151189834, 1247676.660892921499908 ] ] } },
{ "type": "Feature", "properties": { "element": "way", "id": 738967414, "natural": "cliff" }, "geometry": { "type": "LineString", "coordinates": [ [ 2624708.871741457376629, 1247663.694365052040666 ], [ 2624714.556981924455613, 1247660.393648026743904 ], [ 2624731.09635096648708, 1247652.990999946370721 ], [ 2624754.236110331024975, 1247641.980220312252641 ], [ 2624799.29838343989104, 1247618.541822786908597 ] ] } },
{ "type": "Feature", "properties": { "element": "way", "id": 741350233, "natural": "cliff" }, "geometry": { "type": "LineString", "coordinates": [ [ 2624074.324758196249604, 1246022.875471509760246 ], [ 2624065.811921828892082, 1246022.740913327783346 ], [ 2624058.527319321408868, 1246021.499515659408644 ], [ 2624053.663869171403348, 1246021.168509257026017 ], [ 2624049.614357220008969, 1246019.439901326084509 ], [ 2624046.992935718037188, 1246017.617012697272003 ], [ 2624042.7523727202788, 1246014.564563226420432 ], [ 2624036.884430303238332, 1246012.317164559150115 ], [ 2624031.423540185205638, 1246010.282665362814441 ], [ 2624027.988354869652539, 1246007.945053329924121 ], [ 2624027.897755248937756, 1246004.197833542246372 ], [ 2624029.631067824084312, 1246001.480871316744015 ], [ 2624032.462125123478472, 1246001.90369959292002 ], [ 2624036.590240591205657, 1246008.480174703523517 ], [ 2624045.289862266741693, 1246012.862621950218454 ], [ 2624060.263928306289017, 1246017.970942622749135 ], [ 2624103.197014728095382, 1246022.681241175858304 ] ] } },
{ "type": "Feature", "properties": { "element": "way", "id": 741350245, "natural": "cliff" }, "geometry": { "type": "LineString", "coordinates": [ [ 2624961.413132221903652, 1245577.892978884745389 ], [ 2624969.915937174577266, 1245580.563741284655407 ], [ 2624985.928095662035048, 1245579.61931065027602 ], [ 2624985.23752383608371, 1245574.968975941417739 ], [ 2624992.765447106678039, 1245568.741067895200104 ], [ 2625007.402473994996399, 1245557.08403162821196 ], [ 2625018.896041132509708, 1245545.613919595489278 ], [ 2625040.738586758263409, 1245532.575300788739696 ], [ 2625068.554006381891668, 1245518.450141145847738 ], [ 2625093.5254683252424, 1245506.948123145848513 ], [ 2625104.894635386299342, 1245501.737228883197531 ], [ 2625117.161236110143363, 1245500.47713062306866 ], [ 2625129.533294871915132, 1245497.505293030990288 ], [ 2625139.757357825525105, 1245500.472655097488314 ], [ 2625146.820004358422011, 1245506.061676320619881 ] ] } },
{ "type": "Feature", "properties": { "element": "way", "id": 741350246, "natural": "cliff" }, "geometry": { "type": "LineString", "coordinates": [ [ 2624774.905627775005996, 1245599.537694376660511 ], [ 2624776.9563252995722, 1245593.286671396810561 ], [ 2624781.442946782335639, 1245586.234178455546498 ], [ 2624788.763329486828297, 1245580.805660223588347 ], [ 2624802.769383009988815, 1245575.416180766187608 ], [ 2624810.685705088544637, 1245572.013699820265174 ], [ 2624822.040977255441248, 1245570.037616561166942 ], [ 2624832.77249245531857, 1245570.894101738929749 ], [ 2624840.669333355966955, 1245573.962402173550799 ], [ 2624848.776189096737653, 1245571.972786874277517 ], [ 2624854.473275760188699, 1245566.33743093861267 ], [ 2624864.825534373987466, 1245562.144700815202668 ], [ 2624873.738954035565257, 1245564.194421415682882 ], [ 2624882.4492716207169, 1245564.230901020113379 ], [ 2624889.933161905035377, 1245566.686033500358462 ], [ 2624907.15564838424325, 1245567.169597686734051 ], [ 2624930.787563304882497, 1245561.509478519437835 ], [ 2624954.822013678960502, 1245555.350823225686327 ], [ 2624960.071270796004683, 1245561.03206856129691 ], [ 2624961.413132221903652, 1245577.892978884745389 ] ] } },
{ "type": "Feature", "properties": { "element": "way", "id": 743415986, "natural": "cliff" }, "geometry": { "type": "LineString", "coordinates": [ [ 2623803.416247599292547, 1247390.91082023200579 ], [ 2623807.348491746000946, 1247368.923467671498656 ], [ 2623809.439931823406368, 1247353.988858448108658 ], [ 2623817.784340683370829, 1247342.915136153344065 ], [ 2623817.030514125712216, 1247329.381144722225145 ], [ 2623823.965957472100854, 1247317.490146016469225 ], [ 2623827.034387202002108, 1247309.41945316712372 ] ] } },
{ "type": "Feature", "properties": { "element": "way", "id": 748818893, "natural": "cliff" }, "geometry": { "type": "LineString", "coordinates": [ [ 2624459.621763611212373, 1247762.315931759309024 ], [ 2624482.709798950236291, 1247763.622972171520814 ], [ 2624505.39333747047931, 1247764.127914649900049 ], [ 2624519.393203706014901, 1247758.92674099560827 ], [ 2624529.946106139570475, 1247752.710712119238451 ], [ 2624536.027697627898306, 1247752.135448282584548 ] ] } },
{ "type": "Feature", "properties": { "element": "way", "id": 749106640, "natural": "cliff" }, "geometry": { "type": "LineString", "coordinates": [ [ 2625990.434307313989848, 1248942.22720095817931 ], [ 2625990.470963176339865, 1248933.855233470676467 ], [ 2625991.721447818446904, 1248925.888842022977769 ], [ 2625994.413964899722487, 1248912.769845054019243 ], [ 2625994.551895062904805, 1248903.686746517196298 ], [ 2625994.382509305141866, 1248895.814203975256532 ], [ 2625989.353011235594749, 1248889.132282654754817 ], [ 2625988.970512660220265, 1248883.37129637808539 ], [ 2625991.427737005520612, 1248877.433731183642522 ], [ 2625995.922215960454196, 1248868.358592058764771 ], [ 2626001.633569719735533, 1248858.999709178693593 ], [ 2626010.77243093168363, 1248853.180370084475726 ], [ 2626017.366416802629828, 1248850.896647939458489 ], [ 2626027.488722913898528, 1248851.541413033381104 ] ] } },
{ "type": "Feature", "properties": { "element": "way", "id": 749108961, "natural": "cliff" }, "geometry": { "type": "LineString", "coordinates": [ [ 2626029.789690213743597, 1248996.612794011598453 ], [ 2626020.781055746600032, 1248995.161264697788283 ], [ 2626013.002647846471518, 1248992.09185875672847 ], [ 2626011.001289347186685, 1248985.323122355854139 ], [ 2626012.460955481510609, 1248976.145748883252963 ], [ 2626016.553871227893978, 1248967.380177641753107 ], [ 2626023.875583354849368, 1248959.24027382559143 ], [ 2626032.704797418322414, 1248955.131838208762929 ] ] } },
{ "type": "Feature", "properties": { "element": "way", "id": 764382625, "natural": "cliff" }, "geometry": { "type": "LineString", "coordinates": [ [ 2602047.136718229856342, 1250437.251827968284488 ], [ 2602068.355500134639442, 1250413.076629997696728 ], [ 2602072.886225558817387, 1250407.908147551352158 ], [ 2602141.551125481259078, 1250392.110403506783769 ], [ 2602163.036372238770127, 1250384.424086043844 ], [ 2602176.322889604605734, 1250380.348375845467672 ], [ 2602182.587059529498219, 1250383.01899865665473 ], [ 2602187.807042839471251, 1250392.716023322893307 ], [ 2602201.609724461100996, 1250380.635375130921602 ], [ 2602208.201437728479505, 1250375.056361148366705 ], [ 2602213.17761893151328, 1250370.021566992159933 ], [ 2602230.072686704341322, 1250364.935518125072122 ], [ 2602248.115817464888096, 1250357.993182714097202 ], [ 2602261.607920110225677, 1250349.425945255672559 ], [ 2602285.10218030679971, 1250339.517154498258606 ], [ 2602290.770809324458241, 1250340.086309638340026 ], [ 2602296.191012890078127, 1250338.865330087020993 ], [ 2602299.747250864747912, 1250336.353930696379393 ], [ 2602310.361542513594031, 1250333.055798205314204 ], [ 2602316.150781427510083, 1250353.98263640073128 ], [ 2602331.943211499135941, 1250350.75321735185571 ], [ 2602335.186556754633784, 1250337.434729041531682 ], [ 2602349.765922378748655, 1250328.556796254590154 ], [ 2602375.225904597435147, 1250330.590177420759574 ], [ 2602405.649226174224168, 1250322.330074137076735 ], [ 2602434.593181694392115, 1250313.969472146593034 ], [ 2602459.474166262894869, 1250310.555016486439854 ] ] } },
{ "type": "Feature", "properties": { "element": "way", "id": 764382626, "natural": "cliff" }, "geometry": { "type": "LineString", "coordinates": [ [ 2603051.033278066199273, 1250167.997451741714031 ], [ 2603012.911720666103065, 1250185.345173408277333 ], [ 2602987.31357720028609, 1250202.454692733008415 ], [ 2602964.998727238271385, 1250235.976538031827658 ], [ 2602953.300220572389662, 1250263.488627086393535 ], [ 2602950.706115242559463, 1250273.716202310519293 ], [ 2602956.823952563107014, 1250297.367808510782197 ], [ 2602970.257312432397157, 1250334.075887601356953 ], [ 2603011.280997962225229, 1250413.847713778261095 ] ] } },
{ "type": "Feature", "properties": { "element": "way", "id": 764382627, "natural": "cliff" }, "geometry": { "type": "LineString", "coordinates": [ [ 2602694.219739790540189, 1250249.214604034554213 ], [ 2602719.699721943121403, 1250257.664734987542033 ], [ 2602726.996818838641047, 1250245.96043245610781 ], [ 2602742.58649351913482, 1250241.531242634635419 ], [ 2602752.841110149864107, 1250249.96354916295968 ], [ 2602767.286431868094951, 1250238.918517540441826 ], [ 2602778.425464048050344, 1250244.571695953141898 ], [ 2602789.351259189657867, 1250254.271859000902623 ], [ 2602804.341445232741535, 1250240.38088289112784 ], [ 2602864.52388379862532, 1250228.412319493712857 ], [ 2602930.725319633726031, 1250211.143842948367819 ], [ 2602979.263407322112471, 1250194.000826505944133 ], [ 2602993.069271062035114, 1250179.687253667507321 ], [ 2603008.65822217008099, 1250177.47130643739365 ], [ 2603033.368619442451745, 1250169.811989871785045 ], [ 2603051.406629217322916, 1250161.104294750839472 ], [ 2603055.036074842326343, 1250163.963525110390037 ], [ 2603051.033278066199273, 1250167.997451741714031 ] ] } },
{ "type": "Feature", "properties": { "element": "way", "id": 764382628, "natural": "cliff" }, "geometry": { "type": "LineString", "coordinates": [ [ 2602990.080674649681896, 1250637.759977058740333 ], [ 2603175.118633470963687, 1250698.337714042747393 ], [ 2603284.731779531110078, 1250722.411753196502104 ], [ 2603376.759424404706806, 1250729.500311370706186 ], [ 2603426.23770529543981, 1250739.601336973486468 ], [ 2603470.994191438425332, 1250743.88518366147764 ], [ 2603556.601549617014825, 1250757.84397612255998 ], [ 2603639.469003126956522, 1250783.721192680764943 ], [ 2603698.858221240341663, 1250877.506956644589081 ], [ 2603715.615491443313658, 1250948.863522621802986 ], [ 2603728.726071178447455, 1250972.698175839614123 ], [ 2603752.831587210763246, 1250999.341505070915446 ], [ 2603776.023363490588963, 1251038.481361280195415 ], [ 2603832.427533508744091, 1251083.346023201709613 ], [ 2603882.965253993403167, 1251118.467792440205812 ], [ 2604047.424116818234324, 1251195.626001034397632 ] ] } },
{ "type": "Feature", "properties": { "element": "way", "id": 764382990, "natural": "cliff" }, "geometry": { "type": "LineString", "coordinates": [ [ 2602833.526974944863468, 1250169.315137977479026 ], [ 2602846.888865644112229, 1250167.497985017020255 ], [ 2602850.042859526816756, 1250170.323511936469004 ], [ 2602865.915550667326897, 1250158.63453205069527 ], [ 2602885.741248228121549, 1250152.295373710570857 ], [ 2602940.257790726609528, 1250151.621083007426932 ], [ 2602997.616769502405077, 1250127.300080048618838 ], [ 2603025.589669249951839, 1250117.074018629267812 ], [ 2603056.386581097263843, 1250105.44860728806816 ], [ 2603084.365971209481359, 1250082.870400772895664 ] ] } },
{ "type": "Feature", "properties": { "element": "way", "id": 764383804, "natural": "cliff" }, "geometry": { "type": "LineString", "coordinates": [ [ 2604231.844531154260039, 1248818.627998459152877 ], [ 2604253.804815341252834, 1248802.399693835061044 ], [ 2604284.273464601486921, 1248777.004956603283063 ], [ 2604323.232027155347168, 1248757.976109947543591 ], [ 2604356.172908645123243, 1248749.705634660320356 ], [ 2604380.237349093426019, 1248758.373099174816161 ], [ 2604398.292765228543431, 1248765.446357308886945 ], [ 2604399.352471422404051, 1248772.151440356159583 ], [ 2604393.323908818420023, 1248776.738877285504714 ], [ 2604380.217059075832367, 1248786.257671766681597 ] ] } },
{ "type": "Feature", "properties": { "element": "way", "id": 764383805, "natural": "cliff" }, "geometry": { "type": "LineString", "coordinates": [ [ 2604350.271872420795262, 1248797.254150870721787 ], [ 2604356.99461462860927, 1248803.652010423829779 ], [ 2604360.506485616788268, 1248802.331480449531227 ], [ 2604364.984634088817984, 1248801.245136508019641 ], [ 2604371.171678906306624, 1248817.493400214705616 ], [ 2604370.426535175181925, 1248835.07082536467351 ], [ 2604362.846378326416016, 1248824.158315711189061 ], [ 2604354.235503301024437, 1248828.999642117880285 ], [ 2604352.809765378478914, 1248837.681970892474055 ], [ 2604355.899100189097226, 1248846.378683604532853 ], [ 2604362.824228135403246, 1248854.7223924563732 ], [ 2604335.172300602309406, 1248869.056089984253049 ], [ 2604329.800359252840281, 1248874.19997854786925 ], [ 2604309.357151983305812, 1248870.138265935471281 ], [ 2604322.607291626743972, 1248881.466151962988079 ], [ 2604299.808456570375711, 1248898.505238982383162 ], [ 2604281.341437397524714, 1248918.549423099495471 ] ] } },
{ "type": "Feature", "properties": { "element": "way", "id": 764419000, "natural": "cliff" }, "geometry": { "type": "LineString", "coordinates": [ [ 2603306.181021998170763, 1250007.460850429255515 ], [ 2603293.219816609285772, 1250007.253654435276985 ], [ 2603280.268346366006881, 1250003.010551586514339 ], [ 2603270.144399634562433, 1250004.817355533596128 ], [ 2603262.045494753867388, 1250003.00070401490666 ], [ 2603254.548105836380273, 1250005.620585981290787 ], [ 2603249.082655127625912, 1250005.81777961156331 ], [ 2603244.223922112956643, 1250000.767468903213739 ], [ 2603239.370457278564572, 1249999.964353073621169 ], [ 2603228.226994222030044, 1250002.582318734843284 ], [ 2603224.180074537638575, 1250003.992185788461939 ] ] } },
{ "type": "Feature", "properties": { "element": "way", "id": 764419001, "natural": "cliff" }, "geometry": { "type": "LineString", "coordinates": [ [ 2603055.548859502654523, 1249940.319285877514631 ], [ 2603051.902030061464757, 1249941.729472128441557 ], [ 2603042.595555167645216, 1249939.100878356723115 ], [ 2603041.177476909477264, 1249936.876508750021458 ], [ 2603037.126744545064867, 1249930.826128265354782 ], [ 2603034.899514992255718, 1249931.425400893436745 ], [ 2603030.850070012267679, 1249937.883102720603347 ], [ 2603028.826358700636774, 1249939.093985373619944 ], [ 2603024.773502448573709, 1249937.279681132175028 ], [ 2603019.716844013892114, 1249935.053503019735217 ], [ 2603011.821289364248514, 1249933.837683324003592 ], [ 2603004.529743393883109, 1249932.422044090926647 ], [ 2602995.621831826865673, 1249932.817896826192737 ], [ 2602991.567968687042594, 1249933.016025511082262 ], [ 2602981.445771898608655, 1249931.198760994011536 ], [ 2602974.765677419025451, 1249929.783458970719948 ], [ 2602970.313402408733964, 1249926.545855042524636 ], [ 2602966.672798394691199, 1249915.247890705009922 ], [ 2602959.807669056113809, 1249875.274286509258673 ], [ 2602955.157418589107692, 1249859.928781433030963 ], [ 2602957.592624801211059, 1249850.846326173050329 ], [ 2602958.006569427903742, 1249837.927077137632295 ], [ 2602953.760789270047098, 1249829.041497022844851 ], [ 2602955.585512830875814, 1249817.946334588807076 ], [ 2602950.728240213822573, 1249809.060459354892373 ], [ 2602948.304894682951272, 1249793.716045759152621 ], [ 2602952.365234624128789, 1249780.398312744218856 ], [ 2602952.167201656848192, 1249768.490532146999612 ], [ 2602952.784966688137501, 1249755.571384879527614 ], [ 2602953.396462256088853, 1249740.028319853357971 ], [ 2602954.820716632530093, 1249729.733481532428414 ], [ 2602954.823862029705197, 1249723.273759790929034 ], [ 2602947.54322112724185, 1249698.843349250266328 ], [ 2602935.198964720591903, 1249685.917921322630718 ], [ 2602925.286190477199852, 1249671.581669023027644 ], [ 2602921.43908926518634, 1249665.320223122369498 ], [ 2602920.43312226049602, 1249653.612187744351104 ], [ 2602915.378228111658245, 1249631.40654915291816 ], [ 2602917.007828309666365, 1249617.876383698312566 ], [ 2602918.428841398563236, 1249614.252507095225155 ], [ 2602920.466629002708942, 1249583.967291128821671 ], [ 2602919.690013758838177, 1249519.169587527168915 ] ] } },
{ "type": "Feature", "properties": { "element": "way", "id": 764419002, "natural": "cliff" }, "geometry": { "type": "LineString", "coordinates": [ [ 2603070.331035981420428, 1249937.502708015730605 ], [ 2603066.886795489117503, 1249941.336775113362819 ], [ 2603062.43406846979633, 1249939.110866018105298 ], [ 2603060.820130295585841, 1249936.085875811520964 ] ] } },
{ "type": "Feature", "properties": { "element": "way", "id": 764419003, "natural": "cliff" }, "geometry": { "type": "LineString", "coordinates": [ [ 2603083.894775385968387, 1249940.733897476457059 ], [ 2603080.051255704369396, 1249942.95560158486478 ], [ 2603077.825048111844808, 1249941.54244787315838 ], [ 2603074.582399499136955, 1249934.880945983808488 ] ] } },
{ "type": "Feature", "properties": { "element": "way", "id": 764419004, "natural": "cliff" }, "geometry": { "type": "LineString", "coordinates": [ [ 2603114.271444026846439, 1249940.949558816384524 ], [ 2603111.839453933294863, 1249943.372097061015666 ], [ 2603107.386431804858148, 1249941.757659992901608 ], [ 2603104.956825791392475, 1249939.532756533008069 ], [ 2603104.140092391520739, 1249942.367502441862598 ], [ 2603098.274087599478662, 1249943.365147167816758 ], [ 2603095.436628188472241, 1249941.551415912108496 ], [ 2603091.995152888353914, 1249939.937507119728252 ], [ 2603090.174739889334887, 1249942.149118735222146 ], [ 2603086.120466718450189, 1249943.158817711286247 ], [ 2603083.894775385968387, 1249940.733897476457059 ] ] } },
{ "type": "Feature", "properties": { "element": "way", "id": 764419005, "natural": "cliff" }, "geometry": { "type": "LineString", "coordinates": [ [ 2603244.468302904162556, 1249925.074267331743613 ], [ 2603232.729733143001795, 1249925.067988504655659 ], [ 2603227.053804880939424, 1249923.452808691421524 ], [ 2603220.779687179718167, 1249925.261749712983146 ], [ 2603213.689747466240078, 1249928.093147163512185 ], [ 2603206.405155748594552, 1249927.878038330702111 ], [ 2603199.920637005008757, 1249927.874608661979437 ], [ 2603193.034747918136418, 1249930.294761914527044 ], [ 2603181.694902612362057, 1249932.912711212644354 ], [ 2603169.957087296526879, 1249931.494534311583266 ], [ 2603158.415433771442622, 1249930.276612202404067 ], [ 2603152.951282268390059, 1249927.849978612735868 ], [ 2603148.898248294834048, 1249926.43584778951481 ], [ 2603145.251595811452717, 1249927.445718095870689 ], [ 2603138.170291833113879, 1249928.253681546775624 ], [ 2603132.901775466278195, 1249927.039061518386006 ], [ 2603127.437088346108794, 1249925.624215699499473 ], [ 2603119.133489448111504, 1249925.208559224149212 ], [ 2603116.101002041250467, 1249920.970930406823754 ], [ 2603113.468603584449738, 1249916.733508723787963 ], [ 2603106.992448031436652, 1249915.118033048463985 ], [ 2603095.85942564997822, 1249911.87691365997307 ], [ 2603082.091189043130726, 1249909.857486733002588 ], [ 2603072.573104154784232, 1249907.628996930783615 ], [ 2603065.485058280173689, 1249906.813773531233892 ] ] } },
{ "type": "Feature", "properties": { "element": "way", "id": 764419006, "natural": "cliff" }, "geometry": { "type": "LineString", "coordinates": [ [ 2603439.967212665826082, 1249930.463448566850275 ], [ 2603425.861690116580576, 1249924.462681620148942 ], [ 2603401.998696425929666, 1249925.97241651895456 ], [ 2603392.68299445649609, 1249926.567571508698165 ], [ 2603377.094026574864984, 1249927.37048307294026 ], [ 2603363.528623567894101, 1249927.362925197230652 ], [ 2603354.009889772627503, 1249926.546005207113922 ], [ 2603344.287775038275868, 1249924.928471159888431 ], [ 2603330.119676657021046, 1249922.696998564060777 ], [ 2603319.99657159531489, 1249922.69143595197238 ], [ 2603293.666998726781458, 1249934.5847387467511 ], [ 2603286.177384024951607, 1249936.604196691885591 ], [ 2603275.033889227546751, 1249939.021944575477391 ], [ 2603265.521511423867196, 1249940.428828590549529 ], [ 2603254.581422147341073, 1249943.647241710452363 ], [ 2603248.10294852219522, 1249946.478926833020523 ], [ 2603237.773477746173739, 1249951.309850987512618 ], [ 2603228.864280429203063, 1249954.140257883118466 ], [ 2603217.525327410083264, 1249955.134868551511317 ], [ 2603205.379601386375725, 1249954.327910610474646 ], [ 2603193.634924339130521, 1249951.697789214784279 ], [ 2603184.524799074046314, 1249949.069075686158612 ], [ 2603178.049124101176858, 1249946.641887056641281 ], [ 2603172.780527452006936, 1249945.627360654762015 ], [ 2603162.861914449837059, 1249944.410280133364722 ] ] } },
{ "type": "Feature", "properties": { "element": "way", "id": 764419007, "natural": "cliff" }, "geometry": { "type": "LineString", "coordinates": [ [ 2603390.432754869572818, 1249968.148720862576738 ], [ 2603385.167014819569886, 1249975.617264077533036 ], [ 2603381.312698405236006, 1249983.486859493423253 ], [ 2603375.770698321983218, 1249985.540648252470419 ], [ 2603370.984304772224277, 1249986.305141249438748 ], [ 2603366.940031773410738, 1249982.878454700810835 ], [ 2603359.649754723533988, 1249979.438849108759314 ], [ 2603354.585148280486465, 1249978.224144762614742 ], [ 2603349.526297365315259, 1249980.244871105533093 ] ] } },
{ "type": "Feature", "properties": { "element": "way", "id": 764419008, "natural": "cliff" }, "geometry": { "type": "LineString", "coordinates": [ [ 2603483.983051102142781, 1249959.929890064988285 ], [ 2603473.858731918036938, 1249962.147721994901076 ], [ 2603464.940276756417006, 1249967.790696315001696 ], [ 2603459.075502052903175, 1249966.575444028479978 ], [ 2603450.772903791163117, 1249964.547170349862427 ], [ 2603438.01405064901337, 1249966.763560556806624 ], [ 2603428.697034908924252, 1249969.782445902237669 ], [ 2603424.239661512430757, 1249976.039518917910755 ], [ 2603421.610257035586983, 1249980.285218398552388 ], [ 2603417.965080424677581, 1249978.659886277047917 ], [ 2603414.524857093580067, 1249975.022261152276769 ], [ 2603412.299305978231132, 1249972.608335488243029 ] ] } },
{ "type": "Feature", "properties": { "element": "way", "id": 764419009, "natural": "cliff" }, "geometry": { "type": "LineString", "coordinates": [ [ 2603603.640228828415275, 1249972.71939117484726 ], [ 2603598.367760998662561, 1249978.364340878557414 ], [ 2603593.912734765559435, 1249980.385218095034361 ], [ 2603588.650473767891526, 1249981.582865403266624 ], [ 2603581.563299122266471, 1249979.566248551709577 ], [ 2603576.907574254088104, 1249976.328067031688988 ], [ 2603575.286715577356517, 1249972.702544164378196 ], [ 2603569.217912656255066, 1249971.887320505920798 ], [ 2603560.310494007077068, 1249971.481806560652331 ], [ 2603553.426293066237122, 1249970.86624794267118 ], [ 2603548.972817676607519, 1249970.263242779066786 ], [ 2603541.525818310678005, 1249963.899210259551182 ], [ 2603530.340576926246285, 1249973.076375068165362 ], [ 2603524.667850334197283, 1249979.132533422438428 ], [ 2603518.186826659366488, 1249986.188873087521642 ], [ 2603511.739450609311461, 1249987.330307544907555 ], [ 2603506.662674293387681, 1249981.13447067188099 ], [ 2603507.903066521044821, 1249977.032540401211008 ], [ 2603514.79055616306141, 1249971.98883698345162 ], [ 2603519.45043631689623, 1249968.155737876659259 ], [ 2603525.530093702021986, 1249963.322824246250093 ], [ 2603530.607111492194235, 1249956.176726282574236 ], [ 2603519.869957484770566, 1249947.753915987210348 ], [ 2603512.894000689964741, 1249949.095170514658093 ] ] } },
{ "type": "Feature", "properties": { "element": "way", "id": 764419010, "natural": "cliff" }, "geometry": { "type": "LineString", "coordinates": [ [ 2603586.996908911503851, 1250045.767794734565541 ], [ 2603575.075089924968779, 1250036.92168352776207 ], [ 2603564.114285692572594, 1250036.881852714344859 ], [ 2603559.853825347498059, 1250029.07429819717072 ], [ 2603548.444075173232704, 1250022.229835778474808 ], [ 2603539.216308292932808, 1250027.583441816270351 ], [ 2603533.141308017075062, 1250024.544592497171834 ], [ 2603527.072195584420115, 1250024.340917912311852 ], [ 2603515.735318709630519, 1250021.910523969912902 ], [ 2603509.25300752138719, 1250018.282192711252719 ], [ 2603501.765537819359452, 1250016.654579078312963 ], [ 2603493.263716199900955, 1250019.885083115659654 ], [ 2603479.493082161061466, 1250022.701187424128875 ], [ 2603467.137554030865431, 1250019.46978317736648 ], [ 2603470.583399998955429, 1250013.212160904193297 ], [ 2603484.559382318053395, 1250007.772236969554797 ], [ 2603488.924618273507804, 1250004.272492433199659 ], [ 2603479.878385257907212, 1249995.92855781596154 ] ] } },
{ "type": "Feature", "properties": { "element": "way", "id": 764419016, "natural": "cliff" }, "geometry": { "type": "LineString", "coordinates": [ [ 2603061.734773155301809, 1250157.874076979933307 ], [ 2603095.308284079656005, 1250148.518402541987598 ], [ 2603134.963025558274239, 1250130.538263305090368 ] ] } },
{ "type": "Feature", "properties": { "element": "way", "id": 764419021, "natural": "cliff" }, "geometry": { "type": "LineString", "coordinates": [ [ 2602038.410093140788376, 1250235.196006769547239 ], [ 2602036.743374646175653, 1250230.659187238896266 ], [ 2602045.092252267058939, 1250230.050457098986953 ], [ 2602048.129218077752739, 1250222.691155758919194 ], [ 2602051.422321730293334, 1250216.888503615278751 ], [ 2602055.829946898389608, 1250219.058047110913321 ], [ 2602067.775079749058932, 1250209.166775389108807 ], [ 2602070.410648227203637, 1250205.843293029582128 ], [ 2602078.200386804528534, 1250206.957757234573364 ], [ 2602087.010244895704091, 1250204.937218534527346 ], [ 2602106.042527648154646, 1250198.083736078348011 ], [ 2602122.651063325814903, 1250193.241886995034292 ], [ 2602145.331369956955314, 1250180.741700273239985 ], [ 2602169.635869675315917, 1250165.006751494947821 ], [ 2602191.911074664443731, 1250146.035751816350967 ], [ 2602216.718713112175465, 1250138.272996658226475 ], [ 2602232.718164058402181, 1250127.683077297406271 ], [ 2602236.966767385136336, 1250131.220247593242675 ], [ 2602243.046876825857908, 1250121.838631839491427 ], [ 2602246.586279456969351, 1250124.352665707701817 ], [ 2602253.774169799871743, 1250120.119239214574918 ], [ 2602256.508909438736737, 1250114.372088519157842 ], [ 2602260.86445965943858, 1250114.473761818604544 ], [ 2602270.183049275074154, 1250104.993307846831158 ], [ 2602285.87017076741904, 1250102.475299694575369 ], [ 2602288.205134945455939, 1250096.016443541739136 ], [ 2602298.533619112335145, 1250091.072677231160924 ], [ 2602303.900293464772403, 1250092.28659205394797 ], [ 2602320.706935429479927, 1250083.809692229842767 ], [ 2602331.336568439379334, 1250081.089756699977443 ], [ 2602335.488789753522724, 1250079.979513158323243 ], [ 2602336.293875200208277, 1250086.850927361752838 ], [ 2602341.863742790184915, 1250089.677107119467109 ], [ 2602344.492319616954774, 1250085.442044974770397 ], [ 2602345.512446405366063, 1250082.707336016232148 ], [ 2602350.668216795194894, 1250082.720436366973445 ], [ 2602359.584112376440316, 1250080.500215530395508 ], [ 2602359.585439792368561, 1250077.06466290471144 ], [ 2602369.711098425090313, 1250069.808337374823168 ], [ 2602376.391023402567953, 1250071.623215571977198 ], [ 2602376.593346091918647, 1250075.459106029011309 ], [ 2602378.712966124527156, 1250079.495872529223561 ], [ 2602382.260236624162644, 1250081.109408420044929 ], [ 2602394.812964823562652, 1250083.137849603081122 ], [ 2602402.505904834717512, 1250081.117343059740961 ], [ 2602404.532181416638196, 1250072.946194231510162 ], [ 2602415.876568179111928, 1250057.307233998086303 ], [ 2602431.271687595173717, 1250049.241467141546309 ], [ 2602453.446258359588683, 1250039.655257277423516 ], [ 2602457.287688103504479, 1250041.880462439963594 ], [ 2602460.835323120933026, 1250042.593463593395427 ], [ 2602464.884362002369016, 1250035.423799194628373 ], [ 2602477.032438062597066, 1250030.280951558379456 ], [ 2602487.261042103171349, 1250030.285115439677611 ], [ 2602497.286448345519602, 1250028.777125840075314 ], [ 2602498.504158940166235, 1250023.02946709189564 ], [ 2602508.92991825658828, 1250020.91015520808287 ], [ 2602510.037265594583005, 1250026.55870412196964 ], [ 2602536.566527696792036, 1250019.809765823651105 ], [ 2602560.059916887432337, 1250016.183910318184644 ], [ 2602589.212019405327737, 1250019.431656491942704 ], [ 2602628.087465924210846, 1250021.460724009200931 ] ] } },
{ "type": "Feature", "properties": { "element": "way", "id": 764419022, "natural": "cliff" }, "geometry": { "type": "LineString", "coordinates": [ [ 2602067.157523894216865, 1250249.737241997849196 ], [ 2602071.612505102995783, 1250245.702801974024624 ], [ 2602080.726122287102044, 1250238.145443001063541 ], [ 2602091.054014428984374, 1250233.70163604663685 ], [ 2602108.867456706240773, 1250236.843097953125834 ], [ 2602123.443374939262867, 1250237.648647908354178 ], [ 2602148.553011100739241, 1250228.373621092177927 ], [ 2602163.132506499066949, 1250219.094972517108545 ], [ 2602178.021289268974215, 1250210.516922926530242 ], [ 2602183.587560449261218, 1250202.146826490294188 ], [ 2602182.376053726766258, 1250191.450591362081468 ], [ 2602179.645949460100383, 1250184.47844587569125 ], [ 2602188.454214386176318, 1250187.105506353778765 ], [ 2602197.057933496776968, 1250191.756036838283762 ], [ 2602201.717586572282016, 1250185.69823855557479 ], [ 2602202.528226015623659, 1250177.526581133715808 ], [ 2602211.334884182084352, 1250184.600994269130751 ], [ 2602213.766953437589109, 1250180.665996027411893 ], [ 2602205.874109996948391, 1250172.380014169495553 ], [ 2602213.363965843338519, 1250167.846452860161662 ], [ 2602217.418886735569686, 1250164.212237503146753 ], [ 2602225.20971592515707, 1250162.402783220168203 ], [ 2602231.179568903986365, 1250165.429134248523042 ], [ 2602240.192983211949468, 1250164.420663089258596 ], [ 2602241.712397827766836, 1250158.572995244525373 ], [ 2602249.007632766384631, 1250149.692153697134927 ], [ 2602266.825102097820491, 1250142.427365698385984 ], [ 2602278.978091210126877, 1250123.052692428696901 ], [ 2602303.690162771381438, 1250109.041784309782088 ], [ 2602310.875901081133634, 1250110.656650121323764 ], [ 2602322.721973703242838, 1250104.901864300714806 ], [ 2602326.468621840234846, 1250098.343495341017842 ], [ 2602335.881887078750879, 1250098.247022566618398 ], [ 2602345.094972116407007, 1250108.345965066691861 ], [ 2602353.494170046877116, 1250114.808925689430907 ], [ 2602363.517290352843702, 1250118.748673412948847 ], [ 2602369.896975792013109, 1250116.027163503691554 ], [ 2602377.481901396997273, 1250119.865924416575581 ], [ 2602389.838483862578869, 1250121.382837299024686 ], [ 2602396.414919856004417, 1250117.449538694694638 ], [ 2602419.704541325569153, 1250112.511086288839579 ], [ 2602435.092657138593495, 1250102.733107846463099 ], [ 2602442.996110223699361, 1250083.957466630265117 ], [ 2602446.752719115000218, 1250071.751084336545318 ], [ 2602460.420445859897882, 1250060.54934131144546 ], [ 2602517.932631329633296, 1250046.452588179614395 ], [ 2602568.953709236811846, 1250048.897674547275528 ], [ 2602615.919676456600428, 1250054.565762343816459 ] ] } },
{ "type": "Feature", "properties": { "element": "way", "id": 769695625, "natural": "cliff" }, "geometry": { "type": "LineString", "coordinates": [ [ 2610318.846621866337955, 1251923.442483427701518 ], [ 2610282.872959091328084, 1251967.17554971226491 ], [ 2610276.679903832729906, 1251996.361705541145056 ], [ 2610264.845635568257421, 1252010.472756352741271 ], [ 2610244.992755677551031, 1252018.443816620390862 ], [ 2610222.309009341988713, 1252022.640958682866767 ] ] } },
{ "type": "Feature", "properties": { "element": "way", "id": 769695626, "natural": "cliff" }, "geometry": { "type": "LineString", "coordinates": [ [ 2610625.029750506859273, 1251481.525415525538847 ], [ 2610619.998833983205259, 1251505.298608632059768 ], [ 2610587.318878904916346, 1251536.016055894549936 ], [ 2610570.802122849505395, 1251555.377143064979464 ], [ 2610570.758270145859569, 1251580.093175128567964 ], [ 2610573.085733649786562, 1251599.64337974996306 ], [ 2610571.651501310057938, 1251612.593723156489432 ], [ 2610560.291604560334235, 1251622.224312898702919 ], [ 2610548.478000325616449, 1251623.860020618885756 ], [ 2610536.908415589481592, 1251624.073033433407545 ], [ 2610523.422131017781794, 1251637.002086804714054 ], [ 2610521.963013583794236, 1251659.836622051429003 ], [ 2610527.123581008985639, 1251681.982395078986883 ], [ 2610525.65947056747973, 1251707.640987526159734 ], [ 2610519.01320716412738, 1251723.40620586858131 ], [ 2610500.304414921440184, 1251753.748572204029188 ], [ 2610471.199152237270027, 1251782.660686807474121 ], [ 2610437.61855677049607, 1251807.562493294477463 ], [ 2610410.894835558254272, 1251825.649792230222374 ], [ 2610391.494810765143484, 1251846.09595608478412 ], [ 2610380.362362158484757, 1251864.210606840671971 ], [ 2610373.728139621205628, 1251873.382823701715097 ], [ 2610366.169245602563024, 1251876.193733371328562 ], [ 2610352.946901388466358, 1251872.401617889758199 ] ] } },
{ "type": "Feature", "properties": { "element": "way", "id": 769695629, "natural": "cliff" }, "geometry": { "type": "LineString", "coordinates": [ [ 2609664.715659256558865, 1253600.0223996527493 ], [ 2609676.441343762446195, 1253649.952017375268042 ], [ 2609690.545761073473841, 1253689.045070947613567 ], [ 2609702.29557625297457, 1253723.909327783156186 ], [ 2609709.295998361427337, 1253770.51804736466147 ], [ 2609702.633786024991423, 1253803.462211376521736 ], [ 2609687.457383426837623, 1253843.930833160644397 ], [ 2609680.770142068620771, 1253892.407433269079775 ], [ 2609652.677028098609298, 1253976.061409142334014 ], [ 2609611.894517787266523, 1254046.764318273868412 ], [ 2609587.285745739471167, 1254052.250540378736332 ], [ 2609543.518898527137935, 1254084.256977829616517 ], [ 2609511.859934465959668, 1254097.392830539029092 ], [ 2609488.698953620623797, 1254108.174149380531162 ] ] } },
{ "type": "Feature", "properties": { "element": "way", "id": 769695630, "natural": "cliff" }, "geometry": { "type": "LineString", "coordinates": [ [ 2610289.475614522583783, 1254160.347868961980566 ], [ 2610284.272851901128888, 1254163.396454588975757 ], [ 2610278.129995400086045, 1254164.797893416834995 ], [ 2610269.386883770581335, 1254169.26354447286576 ], [ 2610256.637956631369889, 1254169.475065268808976 ], [ 2610237.971396051812917, 1254180.50580030027777 ], [ 2610239.617361855693161, 1254184.03317519184202 ], [ 2610238.423727370332927, 1254189.445803954498842 ], [ 2610233.227337691467255, 1254193.206025823485106 ], [ 2610221.423821008764207, 1254192.007204744964838 ], [ 2610213.643915491644293, 1254184.700162710156292 ], [ 2610208.446453448850662, 1254184.691253113094717 ], [ 2610204.187376116868109, 1254191.744165246374905 ], [ 2610199.933144712820649, 1254195.973004919011146 ], [ 2610189.072561097331345, 1254194.775863100541756 ], [ 2610183.417068359907717, 1254189.118024220690131 ], [ 2610162.168278305791318, 1254188.381274765124545 ], [ 2610159.564104792196304, 1254193.780394800007343 ], [ 2610155.071719056461006, 1254196.129844061331823 ], [ 2610143.280612045899034, 1254187.637503186706454 ] ] } },
{ "type": "Feature", "properties": { "element": "way", "id": 769695631, "natural": "cliff" }, "geometry": { "type": "LineString", "coordinates": [ [ 2610193.002587944734842, 1254119.911015197867528 ], [ 2610193.016057842411101, 1254112.039184030145407 ], [ 2610162.817170499823987, 1254117.546805272810161 ], [ 2610158.16559024527669, 1254120.318480822723359 ], [ 2610150.259574094321579, 1254124.941393027547747 ], [ 2610123.408388454001397, 1254127.041560147190467 ], [ 2610098.492090965621173, 1254113.601552426349372 ] ] } },
{ "type": "Feature", "properties": { "element": "way", "id": 769695632, "natural": "cliff" }, "geometry": { "type": "LineString", "coordinates": [ [ 2610105.820944787934422, 1254173.486773416632786 ], [ 2610102.790986539330333, 1254180.886515035293996 ], [ 2610097.439207687042654, 1254187.35949184326455 ], [ 2610090.927308632060885, 1254192.90767779503949 ], [ 2610081.87034140760079, 1254191.269050736213103 ], [ 2610047.966702532488853, 1254188.665647257352248 ], [ 2610034.747388782445341, 1254177.069069850258529 ], [ 2610018.301458636764437, 1254155.271487028338015 ], [ 2610001.364596637431532, 1254142.745904866605997 ], [ 2609981.406160553917289, 1254137.153214086312801 ] ] } },
{ "type": "Feature", "properties": { "element": "way", "id": 769695633, "natural": "cliff" }, "geometry": { "type": "LineString", "coordinates": [ [ 2610087.116062576882541, 1254109.312799003906548 ], [ 2610054.189167269039899, 1254081.939137510024011 ], [ 2610015.920527143403888, 1254050.387265778146684 ], [ 2609959.546791811939329, 1254014.180083511862904 ], [ 2609924.769752024207264, 1253978.231747609330341 ], [ 2609925.739678861573339, 1253952.994521633256227 ], [ 2609953.187230504117906, 1253928.501931701321155 ] ] } },
{ "type": "Feature", "properties": { "element": "way", "id": 769695635, "natural": "cliff" }, "geometry": { "type": "LineString", "coordinates": [ [ 2609834.541228387039155, 1253766.453955906908959 ], [ 2609834.957372522447258, 1253797.708539030281827 ], [ 2609837.589210723526776, 1253812.033417529892176 ], [ 2609833.84948903368786, 1253829.049557072808966 ], [ 2609823.573733394499868, 1253857.039928141748533 ], [ 2609818.979798226617277, 1253866.004928342532367 ] ] } },
{ "type": "Feature", "properties": { "element": "way", "id": 769695637, "natural": "cliff" }, "geometry": { "type": "LineString", "coordinates": [ [ 2609833.852625214960426, 1253310.564307661959901 ], [ 2609824.457301774993539, 1253325.669850411359221 ], [ 2609825.375335535500199, 1253350.009567802073434 ], [ 2609830.235257789026946, 1253390.433014114387333 ], [ 2609826.098416904453188, 1253410.216968294233084 ], [ 2609826.573040312156081, 1253419.779587362427264 ], [ 2609824.874090706929564, 1253429.805596167454496 ], [ 2609825.94340495346114, 1253440.169722132384777 ], [ 2609825.437296046409756, 1253445.127700877841562 ], [ 2609810.483922768384218, 1253468.207132385345176 ], [ 2609806.938114608172327, 1253486.502209416590631 ], [ 2609807.255159748718143, 1253500.145028742263094 ], [ 2609803.81086098914966, 1253507.199556220555678 ], [ 2609809.560585932340473, 1253524.976249729515985 ], [ 2609804.84223446669057, 1253549.807031026808545 ] ] } },
{ "type": "Feature", "properties": { "element": "way", "id": 769695638, "natural": "cliff" }, "geometry": { "type": "LineString", "coordinates": [ [ 2609795.282627050764859, 1253137.287103279028088 ], [ 2609806.433038492687047, 1253165.32382392976433 ], [ 2609813.181844843551517, 1253199.70192903559655 ], [ 2609809.752650721929967, 1253220.387640258995816 ], [ 2609804.892562729306519, 1253225.749833251116797 ], [ 2609804.887143599800766, 1253247.386247620685026 ] ] } },
{ "type": "Feature", "properties": { "element": "way", "id": 769695639, "natural": "cliff" }, "geometry": { "type": "LineString", "coordinates": [ [ 2609764.322222266811877, 1253052.180506183532998 ], [ 2609765.170149718411267, 1253078.043300998630002 ], [ 2609757.442252146080136, 1253102.246527287410572 ], [ 2609766.729477580171078, 1253116.382113532861695 ], [ 2609777.423268353566527, 1253160.717612284934148 ] ] } },
{ "type": "Feature", "properties": { "element": "way", "id": 769695640, "natural": "cliff" }, "geometry": { "type": "LineString", "coordinates": [ [ 2609742.397570584435016, 1253033.121039785444736 ], [ 2609733.85716200619936, 1253083.629107412882149 ], [ 2609736.390093472320586, 1253103.424003736115992 ], [ 2609742.992419487331063, 1253116.93253639456816 ], [ 2609744.108696873765439, 1253135.613281707279384 ] ] } },
{ "type": "Feature", "properties": { "element": "way", "id": 769695641, "natural": "cliff" }, "geometry": { "type": "LineString", "coordinates": [ [ 2609654.303074948024005, 1253004.781425638124347 ], [ 2609656.298808419611305, 1253035.004473296459764 ], [ 2609658.382415656466037, 1253062.203461153432727 ], [ 2609672.164342847652733, 1253114.993753527291119 ], [ 2609679.422035743948072, 1253147.804830371867865 ], [ 2609687.802758880425245, 1253195.19397596269846 ], [ 2609695.500107960775495, 1253240.536241201451048 ], [ 2609697.972090517636389, 1253265.367670137900859 ], [ 2609702.47409449191764, 1253322.312376215821132 ] ] } },
{ "type": "Feature", "properties": { "element": "way", "id": 769695642, "natural": "cliff" }, "geometry": { "type": "LineString", "coordinates": [ [ 2609707.428706399165094, 1252721.448671334190294 ], [ 2609698.847351375035942, 1252764.574064625659958 ], [ 2609695.290687813423574, 1252803.415946401190013 ], [ 2609693.216881249565631, 1252816.632344740210101 ], [ 2609688.259619182907045, 1252830.577870761277154 ], [ 2609690.401545658707619, 1252858.988854018505663 ], [ 2609685.560004042927176, 1252889.967956210486591 ], [ 2609688.046257907990366, 1252906.138146880781278 ], [ 2609695.328936720732599, 1252923.694821027573198 ], [ 2609699.861094562802464, 1252943.748667903710157 ], [ 2609700.077946241479367, 1252954.222552828490734 ], [ 2609699.600635097362101, 1252964.706426750635728 ], [ 2609682.044201853685081, 1252987.359417288331315 ] ] } },
{ "type": "Feature", "properties": { "element": "way", "id": 769695644, "natural": "cliff" }, "geometry": { "type": "LineString", "coordinates": [ [ 2609712.906112588010728, 1252068.841953230556101 ], [ 2609723.727906823158264, 1252077.765411702217534 ], [ 2609729.359532608650625, 1252099.555491380626336 ], [ 2609729.251471631228924, 1252156.51474040816538 ], [ 2609732.165119264274836, 1252192.965528682572767 ], [ 2609737.856991075444967, 1252205.50523359561339 ], [ 2609751.741922453511506, 1252237.648921866435558 ], [ 2609778.433936473447829, 1252264.121033225441352 ], [ 2609792.117576403077692, 1252280.776590895839036 ], [ 2609790.48827493423596, 1252298.774569081142545 ], [ 2609786.812513097189367, 1252313.111241285223514 ], [ 2609779.203085163608193, 1252351.835186773212627 ], [ 2609780.471484212204814, 1252369.804571097251028 ], [ 2609757.882438295986503, 1252395.539955377578735 ], [ 2609757.149161689914763, 1252424.012931631878018 ], [ 2609756.633410298265517, 1252462.503930018516257 ], [ 2609762.08441344788298, 1252483.704495549434796 ], [ 2609771.623028538189828, 1252515.385286515811458 ], [ 2609779.880883844103664, 1252527.395568914711475 ] ] } },
{ "type": "Feature", "properties": { "element": "way", "id": 769695645, "natural": "cliff" }, "geometry": { "type": "LineString", "coordinates": [ [ 2609983.970809032209218, 1252070.368320151465014 ], [ 2609967.020951277110726, 1252093.577347831567749 ], [ 2609957.379612271673977, 1252119.07789811771363 ], [ 2609950.934110502712429, 1252146.85194930061698 ], [ 2609943.59685523621738, 1252161.882863926235586 ], [ 2609922.758561007678509, 1252186.675465170061216 ], [ 2609891.197590759024024, 1252202.344386358745396 ], [ 2609867.404267083853483, 1252216.425284882774577 ] ] } },
{ "type": "Feature", "properties": { "element": "way", "id": 769695652, "natural": "cliff" }, "geometry": { "type": "LineString", "coordinates": [ [ 2610680.42265982599929, 1251478.300074429716915 ], [ 2610671.23189606750384, 1251506.991199820535257 ], [ 2610669.830601536203176, 1251522.487679155310616 ], [ 2610645.771278067026287, 1251556.155497642699629 ], [ 2610607.533489800523967, 1251597.325284251477569 ], [ 2610589.889818333089352, 1251622.365796787198633 ], [ 2610569.939313484355807, 1251663.112514135194942 ], [ 2610562.363122692797333, 1251679.732146156486124 ], [ 2610564.347029263619334, 1251722.785962198395282 ], [ 2610559.282195017207414, 1251744.657922128681093 ], [ 2610548.472510041669011, 1251780.406550534069538 ], [ 2610532.437966010998935, 1251800.658079865621403 ], [ 2610530.798639950342476, 1251822.980860142968595 ], [ 2610520.71332651283592, 1251841.86426471057348 ], [ 2610502.636856041382998, 1251856.186182817909867 ], [ 2610490.032355002127588, 1251874.398098792415112 ], [ 2610464.156849536113441, 1251903.738442408153787 ], [ 2610443.577349674422294, 1251912.585909919114783 ], [ 2610433.718865592032671, 1251927.155937287723646 ], [ 2610413.577952156309038, 1251944.198515750700608 ], [ 2610388.407310646492988, 1251963.522775863762945 ], [ 2610377.644284900743514, 1251977.635468165390193 ], [ 2610361.179098423570395, 1251985.801052016904578 ], [ 2610352.617805894929916, 1251983.629206594545394 ], [ 2610351.516916516236961, 1251996.157697619870305 ] ] } },
{ "type": "Feature", "properties": { "element": "way", "id": 769695653, "natural": "cliff" }, "geometry": { "type": "LineString", "coordinates": [ [ 2610877.796141354832798, 1251277.01475981855765 ], [ 2610862.222407230176032, 1251295.665169917512685 ], [ 2610836.107317400630563, 1251325.692747276509181 ], [ 2610793.532506225630641, 1251363.8959405568894 ], [ 2610755.051487170159817, 1251408.944620074238628 ], [ 2610724.858959651086479, 1251423.922203097026795 ], [ 2610697.913945535663515, 1251412.488562254002318 ], [ 2610670.046475999057293, 1251401.953979089856148 ], [ 2610646.191865714266896, 1251401.03295395988971 ], [ 2610622.036183087620884, 1251412.352794992271811 ], [ 2610622.006132027134299, 1251429.208165393676609 ], [ 2610610.117981948889792, 1251430.098687233403325 ], [ 2610589.984970953315496, 1251441.459180006990209 ], [ 2610573.509644866455346, 1251450.079998111817986 ], [ 2610563.99839006876573, 1251472.511084264144301 ], [ 2610527.608199946582317, 1251531.574089359259233 ], [ 2610510.387918378226459, 1251560.54036237928085 ], [ 2610493.761327592190355, 1251573.886439942754805 ], [ 2610475.456156488973647, 1251584.794692691648379 ], [ 2610464.459448128007352, 1251602.542505852412432 ], [ 2610459.389299876056612, 1251627.594384828582406 ], [ 2610458.441391378641129, 1251643.091714441543445 ] ] } },
{ "type": "Feature", "properties": { "element": "way", "id": 769695654, "natural": "cliff" }, "geometry": { "type": "LineString", "coordinates": [ [ 2610404.19020821293816, 1251693.574158821022138 ], [ 2610365.527545165270567, 1251715.83244486246258 ], [ 2610330.510647105053067, 1251746.536141338991001 ] ] } },
{ "type": "Feature", "properties": { "element": "way", "id": 769698849, "natural": "cliff" }, "geometry": { "type": "LineString", "coordinates": [ [ 2610562.166470984462649, 1253373.718340627616271 ], [ 2610582.022138319443911, 1253451.037699948530644 ], [ 2610610.068993464577943, 1253563.050086508505046 ], [ 2610633.94461881602183, 1253750.126810990041122 ], [ 2610633.159488640259951, 1253813.811769392574206 ], [ 2610631.046764423139393, 1253864.752646798267961 ], [ 2610616.217332980129868, 1253884.839435800677165 ], [ 2610588.309799908660352, 1253894.829696786124259 ] ] } },
{ "type": "Feature", "properties": { "element": "way", "id": 769698851, "natural": "cliff" }, "geometry": { "type": "LineString", "coordinates": [ [ 2610507.738235594704747, 1253400.450807999586686 ], [ 2610495.967216659802943, 1253486.975815612822771 ], [ 2610502.183343103621155, 1253547.137424379121512 ], [ 2610515.093689667526633, 1253588.731980911456048 ], [ 2610527.711352287791669, 1253608.011378153692931 ], [ 2610548.302554565481842, 1253657.458085949765518 ] ] } },
{ "type": "Feature", "properties": { "element": "way", "id": 769698852, "natural": "cliff" }, "geometry": { "type": "LineString", "coordinates": [ [ 2610515.011712392792106, 1253344.571370415389538 ], [ 2610542.012787216808647, 1253349.388898682082072 ], [ 2610547.694148282054812, 1253421.646422895602882 ], [ 2610545.55035855434835, 1253473.432216840563342 ], [ 2610553.942353506106883, 1253561.371547168819234 ], [ 2610575.387813385110348, 1253609.796961596701294 ], [ 2610601.577365699689835, 1253684.125716384500265 ], [ 2610608.020653483923525, 1253713.445360705722123 ], [ 2610614.084669935982674, 1253760.820665408624336 ], [ 2610621.564739457797259, 1253784.004806366283447 ] ] } },
{ "type": "Feature", "properties": { "element": "way", "id": 769698853, "natural": "cliff" }, "geometry": { "type": "LineString", "coordinates": [ [ 2610518.722747961059213, 1253883.321111388271675 ], [ 2610446.032071149442345, 1253920.729001741157845 ], [ 2610384.062853712122887, 1253983.639921069610864 ], [ 2610361.354371186345816, 1253993.317886140663177 ], [ 2610355.774793718475848, 1254009.063005014555529 ], [ 2610342.313272000290453, 1254019.768905700650066 ] ] } },
{ "type": "Feature", "properties": { "element": "way", "id": 776828426, "natural": "cliff" }, "geometry": { "type": "LineString", "coordinates": [ [ 2616918.423240546602756, 1246801.456439591711387 ], [ 2616929.165779869537801, 1246800.675378220155835 ], [ 2616934.221635497640818, 1246802.301916864467785 ], [ 2616939.579936855472624, 1246806.464279560837895 ], [ 2616944.746118570677936, 1246806.478996973717585 ], [ 2616950.010202744510025, 1246806.594062068965286 ], [ 2616962.376324766781181, 1246805.917752725770697 ] ] } },
{ "type": "Feature", "properties": { "element": "way", "id": 776828427, "natural": "cliff" }, "geometry": { "type": "LineString", "coordinates": [ [ 2616913.718894206453115, 1246816.986355227883905 ], [ 2616922.029344170819968, 1246816.209482832578942 ], [ 2616928.909536386374384, 1246819.053096269257367 ], [ 2616933.748867217916995, 1246827.750217971857637 ] ] } },
{ "type": "Feature", "properties": { "element": "way", "id": 776828428, "natural": "cliff" }, "geometry": { "type": "LineString", "coordinates": [ [ 2617275.294678494334221, 1246868.591475676512346 ], [ 2617319.612574035301805, 1246869.420838099671528 ], [ 2617342.390477816574275, 1246867.374758202815428 ], [ 2617370.319490817375481, 1246870.491556836059317 ], [ 2617393.47129287570715, 1246874.895346186356619 ], [ 2617397.464340715669096, 1246883.468074217671528 ] ] } },
{ "type": "Feature", "properties": { "element": "way", "id": 779605706, "natural": "cliff" }, "geometry": { "type": "LineString", "coordinates": [ [ 2603367.646727695595473, 1255136.423224278260022 ], [ 2603378.728994852397591, 1255145.146279830252752 ], [ 2603384.263553718104959, 1255161.22666609659791 ], [ 2603392.767980250064284, 1255166.968558876775205 ], [ 2603394.910752053372562, 1255179.011052479734644 ], [ 2603393.192818819545209, 1255189.42808324820362 ], [ 2603396.347234784625471, 1255199.692192848771811 ], [ 2603412.987444412428886, 1255209.274562069447711 ] ] } },
{ "type": "Feature", "properties": { "element": "way", "id": 782601678, "natural": "cliff" }, "geometry": { "type": "LineString", "coordinates": [ [ 2619690.747813584748656, 1262407.381282588699833 ], [ 2619672.485404822044075, 1262398.970459317788482 ], [ 2619654.51082170708105, 1262396.887221012497321 ], [ 2619643.68425926938653, 1262401.888132039224729 ], [ 2619634.347468327730894, 1262414.254615844460204 ], [ 2619624.959072248544544, 1262442.220564300660044 ], [ 2619617.711715877056122, 1262465.156816229457036 ], [ 2619613.533952609170228, 1262475.61686482001096 ], [ 2619609.471006939653307, 1262483.253131007077172 ], [ 2619598.4987408593297, 1262502.763628029031679 ], [ 2619592.703824187628925, 1262512.506745170336217 ], [ 2619596.921154895331711, 1262519.681169059127569 ] ] } },
{ "type": "Feature", "properties": { "element": "way", "id": 783105732, "natural": "cliff" }, "geometry": { "type": "LineString", "coordinates": [ [ 2620504.607985080219805, 1249943.148075838107616 ], [ 2620498.939454508945346, 1249942.928379032295197 ], [ 2620488.184750141110271, 1249948.739526093006134 ], [ 2620471.724566041026264, 1249967.250423652818426 ], [ 2620456.063135590404272, 1249988.3991689379327 ], [ 2620436.028236517682672, 1250012.545981871662661 ], [ 2620440.888072780333459, 1249984.511091636726633 ], [ 2620420.292040621396154, 1249967.684884284157306 ], [ 2620398.668417793698609, 1249955.491574558895081 ], [ 2620387.739699267782271, 1249954.853660473832861 ], [ 2620372.560349324718118, 1249952.177645112620667 ], [ 2620353.501950325444341, 1249960.18423219374381 ], [ 2620354.398911403492093, 1249934.148120020050555 ], [ 2620350.213862122502178, 1249915.165868676034734 ] ] } },
{ "type": "Feature", "properties": { "element": "way", "id": 783105733, "natural": "cliff" }, "geometry": { "type": "LineString", "coordinates": [ [ 2620311.716151149943471, 1249892.419366023037583 ], [ 2620305.031177665572613, 1249893.608410137705505 ], [ 2620293.251911032944918, 1249903.252239524153993 ], [ 2620282.876696120481938, 1249917.348227966809645 ], [ 2620268.448409026954323, 1249933.453943492146209 ], [ 2620251.225903816986829, 1249936.619522101711482 ] ] } },
{ "type": "Feature", "properties": { "element": "way", "id": 783105734, "natural": "cliff" }, "geometry": { "type": "LineString", "coordinates": [ [ 2620228.909760457929224, 1249866.075363238807768 ], [ 2620192.14275887189433, 1249882.494369629072025 ], [ 2620160.535320078488439, 1249884.577322562923655 ], [ 2620114.707454830408096, 1249890.537050012033433 ], [ 2620065.830282169394195, 1249878.497339151799679 ] ] } },
{ "type": "Feature", "properties": { "element": "way", "id": 783105735, "natural": "cliff" }, "geometry": { "type": "LineString", "coordinates": [ [ 2619788.541102511808276, 1250185.767891017487273 ], [ 2619799.883119757752866, 1250184.593785487813875 ], [ 2619812.049009012058377, 1250178.574845345225185 ], [ 2619823.789244367741048, 1250180.226176801836118 ], [ 2619846.094000996090472, 1250169.404666313203052 ], [ 2619857.47653782973066, 1250156.122914667939767 ], [ 2619879.782260593958199, 1250147.313957324484363 ], [ 2619886.693640748504549, 1250139.265164691256359 ], [ 2619910.145019442774355, 1250149.027814660687 ], [ 2619936.87200761353597, 1250149.929101726040244 ], [ 2619957.510756499134004, 1250152.010833084583282 ], [ 2619972.89018816081807, 1250155.698229910572991 ], [ 2619978.146157735958695, 1250157.328067532740533 ], [ 2619985.432666124310344, 1250158.975859883008525 ] ] } },
{ "type": "Feature", "properties": { "element": "way", "id": 783105736, "natural": "cliff" }, "geometry": { "type": "LineString", "coordinates": [ [ 2620348.249000306241214, 1250103.081594206858426 ], [ 2620355.547972125932574, 1250101.08306299103424 ], [ 2620371.375153663102537, 1250090.84172570426017 ], [ 2620385.555145134218037, 1250087.666053330525756 ], [ 2620401.218723277095705, 1250067.94027457642369 ], [ 2620405.869433021172881, 1250067.756120416801423 ], [ 2620399.947928903624415, 1250084.079766494454816 ], [ 2620408.223782123066485, 1250092.180125540588051 ], [ 2620435.973681444302201, 1250087.639184578089043 ], [ 2620444.286985510960221, 1250084.843730987980962 ], [ 2620452.423626541625708, 1250074.164764155400917 ], [ 2620459.750547694973648, 1250061.881975769763812 ], [ 2620467.505899200681597, 1250045.76483956980519 ], [ 2620468.764394325669855, 1250033.249905461678281 ], [ 2620474.242934742942452, 1250029.432954926742241 ], [ 2620478.530507437419146, 1250018.540627694688737 ], [ 2620480.378981648012996, 1250010.074813080718741 ], [ 2620496.026006937026978, 1249995.296899406937882 ], [ 2620504.182450928259641, 1249976.757396082859486 ] ] } },
{ "type": "Feature", "properties": { "element": "way", "id": 783105737, "natural": "cliff" }, "geometry": { "type": "LineString", "coordinates": [ [ 2620053.053824218921363, 1250040.515304025961086 ], [ 2620074.487027557101101, 1250048.859757900005206 ], [ 2620086.401195604354143, 1250057.17209215159528 ], [ 2620112.095847223419696, 1250064.330312729347497 ], [ 2620120.582059224136174, 1250068.395016475813463 ], [ 2620129.482761605177075, 1250072.661267566727474 ], [ 2620138.574930652510375, 1250078.340212640818208 ], [ 2620145.444962135981768, 1250082.610721713397652 ], [ 2620152.299928340129554, 1250089.093740868614987 ] ] } },
{ "type": "Feature", "properties": { "element": "way", "id": 783106260, "natural": "cliff" }, "geometry": { "type": "LineString", "coordinates": [ [ 2620220.20137239806354, 1250069.13356878887862 ], [ 2620241.040636955760419, 1250072.239859317429364 ], [ 2620263.682623703964055, 1250082.401412120088935 ] ] } },
{ "type": "Feature", "properties": { "element": "way", "id": 783228366, "natural": "cliff" }, "geometry": { "type": "LineString", "coordinates": [ [ 2620623.62162768561393, 1251280.934097760822624 ], [ 2620606.173792965244502, 1251297.906910515855998 ], [ 2620590.986751951277256, 1251320.235564209287986 ], [ 2620585.726365117356181, 1251328.934150202665478 ], [ 2620576.566376756876707, 1251332.615947105921805 ] ] } },
{ "type": "Feature", "properties": { "element": "way", "id": 783281295, "natural": "cliff" }, "geometry": { "type": "LineString", "coordinates": [ [ 2622177.176710001658648, 1252927.403428230667487 ], [ 2622147.340118365362287, 1252895.826770689571276 ], [ 2622129.252571788150817, 1252861.859121124260128 ], [ 2622119.364591396413743, 1252800.081469153054059 ] ] } },
{ "type": "Feature", "properties": { "element": "way", "id": 783815225, "natural": "cliff" }, "geometry": { "type": "LineString", "coordinates": [ [ 2620482.658085082191974, 1251404.327391567174345 ], [ 2620495.271466550882906, 1251386.214565187925473 ], [ 2620488.907536033540964, 1251353.893652011174709 ], [ 2620472.983392545953393, 1251334.070215344894677 ], [ 2620465.301917910575867, 1251331.419794788816944 ] ] } },
{ "type": "Feature", "properties": { "element": "way", "id": 784307512, "natural": "cliff" }, "geometry": { "type": "LineString", "coordinates": [ [ 2616171.14586776914075, 1261570.706459648441523 ], [ 2616161.952369696926326, 1261571.393008205341175 ], [ 2616159.015047824941576, 1261573.797768363729119 ], [ 2616158.197094616945833, 1261578.131838156143203 ], [ 2616153.341621078550816, 1261579.4195068012923 ], [ 2616146.682727267965674, 1261576.188074844889343 ], [ 2616144.575124908238649, 1261569.93362432369031 ], [ 2616146.308534442912787, 1261564.189967598998919 ], [ 2616153.098647511564195, 1261557.970852193888277 ], [ 2616154.522898696828634, 1261552.326424822676927 ], [ 2616154.842637392692268, 1261545.578238300979137 ], [ 2616150.411229351535439, 1261540.529399228282273 ], [ 2616150.541644253768027, 1261531.36793744075112 ], [ 2616145.493392735719681, 1261528.730183285893872 ], [ 2616140.864685444626957, 1261524.1922754610423 ], [ 2616134.119170405436307, 1261514.000310970935971 ], [ 2616134.559452262707055, 1261501.704216429032385 ], [ 2616127.395541611127555, 1261495.747350526973605 ], [ 2616119.11441129213199, 1261496.12512192572467 ], [ 2616110.520819273311645, 1261497.814064122037962 ], [ 2616100.613944057375193, 1261497.587037350051105 ], [ 2616089.717597201000899, 1261492.720842847600579 ], [ 2616080.226838100235909, 1261489.070416658185422 ], [ 2616076.624830129090697, 1261478.18656043545343 ], [ 2616075.021366754546762, 1261472.133639557985589 ], [ 2616065.753074661828578, 1261461.434579545632005 ], [ 2616059.307263485156, 1261454.568007659167051 ], [ 2616053.28255932405591, 1261439.641520386328921 ], [ 2616045.642217500135303, 1261425.922609842615202 ], [ 2616033.126368773169816, 1261420.852005522465333 ], [ 2616025.852901358623058, 1261419.120076658437029 ], [ 2616016.951341627631336, 1261423.221082075498998 ], [ 2616004.39686778280884, 1261432.46020800806582 ], [ 2616000.629213068634272, 1261443.824483179021627 ], [ 2616000.914811722468585, 1261449.673692573560402 ], [ 2616007.459126297850162, 1261459.153362137498334 ], [ 2616004.805216601584107, 1261468.219067877624184 ], [ 2616010.137580584734678, 1261477.295198811916634 ], [ 2616016.472964828833938, 1261488.797920308308676 ], [ 2616014.816958357580006, 1261502.191493319347501 ] ] } },
{ "type": "Feature", "properties": { "element": "way", "id": 785184198, "natural": "cliff" }, "geometry": { "type": "LineString", "coordinates": [ [ 2635021.531067756004632, 1254244.144893165677786 ], [ 2635034.470059561077505, 1254232.39115940220654 ], [ 2635042.907422877382487, 1254231.796163624618202 ], [ 2635049.741146745625883, 1254229.390479405876249 ], [ 2635079.312075240537524, 1254207.784067876171321 ], [ 2635082.967174465768039, 1254204.57018632045947 ], [ 2635094.309864995535463, 1254185.980303303571418 ] ] } },
{ "type": "Feature", "properties": { "element": "way", "id": 785184199, "natural": "cliff" }, "geometry": { "type": "LineString", "coordinates": [ [ 2634827.496161055751145, 1254311.592195976525545 ], [ 2634845.594578825868666, 1254295.965737280901521 ], [ 2634872.974322821013629, 1254285.030404572142288 ], [ 2634890.054994644131511, 1254270.610022630309686 ], [ 2634921.227429982740432, 1254268.970169433159754 ], [ 2634948.068050565198064, 1254280.424903573933989 ], [ 2634982.368046992458403, 1254262.681820157449692 ], [ 2634992.922058383468539, 1254257.496139880269766 ], [ 2634998.158399418462068, 1254261.15173006686382 ], [ 2635011.786899605765939, 1254291.007889717817307 ], [ 2635013.403619457967579, 1254296.988139860797673 ] ] } },
{ "type": "Feature", "properties": { "element": "way", "id": 785697749, "natural": "cliff" }, "geometry": { "type": "LineString", "coordinates": [ [ 2621723.822703643236309, 1252410.219841921469197 ], [ 2621718.761336183641106, 1252409.700990771874785 ], [ 2621707.828827819786966, 1252411.373239579610527 ], [ 2621700.636414397507906, 1252413.770760864950716 ], [ 2621693.426871604286134, 1252418.792180355172604 ], [ 2621689.359889515675604, 1252424.925816280767322 ], [ 2621685.587717703077942, 1252432.984022465301678 ], [ 2621675.737929941620678, 1252441.931746861198917 ], [ 2621653.884661613497883, 1252440.028561946935952 ] ] } },
{ "type": "Feature", "properties": { "element": "way", "id": 785702090, "natural": "cliff" }, "geometry": { "type": "LineString", "coordinates": [ [ 2621761.001125585753471, 1252453.439985663862899 ], [ 2621761.296069592237473, 1252457.376995646860451 ], [ 2621759.850864603649825, 1252464.632040633587167 ], [ 2621760.541286726947874, 1252469.782410788349807 ], [ 2621762.14126397529617, 1252473.824271415127441 ], [ 2621758.803877572063357, 1252474.41243245289661 ], [ 2621753.239249278325588, 1252473.280192332575098 ], [ 2621732.308713091537356, 1252468.767264654394239 ], [ 2621716.574820715934038, 1252454.589257924817502 ], [ 2621718.81446913164109, 1252450.861655690474436 ], [ 2621727.414367083460093, 1252451.493524463381618 ], [ 2621735.00346563057974, 1252452.032756885048002 ], [ 2621739.762059422209859, 1252450.73820710927248 ] ] } },
{ "type": "Feature", "properties": { "element": "way", "id": 786555249, "natural": "cliff" }, "geometry": { "type": "LineString", "coordinates": [ [ 2606916.514952581841499, 1257429.387349874712527 ], [ 2606952.827233024407178, 1257427.039017848437652 ], [ 2606958.081708903890103, 1257433.905274017946795 ], [ 2606956.857541671022773, 1257442.776441757567227 ], [ 2606932.227985111996531, 1257448.006877677515149 ], [ 2606882.738689864054322, 1257442.423741216072813 ], [ 2606829.11936143739149, 1257442.017535936553031 ] ] } },
{ "type": "Feature", "properties": { "element": "way", "id": 789163911, "natural": "cliff" }, "geometry": { "type": "LineString", "coordinates": [ [ 2628560.409814755432308, 1249801.693145599449053 ], [ 2628528.105984348338097, 1249740.575497575104237 ] ] } },
{ "type": "Feature", "properties": { "element": "way", "id": 789163912, "natural": "cliff" }, "geometry": { "type": "LineString", "coordinates": [ [ 2628537.051897601224482, 1249732.735561189008877 ], [ 2628601.530377972871065, 1249757.884536934318021 ], [ 2628620.373520900029689, 1249754.739936422323808 ] ] } },
{ "type": "Feature", "properties": { "element": "way", "id": 789668219, "natural": "cliff" }, "geometry": { "type": "LineString", "coordinates": [ [ 2622695.252030529081821, 1244617.639833071734756 ], [ 2622704.343068851623684, 1244611.337179618421942 ], [ 2622722.018034350126982, 1244606.879621926462278 ], [ 2622860.260604575742036, 1244586.874466525390744 ] ] } },
{ "type": "Feature", "properties": { "element": "way", "id": 793550960, "natural": "cliff" }, "geometry": { "type": "LineString", "coordinates": [ [ 2603435.674260955303907, 1251228.012437926605344 ], [ 2603414.624959614593536, 1251228.000512812053785 ], [ 2603381.420060161501169, 1251236.053762395400554 ], [ 2603351.455701818689704, 1251239.261400222312659 ], [ 2603317.450475865509361, 1251234.406181912869215 ], [ 2603259.149438552092761, 1251245.670726237818599 ], [ 2603212.174429865088314, 1251261.789436373626813 ], [ 2603195.972139520104975, 1251273.088207110064104 ], [ 2603204.869720111601055, 1251288.425091634504497 ], [ 2603187.049450461752713, 1251305.371145085198805 ], [ 2603169.237311852630228, 1251306.973955814260989 ], [ 2603082.577882281970233, 1251342.452321450226009 ], [ 2603005.629772787448019, 1251383.573761242209002 ], [ 2602987.813142805360258, 1251394.872305592289194 ], [ 2602965.124853333923966, 1251429.572620905470103 ], [ 2602952.157618263270706, 1251448.13392125419341 ], [ 2602930.295726320706308, 1251460.231194014428183 ], [ 2602903.557649137917906, 1251490.082201102748513 ], [ 2602859.817468611057848, 1251518.313139406265691 ], [ 2602783.684921300038695, 1251566.709264051401988 ], [ 2602764.240097280126065, 1251592.528296653879806 ], [ 2602769.901484629604965, 1251606.250909763853997 ], [ 2602759.359290041495115, 1251654.677620042348281 ], [ 2602734.244398350827396, 1251686.953944546636194 ], [ 2602718.029029283672571, 1251732.153869590954855 ], [ 2602719.636749752797186, 1251765.242791192373261 ], [ 2602703.421706325374544, 1251810.442766340915114 ] ] } },
{ "type": "Feature", "properties": { "element": "way", "id": 793550961, "natural": "cliff" }, "geometry": { "type": "LineString", "coordinates": [ [ 2602590.469761149492115, 1251818.05416877893731 ], [ 2602581.966064292006195, 1251832.982500491896644 ], [ 2602577.903348630294204, 1251857.196546586463228 ], [ 2602573.435588411055505, 1251893.518311179010198 ], [ 2602569.373172072693706, 1251935.088116683531553 ], [ 2602532.512066692579538, 1251982.692588710226119 ], [ 2602506.190998064819723, 1252000.037457311991602 ], [ 2602484.322045417036861, 1252018.184778379276395 ], [ 2602485.128155319020152, 1252039.977085444144905 ], [ 2602463.660666306503117, 1252054.900324975373223 ], [ 2602430.05548263899982, 1252078.70236254693009 ], [ 2602377.411186837591231, 1252123.066109803039581 ], [ 2602341.779278266243637, 1252160.187659559072927 ], [ 2602329.618254108354449, 1252191.258827008074149 ], [ 2602315.843131278641522, 1252220.70612910320051 ], [ 2602291.140995703171939, 1252251.772639609174803 ], [ 2602282.227430510800332, 1252276.78562247985974 ], [ 2602280.594818000216037, 1252304.225136623019353 ], [ 2602284.232540106400847, 1252322.794165161671117 ], [ 2602291.110584398265928, 1252332.881097743986174 ], [ 2602293.12878260621801, 1252343.777853513136506 ], [ 2602291.510492467321455, 1252353.061082315864041 ], [ 2602284.218509944155812, 1252360.329763972433284 ], [ 2602277.335675920825452, 1252363.151260452345014 ], [ 2602268.024447915609926, 1252362.336157462093979 ], [ 2602265.997983074747026, 1252373.631666727131233 ], [ 2602274.088615840300918, 1252389.778540948173031 ], [ 2602287.846670107450336, 1252404.315382775850594 ], [ 2602305.647045198827982, 1252424.490794378798455 ], [ 2602326.280943758785725, 1252453.962296322453767 ], [ 2602339.632029301952571, 1252466.475562981562689 ], [ 2602336.799000539816916, 1252475.358056020224467 ], [ 2602316.153445478528738, 1252476.962355164112523 ], [ 2602272.842831895686686, 1252472.91012239921838 ], [ 2602214.961316003929824, 1252469.253174302866682 ], [ 2602153.838799777440727, 1252476.491654442623258 ], [ 2602114.569765553344041, 1252480.513940317090601 ], [ 2602080.570115806069225, 1252477.27797689801082 ] ] } },
{ "type": "Feature", "properties": { "element": "way", "id": 793550962, "natural": "cliff" }, "geometry": { "type": "LineString", "coordinates": [ [ 2602649.697438613977283, 1252470.238199261482805 ], [ 2602635.134434108622372, 1252452.475836788536981 ], [ 2602626.635311238002032, 1252441.17589822714217 ], [ 2602627.448453789576888, 1252427.856442828662694 ], [ 2602625.843244860414416, 1252405.663485844153911 ], [ 2602615.732367576565593, 1252387.091456562746316 ], [ 2602607.649404080584645, 1252355.211628781631589 ], [ 2602617.371117123868316, 1252331.40026118257083 ], [ 2602660.698595387861133, 1252298.731060011545196 ], [ 2602697.139290021266788, 1252278.167018846375868 ], [ 2602726.300755438394845, 1252252.352066345512867 ], [ 2602764.773649695795029, 1252211.209266764810309 ], [ 2602797.578505942597985, 1252173.288433609064668 ], [ 2602840.921355124562979, 1252112.368821169016883 ], [ 2602886.696122687775642, 1252049.038009016774595 ], [ 2602930.8459154330194, 1251992.955944600049406 ], [ 2602956.359941704664379, 1251961.903640158707276 ], [ 2602963.257172777783126, 1251931.231466617202386 ], [ 2602982.303582813590765, 1251901.777166032232344 ], [ 2603009.84973557991907, 1251852.55871332786046 ], [ 2603031.32216104445979, 1251831.989343660650775 ], [ 2603070.195177425164729, 1251800.121480779722333 ], [ 2603135.004022180102766, 1251743.250958520453423 ], [ 2603192.929323866497725, 1251676.282062733313069 ], [ 2603280.006158924661577, 1251600.857297689421102 ], [ 2603357.352668563835323, 1251560.940403369022533 ], [ 2603378.008690900169313, 1251546.831611220957711 ], [ 2603402.609840752091259, 1251536.249624770367518 ], [ 2603416.382678489666432, 1251523.237813733983785 ], [ 2603440.371374147944152, 1251514.979372110916302 ], [ 2603458.191429801285267, 1251511.765222046291456 ], [ 2603459.810742291156203, 1251504.294623769586906 ], [ 2603466.293125721160322, 1251505.009911743924022 ], [ 2603471.15013375878334, 1251497.441109386039898 ], [ 2603473.991192545276135, 1251491.494429705431685 ], [ 2603499.497326912824064, 1251482.725657213712111 ], [ 2603522.172545021399856, 1251475.47855643206276 ], [ 2603531.181176249403507, 1251479.619837328325957 ], [ 2603541.203566741198301, 1251479.525638607563451 ], [ 2603559.019093265756965, 1251471.464193655876443 ], [ 2603572.379879006650299, 1251466.924679742427543 ], [ 2603577.841297689825296, 1251471.27518316055648 ], [ 2603584.725611574482173, 1251468.755402058595791 ], [ 2603585.234016041271389, 1251464.108237896580249 ], [ 2603591.816099351271987, 1251462.199794361600652 ], [ 2603599.107183831278235, 1251460.992236028658226 ], [ 2603624.001636713277549, 1251465.95478545082733 ], [ 2603640.092292399145663, 1251465.052760496968403 ], [ 2603642.421927127055824, 1251468.99005768308416 ], [ 2603648.798616233747452, 1251469.794428484514356 ], [ 2603648.695270355325192, 1251465.969657179433852 ], [ 2603663.771210054401308, 1251470.715200036996976 ], [ 2603681.789015625603497, 1251477.786308047128841 ], [ 2603700.104441364295781, 1251479.420785183785483 ], [ 2603708.199517564848065, 1251483.962036005919799 ], [ 2603721.761291010770947, 1251484.070448892423883 ], [ 2603736.945716069079936, 1251484.079832417424768 ], [ 2603746.860319108236581, 1251487.41036413423717 ], [ 2603763.257897665724158, 1251490.455875540152192 ], [ 2603766.693954769987613, 1251486.922387338010594 ], [ 2603789.166993390768766, 1251489.660452931188047 ], [ 2603811.633356572594494, 1251490.986570438370109 ], [ 2603841.609157591126859, 1251491.906172973336652 ], [ 2603843.768406022805721, 1251490.606702834600583 ], [ 2603847.473767705261707, 1251490.887023962335661 ], [ 2603851.201592308934778, 1251491.44532027724199 ], [ 2603852.700283244717866, 1251496.371702421689406 ], [ 2603858.851595424581319, 1251495.475049585802481 ] ] } },
{ "type": "Feature", "properties": { "element": "way", "id": 793558298, "natural": "cliff" }, "geometry": { "type": "LineString", "coordinates": [ [ 2602964.095213651657104, 1253536.025371034396812 ], [ 2602944.634127786383033, 1253607.029149234294891 ], [ 2602930.038170580286533, 1253665.115762505447492 ], [ 2602946.211451440118253, 1253699.012509340187535 ], [ 2602942.956523058936, 1253721.603538968600333 ], [ 2602919.459325849544257, 1253778.885359146399423 ], [ 2602894.346026852726936, 1253824.870201944606379 ], [ 2602848.184516177978367, 1253889.390760936774313 ], [ 2602834.404918358195573, 1253931.345215984387323 ], [ 2602839.250302293803543, 1253958.776617195922881 ] ] } },
{ "type": "Feature", "properties": { "element": "way", "id": 796288729, "natural": "cliff" }, "geometry": { "type": "LineString", "coordinates": [ [ 2603843.768406022805721, 1251490.606702834600583 ], [ 2603845.830814440269023, 1251487.316988772479817 ], [ 2603846.639597841538489, 1251485.338439947925508 ], [ 2603851.635558548383415, 1251485.50840354943648 ], [ 2603852.268271987326443, 1251487.432280566776171 ], [ 2603857.262253864202648, 1251490.693146343808621 ], [ 2603865.518159475643188, 1251491.365532920695841 ], [ 2603869.292133927810937, 1251490.567432657349855 ], [ 2603872.013795980717987, 1251494.894214096246287 ], [ 2603876.159890720620751, 1251490.482896419474855 ], [ 2603878.605453581083566, 1251501.658401424530894 ] ] } },
{ "type": "Feature", "properties": { "element": "way", "id": 796295111, "natural": "cliff" }, "geometry": { "type": "LineString", "coordinates": [ [ 2603315.165820248425007, 1248598.513904117280617 ], [ 2603331.415306804701686, 1248583.768908963771537 ], [ 2603354.879331666976213, 1248562.557133493712172 ], [ 2603369.68222372001037, 1248556.094538083998486 ], [ 2603381.949532478116453, 1248547.10671949852258 ], [ 2603392.782247667200863, 1248538.118121831212193 ], [ 2603400.342449190560728, 1248534.631236595800146 ], [ 2603416.382858918979764, 1248529.792718310141936 ], [ 2603432.661314379423857, 1248531.302898178808391 ], [ 2603460.089562584646046, 1248524.125022126361728 ], [ 2603473.624560798052698, 1248516.93927577836439 ], [ 2603483.01217531086877, 1248513.342363873496652 ], [ 2603497.988894253503531, 1248507.058082131203264 ], [ 2603507.918479816056788, 1248493.399509820621461 ], [ 2603519.289591923356056, 1248493.939794745063409 ], [ 2603533.367332463152707, 1248488.555657483171672 ], [ 2603550.511451195925474, 1248481.905874203424901 ], [ 2603567.3874954986386, 1248468.963055013446137 ], [ 2603570.002238250337541, 1248465.284459594637156 ], [ 2603576.593379485420883, 1248466.455772752640769 ], [ 2603600.325701015535742, 1248453.428163868142292 ], [ 2603619.458063220605254, 1248443.099626584909856 ], [ 2603651.037023730110377, 1248428.186826109187678 ], [ 2603671.075826006010175, 1248417.581048093503341 ], [ 2603701.574727575760335, 1248403.568439521826804 ], [ 2603708.796607097610831, 1248398.269468125887215 ], [ 2603713.487685117870569, 1248395.036942101316527 ], [ 2603720.345485811587423, 1248392.42837605974637 ], [ 2603730.992383514996618, 1248392.168107640463859 ], [ 2603742.543859856203198, 1248382.191073873313144 ], [ 2603757.347681798972189, 1248375.640505187213421 ], [ 2603777.196897078771144, 1248366.925071069272235 ], [ 2603783.245960907079279, 1248365.672497747233137 ], [ 2603793.620517817791551, 1248366.301630726084113 ], [ 2603838.286075907759368, 1248351.409189422614872 ] ] } },
{ "type": "Feature", "properties": { "element": "way", "id": 796894538, "natural": "cliff" }, "geometry": { "type": "LineString", "coordinates": [ [ 2600093.513917953241616, 1249163.389666480245069 ], [ 2600086.424575362820178, 1249161.165992902358994 ], [ 2600078.466981379780918, 1249167.403327189851552 ], [ 2600080.724386223126203, 1249175.764265781501308 ], [ 2600075.492318922188133, 1249184.380917548201978 ], [ 2600067.791452508419752, 1249178.732839908450842 ], [ 2600060.951257385313511, 1249172.995824442943558 ], [ 2600051.914040985051543, 1249169.749315925873816 ], [ 2600046.734836500603706, 1249173.184880760964006 ] ] } },
{ "type": "Feature", "properties": { "element": "way", "id": 796894539, "natural": "cliff" }, "geometry": { "type": "LineString", "coordinates": [ [ 2600045.269919033162296, 1249121.562781787477434 ], [ 2600053.121809186879545, 1249106.008298679022118 ], [ 2600069.618475403171033, 1249095.95735601359047 ], [ 2600085.820745054632425, 1249087.27400536229834 ] ] } },
{ "type": "Feature", "properties": { "element": "way", "id": 796894540, "natural": "cliff" }, "geometry": { "type": "LineString", "coordinates": [ [ 2600108.501090173143893, 1249057.199197025038302 ], [ 2600108.093443930149078, 1249047.91544553800486 ], [ 2600102.219558173790574, 1249039.020803893450648 ], [ 2600104.854599553160369, 1249025.300882585579529 ], [ 2600094.616739852819592, 1249016.750893202610314 ], [ 2600097.946393320336938, 1249000.429299231385812 ], [ 2600088.652267150580883, 1248983.307146102655679 ], [ 2600080.754850493744016, 1248976.058024788741022 ], [ 2600070.547074288595468, 1248974.812774943420663 ], [ 2600067.851669455412775, 1248965.595739267067984 ], [ 2600073.627529681194574, 1248960.703702939674258 ], [ 2600072.313803088851273, 1248954.988917586393654 ], [ 2600062.65714013716206, 1248947.851004018215463 ], [ 2600058.678168534766883, 1248933.641877391142771 ], [ 2600070.47910367930308, 1248927.426754246233031 ], [ 2600070.018538746982813, 1248920.822508983546868 ], [ 2600056.760366985574365, 1248913.551189464516938 ], [ 2600062.830732661765069, 1248911.838964283233508 ], [ 2600058.678094539791346, 1248902.855420465115458 ], [ 2600054.027165335137397, 1248905.479342302540317 ], [ 2600050.923986359499395, 1248895.09490038221702 ], [ 2600049.262923325411975, 1248892.159686820814386 ], [ 2600044.07590364664793, 1248890.747691126773134 ], [ 2600038.300084859132767, 1248910.226909469114617 ], [ 2600034.290931633673608, 1248911.816845151595771 ], [ 2600025.064521469641477, 1248905.479505529394373 ], [ 2600018.586422519758344, 1248904.367735653417185 ], [ 2600014.531900888774544, 1248899.019892305601388 ], [ 2600010.688786926679313, 1248894.472564124967903 ], [ 2600011.088905093260109, 1248890.236503864172846 ], [ 2600008.257539929822087, 1248887.912818335229531 ], [ 2600005.720612679142505, 1248883.876919227885082 ], [ 2600005.524263719562441, 1248880.141187079017982 ] ] } },
{ "type": "Feature", "properties": { "element": "way", "id": 796894541, "natural": "cliff" }, "geometry": { "type": "LineString", "coordinates": [ [ 2600046.734836500603706, 1249173.184880760964006 ], [ 2600043.631743821315467, 1249154.461735728662461 ], [ 2600036.406427703797817, 1249144.811121565522626 ], [ 2600031.95185931911692, 1249127.655667941085994 ], [ 2600024.454654962290078, 1249113.324281706707552 ], [ 2600021.419487027917057, 1249103.429052313324064 ], [ 2600009.271231210324913, 1249070.118853322928771 ], [ 2599991.852910263929516, 1249037.409138307673857 ], [ 2599950.537867286242545, 1248981.295984943397343 ], [ 2599932.311715988907963, 1248974.825562444049865 ], [ 2599925.833502577617764, 1248966.753863233374432 ], [ 2599915.10469738766551, 1248964.741734527749941 ], [ 2599913.888478694483638, 1248940.715208811685443 ], [ 2599903.967381462454796, 1248934.856161258881912 ], [ 2599895.458797711879015, 1248950.59986488847062 ], [ 2599886.949866285547614, 1248953.835539523512125 ], [ 2599883.710512909572572, 1248943.340005548438057 ], [ 2599877.23222522996366, 1248936.068874857155606 ], [ 2599864.268678539898247, 1248939.304730896372348 ], [ 2599852.120323321782053, 1248936.069758241530508 ], [ 2599828.427430221810937, 1248925.77518191956915 ], [ 2599816.074804707895964, 1248914.068179043009877 ], [ 2599806.145970182493329, 1248907.197534738574177 ], [ 2599796.631386019755155, 1248879.135489403503016 ], [ 2599788.733452478889376, 1248871.464266037335619 ], [ 2599777.589183308649808, 1248869.852664303034544 ], [ 2599758.554749832022935, 1248865.817717351019382 ], [ 2599736.076836411841214, 1248852.499282558215782 ], [ 2599725.136682670563459, 1248856.12446671561338 ], [ 2599716.838533824309707, 1248849.676371454726905 ], [ 2599713.394889341201633, 1248837.95793786062859 ] ] } },
{ "type": "Feature", "properties": { "element": "way", "id": 796894542, "natural": "cliff" }, "geometry": { "type": "LineString", "coordinates": [ [ 2599962.256787595804781, 1249445.550124256173149 ], [ 2599958.081577000208199, 1249429.061803077347577 ], [ 2599952.260587409604341, 1249415.086248744046316 ], [ 2599936.979827522300184, 1249396.35228949948214 ], [ 2599949.503848998807371, 1249360.150920144049451 ], [ 2599967.35817294428125, 1249327.918706163065508 ], [ 2599982.5403320658952, 1249311.563478836091235 ], [ 2600000.364990501198918, 1249296.220020777545869 ], [ 2600027.483402414713055, 1249271.715084563940763 ], [ 2600058.324063395150006, 1249239.483067507855594 ], [ 2600069.837497886270285, 1249236.97032174654305 ] ] } },
{ "type": "Feature", "properties": { "element": "way", "id": 796894544, "natural": "cliff" }, "geometry": { "type": "LineString", "coordinates": [ [ 2600285.197669149842113, 1249385.93671385711059 ], [ 2600284.615988310892135, 1249396.032084733247757 ], [ 2600286.563552468083799, 1249402.43627999862656 ], [ 2600289.673711583018303, 1249409.818926535313949 ], [ 2600290.262350744567811, 1249416.022944729309529 ], [ 2600291.228495012037456, 1249421.459816110320389 ], [ 2600291.039584283716977, 1249426.118365875212476 ], [ 2600293.764843699987978, 1249429.609604957280681 ], [ 2600292.987037747632712, 1249435.046412018593401 ], [ 2600290.261423947289586, 1249441.261426616925746 ], [ 2600289.672396816313267, 1249445.71983306366019 ], [ 2600290.842438194900751, 1249449.411143182078376 ], [ 2600289.475810417439789, 1249453.880639450857416 ], [ 2600286.365198269486427, 1249459.695384194841608 ], [ 2600280.914320105686784, 1249463.386457430198789 ] ] } },
{ "type": "Feature", "properties": { "element": "way", "id": 796894545, "natural": "cliff" }, "geometry": { "type": "LineString", "coordinates": [ [ 2600177.71852279221639, 1249551.896329102572054 ], [ 2600172.267572581302375, 1249568.973910183180124 ], [ 2600171.489618589170277, 1249591.099271722370759 ], [ 2600165.64616371691227, 1249607.787714465754107 ], [ 2600158.247904398944229, 1249602.350764528848231 ], [ 2600154.745465470477939, 1249569.751921470975503 ], [ 2600145.792377927340567, 1249531.705057981889695 ], [ 2600135.668900421820581, 1249503.753594278590754 ], [ 2600129.433223265223205, 1249485.508440506178886 ], [ 2600120.47966150008142, 1249470.365270546870306 ], [ 2600113.858855148311704, 1249455.233248726464808 ], [ 2600105.290270309429616, 1249433.485850814031437 ], [ 2600103.735106169711798, 1249425.336147672263905 ], [ 2600098.676950328983366, 1249414.473570087226108 ], [ 2600091.278433638624847, 1249394.28275833860971 ], [ 2600085.435076331719756, 1249379.917934786062688 ], [ 2600081.932068062014878, 1249371.379095263779163 ] ] } },
{ "type": "Feature", "properties": { "element": "way", "id": 796894872, "natural": "cliff" }, "geometry": { "type": "LineString", "coordinates": [ [ 2599972.419221764896065, 1249490.62343064066954 ], [ 2599965.737517240457237, 1249467.408588538179174 ], [ 2599964.318088442087173, 1249460.748767642071471 ], [ 2599959.056020586751401, 1249457.724695744458586 ], [ 2599939.562622246332467, 1249433.353845121106133 ], [ 2599920.174921293742955, 1249415.331591764232144 ], [ 2599922.197311643511057, 1249380.208915448281914 ], [ 2599932.320797991473228, 1249357.19384304038249 ], [ 2599948.521485019475222, 1249316.811919631902128 ], [ 2599969.207127404399216, 1249286.970084254164249 ], [ 2599991.833487569354475, 1249273.038539553061128 ], [ 2600022.636202909052372, 1249241.317777280230075 ], [ 2600037.010908186435699, 1249225.162829352309927 ], [ 2600042.069171970710158, 1249203.971383276861161 ], [ 2600048.207151618320495, 1249194.465236312011257 ], [ 2600047.218085377942771, 1249186.2377232410945 ], [ 2600046.734836500603706, 1249173.184880760964006 ] ] } },
{ "type": "Feature", "properties": { "element": "way", "id": 796894873, "natural": "cliff" }, "geometry": { "type": "LineString", "coordinates": [ [ 2600036.338412186130881, 1249134.081996242748573 ], [ 2600048.251942042727023, 1249072.342215184355155 ], [ 2600043.797273027244955, 1249038.831792454002425 ] ] } },
{ "type": "Feature", "properties": { "element": "way", "id": 796927616, "natural": "cliff" }, "geometry": { "type": "LineString", "coordinates": [ [ 2598874.040581183508039, 1255308.240975752705708 ], [ 2598888.199055794160813, 1255318.422632445581257 ], [ 2598894.881460748147219, 1255319.210708039579913 ], [ 2598900.787342556752264, 1255321.555529690347612 ], [ 2598906.687535148579627, 1255333.317695524310693 ], [ 2598916.5152498614043, 1255335.672879190417007 ], [ 2598927.528571602422744, 1255345.866365280002356 ], [ 2598940.114825711585581, 1255338.803716958966106 ], [ 2598955.055259578395635, 1255337.233170243678614 ], [ 2598963.705364036839455, 1255334.096134867053479 ], [ 2598971.180894208606333, 1255341.544106776127592 ], [ 2598972.359343601856381, 1255351.728398831095546 ], [ 2598977.081724310293794, 1255357.609188439091668 ], [ 2598976.691721794195473, 1255369.372594500891864 ], [ 2598970.788547882344574, 1255381.137026095297188 ], [ 2598964.50061027193442, 1255392.112125183222815 ], [ 2598968.439996482804418, 1255405.442426408175379 ], [ 2598983.383158355485648, 1255419.548985344357789 ], [ 2598998.325396172236651, 1255428.963590502971783 ], [ 2599010.912614354398102, 1255427.782758907182142 ], [ 2599023.493477744050324, 1255433.261915809474885 ], [ 2599030.579879160504788, 1255459.144450179999694 ], [ 2599044.737722909543663, 1255469.326486201025546 ], [ 2599061.255779260303825, 1255477.562420439440757 ], [ 2599074.228997668251395, 1255485.009587570326403 ], [ 2599084.063474144786596, 1255484.60766977048479 ], [ 2599110.015544489491731, 1255488.52820505737327 ], [ 2599131.256440830882639, 1255508.126641688635573 ], [ 2599141.478232948575169, 1255524.980619780020788 ], [ 2599136.375120053067803, 1255541.837024031439796 ], [ 2599124.574662784580141, 1255556.737653417279944 ], [ 2599126.152831688057631, 1255568.88988750660792 ], [ 2599131.268615243025124, 1255584.566112959524617 ], [ 2599136.382881700526923, 1255590.836117811733857 ], [ 2599145.034250299446285, 1255597.505835958290845 ], [ 2599152.108594319783151, 1255599.072434277506545 ] ] } },
{ "type": "Feature", "properties": { "element": "way", "id": 796927617, "natural": "cliff" }, "geometry": { "type": "LineString", "coordinates": [ [ 2598743.443603988736868, 1255145.961640121880919 ], [ 2598750.528240620158613, 1255156.933967600110918 ], [ 2598762.718594821635634, 1255166.33746798010543 ], [ 2598769.411581253632903, 1255180.056164395296946 ], [ 2598779.241750965826213, 1255192.217597663635388 ], [ 2598781.997220223303884, 1255203.969205121742561 ] ] } },
{ "type": "Feature", "properties": { "element": "way", "id": 798225557, "natural": "cliff" }, "geometry": { "type": "LineString", "coordinates": [ [ 2595707.155461020302027, 1253388.855108632938936 ], [ 2595688.13577276468277, 1253388.869177665328607 ], [ 2595663.855434533208609, 1253396.147543497849256 ], [ 2595648.487003384623677, 1253405.843147932318971 ], [ 2595635.54615206643939, 1253423.208668986335397 ], [ 2595625.850386885926127, 1253441.772566165309399 ], [ 2595600.771327367518097, 1253459.947828964795917 ] ] } },
{ "type": "Feature", "properties": { "element": "way", "id": 798225558, "natural": "cliff" }, "geometry": { "type": "LineString", "coordinates": [ [ 2595446.362514905165881, 1253193.369524062611163 ], [ 2595482.828678667545319, 1253235.301942866761237 ], [ 2595498.205963843502104, 1253246.58632183005102 ], [ 2595534.261548270005733, 1253285.295045487117022 ], [ 2595561.802221231628209, 1253308.678207451943308 ], [ 2595584.484578336589038, 1253332.865708531579003 ], [ 2595589.75292954640463, 1253345.770176068646833 ] ] } },
{ "type": "Feature", "properties": { "element": "way", "id": 798225559, "natural": "cliff" }, "geometry": { "type": "LineString", "coordinates": [ [ 2595338.696125445887446, 1253180.535140732536092 ], [ 2595360.163580163847655, 1253202.710316511336714 ], [ 2595390.538746183738112, 1253231.338302161777392 ], [ 2595395.413483730051666, 1253251.503218633588403 ], [ 2595388.145014140754938, 1253266.841242072638124 ], [ 2595353.358761753886938, 1253297.94482098473236 ], [ 2595343.669809769373387, 1253324.180865274509415 ], [ 2595317.776948250830173, 1253343.158497693017125 ] ] } },
{ "type": "Feature", "properties": { "element": "way", "id": 798225564, "natural": "cliff" }, "geometry": { "type": "LineString", "coordinates": [ [ 2595278.284770327620208, 1252547.080416616750881 ], [ 2595232.12018375005573, 1252527.749802712351084 ], [ 2595235.753817210905254, 1252514.427017336245626 ], [ 2595256.393700421787798, 1252508.361780867446214 ], [ 2595294.440688520204276, 1252510.743613168830052 ] ] } },
{ "type": "Feature", "properties": { "element": "way", "id": 798225565, "natural": "cliff" }, "geometry": { "type": "LineString", "coordinates": [ [ 2594998.904661684762686, 1252453.285354520659894 ], [ 2595061.230416303034872, 1252442.336220477940515 ], [ 2595097.667213805485517, 1252449.576880432898179 ], [ 2595129.263499203603715, 1252470.530762155307457 ], [ 2595163.286068480927497, 1252496.730672179488465 ] ] } },
{ "type": "Feature", "properties": { "element": "way", "id": 798225566, "natural": "cliff" }, "geometry": { "type": "LineString", "coordinates": [ [ 2594783.264962259214371, 1252572.918946087826043 ], [ 2594786.076148294843733, 1252552.336317355744541 ], [ 2594797.808417496271431, 1252542.641738052945584 ], [ 2594819.652918449603021, 1252525.677894445136189 ] ] } },
{ "type": "Feature", "properties": { "element": "way", "id": 798225567, "natural": "cliff" }, "geometry": { "type": "LineString", "coordinates": [ [ 2594517.302216880023479, 1252543.710159929469228 ], [ 2594554.131433400791138, 1252542.864045784343034 ], [ 2594594.204148279037327, 1252540.814371484331787 ], [ 2594630.642764918971807, 1252550.064581452636048 ], [ 2594663.03150830231607, 1252561.731406034668908 ], [ 2594680.04691614722833, 1252570.188073446275666 ] ] } },
{ "type": "Feature", "properties": { "element": "way", "id": 798225569, "natural": "cliff" }, "geometry": { "type": "LineString", "coordinates": [ [ 2594805.850212265271693, 1252481.294496076181531 ], [ 2594815.961412503384054, 1252472.813301187939942 ], [ 2594824.659962150268257, 1252470.993282834533602 ], [ 2594825.86980575369671, 1252465.344075708184391 ], [ 2594836.597793693188578, 1252463.110895459074527 ], [ 2594845.294045242946595, 1252458.666973379440606 ], [ 2594858.650265770498663, 1252459.055447417544201 ], [ 2594867.155145900323987, 1252460.059729218715802 ], [ 2594875.853368589654565, 1252457.828406699001789 ] ] } },
{ "type": "Feature", "properties": { "element": "way", "id": 798225570, "natural": "cliff" }, "geometry": { "type": "LineString", "coordinates": [ [ 2594787.868294464889914, 1252514.409935442265123 ], [ 2594799.396543222013861, 1252504.304162803338841 ], [ 2594804.442956006154418, 1252494.015169632155448 ], [ 2594810.717340826056898, 1252489.973615118535236 ], [ 2594823.459967179223895, 1252487.73861912637949 ], [ 2594836.611364861018956, 1252478.443121096352115 ], [ 2594848.753052990883589, 1252479.244027770590037 ], [ 2594861.297217880841345, 1252474.385352371493354 ], [ 2594877.076378501951694, 1252467.111174362013116 ], [ 2594898.330431110691279, 1252464.668739679269493 ], [ 2594907.038707491010427, 1252473.944971010321751 ], [ 2594912.917509892489761, 1252483.423813425237313 ], [ 2594927.692785119172186, 1252484.42271630698815 ], [ 2594941.853530346415937, 1252481.586349977878854 ], [ 2594963.71608846122399, 1252484.791756366379559 ], [ 2594986.179158229846507, 1252484.37213718611747 ], [ 2594991.241767573636025, 1252483.756275649182498 ] ] } },
{ "type": "Feature", "properties": { "element": "way", "id": 800422854, "natural": "cliff" }, "geometry": { "type": "LineString", "coordinates": [ [ 2636442.604933340568095, 1250120.519727230304852 ], [ 2636442.629503010306507, 1250143.546298098983243 ], [ 2636444.882742234971374, 1250152.777385064633563 ], [ 2636447.314207301475108, 1250160.030474856495857 ], [ 2636450.025183945894241, 1250175.846532286144793 ], [ 2636451.63178621372208, 1250183.428109449334443 ], [ 2636449.275962952058762, 1250189.662228506989777 ], [ 2636448.245618576183915, 1250196.404828081605956 ], [ 2636450.840122356079519, 1250204.148136690724641 ], [ 2636453.410288012120873, 1250215.849485085578635 ], [ 2636457.261996706482023, 1250233.974091932643205 ], [ 2636460.978602836374193, 1250242.146807988872752 ], [ 2636458.754339393693954, 1250253.996579162077978 ], [ 2636451.369616699870676, 1250266.604041946819052 ], [ 2636427.350693901535124, 1250304.492861242033541 ], [ 2636419.289212586823851, 1250308.090215923963115 ], [ 2636414.85094415768981, 1250330.155436037108302 ] ] } },
{ "type": "Feature", "properties": { "element": "way", "id": 806120037, "natural": "cliff" }, "geometry": { "type": "LineString", "coordinates": [ [ 2614244.043676227796823, 1260080.213460953440517 ], [ 2614248.203930045012385, 1260073.774623493663967 ], [ 2614256.597528994083405, 1260071.270834079710767 ], [ 2614263.770871969871223, 1260071.666093389736488 ] ] } },
{ "type": "Feature", "properties": { "element": "way", "id": 806120038, "natural": "cliff" }, "geometry": { "type": "LineString", "coordinates": [ [ 2614331.411030488554388, 1260101.082116664852947 ], [ 2614338.367431227583438, 1260110.16061052842997 ], [ 2614344.210428579244763, 1260118.435880335979164 ], [ 2614349.648404986131936, 1260125.90963443252258 ] ] } },
{ "type": "Feature", "properties": { "element": "way", "id": 806120039, "natural": "cliff" }, "geometry": { "type": "LineString", "coordinates": [ [ 2614319.5716194617562, 1260110.615596800111234 ], [ 2614323.2941266563721, 1260116.973324768710881 ], [ 2614334.70350302150473, 1260120.125196347013116 ], [ 2614340.557423648890108, 1260123.875197426648811 ] ] } },
{ "type": "Feature", "properties": { "element": "way", "id": 806120040, "natural": "cliff" }, "geometry": { "type": "LineString", "coordinates": [ [ 2614277.898771381471306, 1260038.077245520194992 ], [ 2614277.783480904996395, 1260045.281853400170803 ], [ 2614285.928564724046737, 1260061.523552486905828 ], [ 2614288.331906317267567, 1260071.191441964823753 ], [ 2614290.446858164388686, 1260075.432737010298297 ], [ 2614291.765670266933739, 1260078.560251692077145 ], [ 2614295.983284554444253, 1260082.751016267342493 ], [ 2614299.714803843293339, 1260085.384002203121781 ], [ 2614303.247974742203951, 1260089.017191414488479 ], [ 2614305.255477724131197, 1260094.058776151854545 ], [ 2614311.709183284081519, 1260099.111075379187241 ], [ 2614314.741531391628087, 1260101.041910931235179 ] ] } },
{ "type": "Feature", "properties": { "element": "way", "id": 806120041, "natural": "cliff" }, "geometry": { "type": "LineString", "coordinates": [ [ 2614364.067385169211775, 1260626.339857219485566 ], [ 2614362.13768764026463, 1260645.303641064325348 ], [ 2614350.40212361747399, 1260649.711616709595546 ] ] } },
{ "type": "Feature", "properties": { "element": "way", "id": 806120042, "natural": "cliff" }, "geometry": { "type": "LineString", "coordinates": [ [ 2614358.719140057452023, 1260426.146447989856824 ], [ 2614358.779495660681278, 1260444.814829998183995 ], [ 2614363.821124060079455, 1260463.361836606170982 ], [ 2614370.172353205736727, 1260476.319329284131527 ], [ 2614373.93340619513765, 1260491.538766505895182 ], [ 2614371.381938203703612, 1260521.408446258865297 ], [ 2614374.420311158522964, 1260548.767721555428579 ], [ 2614371.755215086508542, 1260578.892860622145236 ], [ 2614372.14788642572239, 1260597.228495870484039 ], [ 2614366.623668186366558, 1260622.47674449137412 ] ] } },
{ "type": "Feature", "properties": { "element": "way", "id": 806120043, "natural": "cliff" }, "geometry": { "type": "LineString", "coordinates": [ [ 2614323.599632254801691, 1260390.215062153758481 ], [ 2614330.160400419961661, 1260394.478220158722252 ], [ 2614332.537297141272575, 1260393.160835911752656 ], [ 2614334.500919593963772, 1260391.353233847767115 ], [ 2614337.707716486882418, 1260392.750808629905805 ], [ 2614338.494244129862636, 1260397.82281768321991 ], [ 2614342.099481316283345, 1260399.610510176979005 ], [ 2614344.825592971872538, 1260397.226582748116925 ], [ 2614344.970660903956741, 1260393.32428279472515 ], [ 2614339.815385017544031, 1260387.463414973579347 ], [ 2614341.170966041274369, 1260384.687023253412917 ], [ 2614352.256688300520182, 1260384.346891094697639 ], [ 2614358.916675962973386, 1260391.200969044817612 ], [ 2614360.530598386656493, 1260400.010852369014174 ], [ 2614363.652077698614448, 1260405.522140074288473 ] ] } },
{ "type": "Feature", "properties": { "element": "way", "id": 806120044, "natural": "cliff" }, "geometry": { "type": "LineString", "coordinates": [ [ 2614258.479761077556759, 1260225.80239704856649 ], [ 2614273.839576821774244, 1260237.591716362163424 ], [ 2614284.197831402998418, 1260239.039811158552766 ], [ 2614291.053941548801959, 1260236.521253210492432 ], [ 2614293.749930405523628, 1260243.543614222668111 ], [ 2614296.198880005627871, 1260253.011486435309052 ], [ 2614303.136350360233337, 1260260.511048402171582 ], [ 2614310.831279993522912, 1260275.773267220705748 ], [ 2614313.07288209348917, 1260280.581930006388575 ], [ 2614306.722214915789664, 1260282.89042584807612 ], [ 2614315.841048942413181, 1260292.029702162137255 ], [ 2614321.236048800870776, 1260311.022261413512751 ], [ 2614321.572231684811413, 1260315.359349287347868 ], [ 2614330.561526349745691, 1260318.816701967502013 ], [ 2614334.418149795383215, 1260331.990503436652943 ], [ 2614333.498848902527243, 1260335.090390488505363 ], [ 2614336.843020950909704, 1260342.025388844311237 ], [ 2614333.893287445418537, 1260343.385863065719604 ], [ 2614329.037983675953001, 1260341.228243591729552 ], [ 2614325.938186415471137, 1260336.072824843460694 ], [ 2614324.826372915878892, 1260331.511492111254483 ], [ 2614320.26631266111508, 1260325.663197169546038 ], [ 2614316.197425034362823, 1260316.124695098027587 ], [ 2614314.585163610056043, 1260312.840803916100413 ] ] } },
{ "type": "Feature", "properties": { "element": "way", "id": 806120045, "natural": "cliff" }, "geometry": { "type": "LineString", "coordinates": [ [ 2614872.641154279001057, 1260253.237666063709185 ], [ 2614879.8873570417054, 1260266.553739660419524 ], [ 2614886.338348479010165, 1260272.418326294748113 ], [ 2614899.269090293906629, 1260275.675173813709989 ], [ 2614909.974831378553063, 1260276.702729387674481 ], [ 2614918.680155617184937, 1260273.099914520978928 ] ] } },
{ "type": "Feature", "properties": { "element": "way", "id": 806120046, "natural": "cliff" }, "geometry": { "type": "LineString", "coordinates": [ [ 2615025.685056667309254, 1260241.537042293231934 ], [ 2615037.016019548289478, 1260236.729113790905103 ], [ 2615049.948438358493149, 1260236.350493178004399 ], [ 2615066.511776420287788, 1260242.441055918578058 ], [ 2615074.965307782869786, 1260254.959889945806935 ] ] } },
{ "type": "Feature", "properties": { "element": "way", "id": 806120047, "natural": "cliff" }, "geometry": { "type": "LineString", "coordinates": [ [ 2614986.544093823060393, 1259802.651612076209858 ], [ 2614960.461869488935918, 1259814.160344884032384 ], [ 2614929.883768294937909, 1259824.390360694145784 ], [ 2614905.01389130577445, 1259836.380488886032254 ], [ 2614849.566110820509493, 1259870.742716082371771 ] ] } },
{ "type": "Feature", "properties": { "element": "way", "id": 806120048, "natural": "cliff" }, "geometry": { "type": "LineString", "coordinates": [ [ 2614985.41225153952837, 1259940.553337422199547 ], [ 2614990.661495159380138, 1259903.130097517510876 ], [ 2614985.174258735496551, 1259894.510411947034299 ], [ 2614966.677513412199914, 1259883.656431128503755 ], [ 2614947.892348686233163, 1259879.573038793867454 ], [ 2614933.174427980557084, 1259876.411663494305685 ], [ 2614918.360532037913799, 1259872.449541195761412 ], [ 2614908.586120176129043, 1259878.395703623536974 ], [ 2614897.088739461731166, 1259874.208471574820578 ], [ 2614895.864881698973477, 1259890.416388692334294 ], [ 2614887.494225949980319, 1259892.574649284593761 ] ] } },
{ "type": "Feature", "properties": { "element": "way", "id": 806120069, "natural": "cliff" }, "geometry": { "type": "LineString", "coordinates": [ [ 2615123.954767339862883, 1260225.664514725562185 ], [ 2615145.38619742449373, 1260222.895011454354972 ] ] } },
{ "type": "Feature", "properties": { "element": "way", "id": 806120070, "natural": "cliff" }, "geometry": { "type": "LineString", "coordinates": [ [ 2615218.575195849873126, 1260216.633359419647604 ], [ 2615220.200255620293319, 1260211.800908468430862 ], [ 2615233.154742506798357, 1260205.78558477316983 ], [ 2615240.424997481517494, 1260209.440046626375988 ] ] } },
{ "type": "Feature", "properties": { "element": "way", "id": 806120071, "natural": "cliff" }, "geometry": { "type": "LineString", "coordinates": [ [ 2615254.168992196209729, 1260207.051479011075571 ], [ 2615255.39571432583034, 1260201.817742510000244 ], [ 2615274.005511147435755, 1260197.429249668959528 ], [ 2615287.34805892361328, 1260195.851388497976586 ], [ 2615308.375058292411268, 1260195.105030850507319 ], [ 2615318.872980403713882, 1260200.769272211939096 ], [ 2615327.320841930340976, 1260215.300929850665852 ], [ 2615335.782430571503937, 1260227.419886342482641 ], [ 2615375.211175823118538, 1260299.659759791800752 ] ] } },
{ "type": "Feature", "properties": { "element": "way", "id": 806120072, "natural": "cliff" }, "geometry": { "type": "LineString", "coordinates": [ [ 2615524.151293931063265, 1260231.934476684313267 ], [ 2615525.413030645810068, 1260213.40296748210676 ], [ 2615527.909157818648964, 1260186.802540836157277 ], [ 2615529.556614972651005, 1260173.508932901313528 ], [ 2615525.532144525554031, 1260167.861244945088401 ], [ 2615529.18988018669188, 1260161.021718413569033 ], [ 2615533.667695796582848, 1260148.936333018355072 ], [ 2615544.585966608021408, 1260146.552165593020618 ], [ 2615553.876796069554985, 1260149.800914048915729 ] ] } },
{ "type": "Feature", "properties": { "element": "way", "id": 806120073, "natural": "cliff" }, "geometry": { "type": "LineString", "coordinates": [ [ 2615499.019660625141114, 1260413.625620888313279 ], [ 2615501.884427469223738, 1260398.722968188114464 ], [ 2615507.158817791379988, 1260390.275439118267968 ] ] } },
{ "type": "Feature", "properties": { "element": "way", "id": 806120074, "natural": "cliff" }, "geometry": { "type": "LineString", "coordinates": [ [ 2615492.882014472037554, 1260441.017115966416895 ], [ 2615489.673480251338333, 1260431.735772484913468 ], [ 2615497.763300507795066, 1260430.1446817452088 ] ] } },
{ "type": "Feature", "properties": { "element": "way", "id": 807376964, "natural": "cliff" }, "geometry": { "type": "LineString", "coordinates": [ [ 2629063.019851620309055, 1246030.295776817714795 ], [ 2629064.700048591475934, 1246026.557134081376716 ], [ 2629062.799820197746158, 1246021.233284068759531 ], [ 2629058.79910295875743, 1246017.544662472326308 ], [ 2629053.562360373325646, 1246014.817287279758602 ], [ 2629040.698758162558079, 1246016.155259872321039 ], [ 2629037.007985277101398, 1246020.139796808594838 ], [ 2629036.105307647027075, 1246025.538876543287188 ], [ 2629029.555323090404272, 1246024.117059801938012 ], [ 2629024.47312679188326, 1246025.315226226113737 ], [ 2629016.065428187139332, 1246028.409491725964472 ], [ 2629010.467561170924455, 1246028.471083322539926 ], [ 2629006.61040606116876, 1246029.408411723561585 ], [ 2629001.855988805182278, 1246036.189586082240567 ], [ 2628998.343663619365543, 1246039.218844905728474 ], [ 2628988.439029023051262, 1246042.57267775433138 ] ] } },
{ "type": "Feature", "properties": { "element": "way", "id": 807376965, "natural": "cliff" }, "geometry": { "type": "LineString", "coordinates": [ [ 2628970.760173973161727, 1246046.155427064280957 ], [ 2628965.671228584367782, 1246048.743398591177538 ], [ 2628965.744029675144702, 1246052.401674900669605 ], [ 2628969.390522507019341, 1246057.478293144609779 ], [ 2628971.657396432477981, 1246058.890260263578966 ], [ 2628974.887460458558053, 1246059.517529314616695 ] ] } },
{ "type": "Feature", "properties": { "element": "way", "id": 814856575, "natural": "cliff" }, "geometry": { "type": "LineString", "coordinates": [ [ 2615917.651588905137032, 1248403.102974052773789 ], [ 2615914.380465703550726, 1248400.87056348985061 ], [ 2615911.22444727551192, 1248397.949129257816821 ], [ 2615908.659594506956637, 1248394.206525271991268 ], [ 2615907.38813908630982, 1248389.64462904073298 ], [ 2615909.040717673487961, 1248384.401220936793834 ], [ 2615910.926127494312823, 1248379.625404056161642 ], [ 2615907.785738841630518, 1248370.855798135045916 ], [ 2615900.659113235305995, 1248364.654976088786498 ], [ 2615899.033346606884152, 1248359.869769176701084 ] ] } },
{ "type": "Feature", "properties": { "element": "way", "id": 814856576, "natural": "cliff" }, "geometry": { "type": "LineString", "coordinates": [ [ 2615838.533747833222151, 1248351.825481823645532 ], [ 2615847.290333595592529, 1248352.782743629533798 ], [ 2615858.891500673256814, 1248357.372162146493793 ], [ 2615867.313580226618797, 1248359.173550914041698 ], [ 2615871.605630846228451, 1248360.841627300484106 ], [ 2615876.233997558709234, 1248363.811443371232599 ], [ 2615879.084145283792168, 1248365.353375165257603 ], [ 2615879.101613883394748, 1248370.123164003249258 ], [ 2615880.508585739415139, 1248372.017028409056365 ], [ 2615883.889586270786822, 1248375.528315719217062 ], [ 2615885.047205592039973, 1248380.312268221750855 ], [ 2615888.245729915332049, 1248384.290038520470262 ], [ 2615891.736471596639603, 1248386.289537443779409 ], [ 2615896.506786606740206, 1248386.991619644453749 ], [ 2615898.113073558546603, 1248387.763074732851237 ], [ 2615898.017321258317679, 1248389.686281370930374 ], [ 2615898.363801279105246, 1248392.833681111223996 ], [ 2615899.397470583673567, 1248398.784724870696664 ], [ 2615899.042313585057855, 1248401.707883377792314 ], [ 2615900.936123474966735, 1248402.257742307381704 ], [ 2615901.392266930546612, 1248403.926704118261114 ], [ 2615902.648324835114181, 1248408.599740877514705 ], [ 2615904.166729038581252, 1248411.172124301549047 ], [ 2615902.757573507726192, 1248412.925044560804963 ] ] } },
{ "type": "Feature", "properties": { "element": "way", "id": 814859386, "natural": "cliff" }, "geometry": { "type": "LineString", "coordinates": [ [ 2615894.189389733597636, 1248443.22169479331933 ], [ 2615894.188422813080251, 1248454.884770825272426 ], [ 2615902.067318609915674, 1248467.747450034366921 ], [ 2615895.360387861263007, 1248471.242897684220225 ], [ 2615891.967221733182669, 1248480.784435089444742 ], [ 2615884.995857022702694, 1248484.345897642895579 ], [ 2615876.563234413042665, 1248483.734110829653218 ], [ 2615833.831240358296782, 1248478.794852518243715 ] ] } },
{ "type": "Feature", "properties": { "element": "way", "id": 828492220, "natural": "cliff" }, "geometry": { "type": "LineString", "coordinates": [ [ 2619408.187252686358988, 1246995.27124610892497 ], [ 2619436.954012017697096, 1246995.76550685800612 ], [ 2619466.515682761091739, 1247000.298438523663208 ], [ 2619482.295964700635523, 1247006.409594035707414 ], [ 2619506.937929762527347, 1247027.904185315361246 ] ] } },
{ "type": "Feature", "properties": { "element": "way", "id": 828492221, "natural": "cliff" }, "geometry": { "type": "LineString", "coordinates": [ [ 2619131.163961180951446, 1246963.675644187256694 ], [ 2619175.320669079665095, 1246965.029819278977811 ], [ 2619195.952239908277988, 1246975.191788991214707 ], [ 2619228.345116836950183, 1246980.144049996277317 ], [ 2619257.504100828897208, 1246985.486267312429845 ], [ 2619366.877555610612035, 1246989.477306511020288 ] ] } },
{ "type": "Feature", "properties": { "element": "way", "id": 829497944, "natural": "cliff" }, "geometry": { "type": "LineString", "coordinates": [ [ 2622844.324291079770774, 1245107.979549547890201 ], [ 2622828.081610210705549, 1245115.599820671603084 ], [ 2622826.433779223356396, 1245123.676439141156152 ], [ 2622825.593021475244313, 1245130.132897645467892 ], [ 2622808.517243205569685, 1245144.209710762137547 ], [ 2622797.123113758862019, 1245156.284851234871894 ], [ 2622793.045741737354547, 1245163.540528869023547 ], [ 2622789.354850579053164, 1245174.433351219864562 ], [ 2622788.915883169975132, 1245182.514617477776483 ], [ 2622790.108993631787598, 1245188.578626190777868 ] ] } },
{ "type": "Feature", "properties": { "element": "way", "id": 829497945, "natural": "cliff" }, "geometry": { "type": "LineString", "coordinates": [ [ 2622297.779574044514447, 1245165.297153973486274 ], [ 2622334.267236088402569, 1245160.186374094104394 ], [ 2622358.556360490154475, 1245168.360657890560105 ], [ 2622431.137489506974816, 1245158.527720964513719 ], [ 2622450.204932511318475, 1245154.964066702174023 ], [ 2622450.243071258999407, 1245144.868865199387074 ], [ 2622447.825643325224519, 1245140.812700140522793 ], [ 2622474.99672518344596, 1245136.067856427514926 ], [ 2622478.199603694491088, 1245146.186434596544132 ], [ 2622480.613980330061167, 1245151.043112647021189 ], [ 2622517.509792515542358, 1245147.947403139667585 ], [ 2622539.405977451242507, 1245143.58312508626841 ], [ 2622567.001981727778912, 1245134.393025903962553 ], [ 2622604.712465849239379, 1245129.688810752239078 ], [ 2622620.516035242937505, 1245130.160322485025972 ] ] } },
{ "type": "Feature", "properties": { "element": "way", "id": 829499293, "natural": "cliff" }, "geometry": { "type": "LineString", "coordinates": [ [ 2622887.5631994898431, 1244562.463907551718876 ], [ 2622891.419959096703678, 1244559.654737838543952 ], [ 2622896.08032285515219, 1244560.072946907021105 ], [ 2622899.307735788170248, 1244563.721036258619279 ] ] } },
{ "type": "Feature", "properties": { "element": "way", "id": 830798154, "natural": "cliff" }, "geometry": { "type": "LineString", "coordinates": [ [ 2633961.182475093286484, 1250798.75032649631612 ], [ 2633969.098619170952588, 1250830.683515497948974 ], [ 2633975.863063781987876, 1250851.513858324149624 ], [ 2633980.021688444074243, 1250868.693529258482158 ], [ 2633980.576896538026631, 1250877.180125477025285 ], [ 2633975.942953679710627, 1250881.045049092499539 ], [ 2633968.035324082709849, 1250885.858533252961934 ], [ 2633962.40035514999181, 1250889.228519723052159 ], [ 2633964.254712291527539, 1250898.878879175521433 ], [ 2633966.45236573042348, 1250903.939265295863152 ], [ 2633958.345628641545773, 1250905.304887068690732 ], [ 2633951.445985876955092, 1250908.089480167021975 ], [ 2633939.518646873533726, 1250904.418811784591526 ], [ 2633922.902472363784909, 1250908.9379149726592 ], [ 2633910.662693117279559, 1250904.464985611150041 ], [ 2633904.417323086876422, 1250901.071489158086479 ], [ 2633897.04263888578862, 1250898.494313025614247 ], [ 2633891.200536132324487, 1250893.212990941246971 ], [ 2633883.117485387716442, 1250891.75475240079686 ], [ 2633868.674014973919839, 1250889.859929927391931 ], [ 2633859.648699002806097, 1250888.18509065406397 ], [ 2633852.790528080426157, 1250883.709655928658321 ], [ 2633845.739596524741501, 1250878.621611728100106 ], [ 2633831.565452674403787, 1250879.786004155408591 ], [ 2633825.676592858042568, 1250876.072188887977973 ], [ 2633824.593220110982656, 1250884.716200745198876 ], [ 2633819.957802843302488, 1250890.182301278458908 ], [ 2633815.497755978256464, 1250891.36878372868523 ], [ 2633807.627023900393397, 1250887.087760675465688 ] ] } },
{ "type": "Feature", "properties": { "element": "way", "id": 830798887, "natural": "cliff" }, "geometry": { "type": "LineString", "coordinates": [ [ 2632492.520749636460096, 1251018.050600710557774 ], [ 2632486.784447312820703, 1251018.052531112218276 ], [ 2632485.0288130864501, 1251011.994456864893436 ], [ 2632492.86780567234382, 1251005.677624975796789 ], [ 2632491.403209750074893, 1250976.806007704231888 ], [ 2632480.949477859307081, 1250963.028533327858895 ], [ 2632475.44481991045177, 1250933.12301674275659 ], [ 2632464.130365402437747, 1250929.025061753811315 ], [ 2632454.610422612633556, 1250930.785271419445053 ], [ 2632447.896517008543015, 1250937.008242008276284 ], [ 2632436.456179120112211, 1250955.924915872979909 ], [ 2632423.831692445091903, 1250969.175829061772674 ], [ 2632408.417918798979372, 1250973.527856206055731 ], [ 2632391.816351734567434, 1250974.248809536918998 ], [ 2632378.418749469798058, 1250979.82384173059836 ], [ 2632369.457572688348591, 1250989.859392195707187 ], [ 2632355.690819983836263, 1250989.784270089818165 ], [ 2632342.294165326748043, 1250996.582422569859773 ], [ 2632322.364608188625425, 1251013.829729938181117 ], [ 2632308.113424000795931, 1251027.872555863345042 ], [ 2632302.804421813227236, 1251036.727307789027691 ], [ 2632296.244164516218007, 1251050.823176566278562 ], [ 2632287.850774350110441, 1251067.52191735827364 ], [ 2632271.395068901125342, 1251078.939986520214006 ], [ 2632264.073507502675056, 1251084.548342994181439 ], [ 2632245.734352349303663, 1251106.452090459410101 ], [ 2632244.422552655916661, 1251125.613232849631459 ], [ 2632240.286196236498654, 1251140.934260419337079 ], [ 2632245.89285137411207, 1251152.261127872392535 ], [ 2632265.961371440440416, 1251184.258109862683341 ], [ 2632278.993175180163234, 1251208.344967457465827 ], [ 2632254.307364768814296, 1251205.18642791104503 ], [ 2632240.557424447033554, 1251203.499481088947505 ], [ 2632232.620364669710398, 1251209.90506282937713 ], [ 2632232.978879250586033, 1251225.87316572596319 ], [ 2632240.680743483360857, 1251240.513611692236736 ], [ 2632243.292053381446749, 1251255.804617729038 ] ] } },
{ "type": "Feature", "properties": { "element": "way", "id": 830810002, "natural": "cliff" }, "geometry": { "type": "LineString", "coordinates": [ [ 2631645.786017493810505, 1250938.522460930515081 ], [ 2631647.534284771885723, 1250933.395052795298398 ], [ 2631650.270859300158918, 1250932.598006659420207 ], [ 2631651.424504985101521, 1250924.332016174215823 ], [ 2631655.00317000458017, 1250918.491677681449801 ], [ 2631655.34008655231446, 1250911.933574681635946 ], [ 2631658.307342316024005, 1250906.101093637989834 ], [ 2631662.422345344908535, 1250894.526489003794268 ], [ 2631666.334745652507991, 1250879.904343495843932 ], [ 2631665.877555112820119, 1250872.230154502438381 ], [ 2631668.518702991306782, 1250869.520229552872479 ], [ 2631667.228017307352275, 1250865.277199185919017 ], [ 2631664.906524643301964, 1250864.664407175267115 ], [ 2631665.736212280578911, 1250860.532764030154794 ], [ 2631664.075160937383771, 1250849.316473508719355 ], [ 2631662.867977390997112, 1250837.913592688506469 ], [ 2631669.198398713488132, 1250836.935609197011217 ] ] } },
{ "type": "Feature", "properties": { "element": "way", "id": 830810003, "natural": "cliff" }, "geometry": { "type": "LineString", "coordinates": [ [ 2631452.01720456359908, 1250340.774814429692924 ], [ 2631455.492593692615628, 1250344.473452205769718 ], [ 2631458.501571892295033, 1250349.292582636000589 ], [ 2631464.840909697115421, 1250356.686624765628949 ], [ 2631469.253748260904104, 1250364.381769857602194 ], [ 2631477.485730526037514, 1250377.845426801592112 ], [ 2631485.342700785957277, 1250385.158597856527194 ], [ 2631499.099642330780625, 1250387.344142600661144 ], [ 2631510.019997420255095, 1250389.214451932348311 ], [ 2631517.404966166708618, 1250390.165400288300589 ], [ 2631523.588596692774445, 1250388.486017018090934 ], [ 2631531.71478575328365, 1250383.481428563129157 ], [ 2631534.556210668757558, 1250382.885018522851169 ] ] } },
{ "type": "Feature", "properties": { "element": "way", "id": 831079612, "natural": "cliff" }, "geometry": { "type": "LineString", "coordinates": [ [ 2632420.615216800011694, 1251252.412906935671344 ], [ 2632416.422726597636938, 1251251.70064211008139 ], [ 2632416.329208636190742, 1251248.097738628974184 ], [ 2632420.394754675216973, 1251243.038810653844848 ], [ 2632429.645143525209278, 1251238.03047271957621 ], [ 2632435.594155434519053, 1251229.457292248494923 ], [ 2632440.041394035331905, 1251219.47497260151431 ], [ 2632447.972413699142635, 1251218.350919367512688 ], [ 2632459.361416995991021, 1251208.729036054573953 ], [ 2632457.604168637190014, 1251201.592463798122481 ], [ 2632465.077447199262679, 1251193.09436694229953 ], [ 2632461.999905489850789, 1251181.72553878207691 ], [ 2632469.229507784359157, 1251176.383765649981797 ], [ 2632475.002318151295185, 1251162.795220753643662 ], [ 2632478.32853751629591, 1251146.669384913519025 ], [ 2632482.876540834549814, 1251129.338327870704234 ], [ 2632489.244647085666656, 1251113.184687386732548 ], [ 2632483.847919417545199, 1251102.192292872350663 ], [ 2632490.216982383280993, 1251098.268999337451532 ], [ 2632487.980253373738378, 1251084.970149814151227 ], [ 2632491.346085987053812, 1251075.40445047407411 ], [ 2632488.023226142395288, 1251067.481000432511792 ], [ 2632486.17830003099516, 1251066.703718330943957 ], [ 2632488.587904923595488, 1251062.22504818928428 ], [ 2632488.619586401153356, 1251053.686221852898598 ], [ 2632494.26294625364244, 1251045.845249264268205 ], [ 2632501.219914239365608, 1251033.819810603745282 ] ] } },
{ "type": "Feature", "properties": { "element": "way", "id": 831088076, "natural": "cliff" }, "geometry": { "type": "LineString", "coordinates": [ [ 2633014.352782221976668, 1250572.802001772681251 ], [ 2633014.537211707793176, 1250574.926658015465364 ], [ 2633015.036494584288448, 1250577.442213742528111 ], [ 2633014.210594265256077, 1250579.361113300779834 ], [ 2633011.882999155670404, 1250579.848488762741908 ], [ 2633010.908066748641431, 1250573.283159246435389 ], [ 2633012.281574091408402, 1250571.978823688579723 ], [ 2633014.352782221976668, 1250572.802001772681251 ] ] } },
{ "type": "Feature", "properties": { "element": "way", "id": 831088077, "natural": "cliff" }, "geometry": { "type": "LineString", "coordinates": [ [ 2633009.808337491005659, 1250570.152745572617278 ], [ 2633008.074995825998485, 1250572.366794357541949 ], [ 2633007.654774967581034, 1250575.989079986698925 ], [ 2633007.835246600676328, 1250578.825296701863408 ], [ 2633005.205171552486718, 1250579.411057681078091 ], [ 2633003.826594265643507, 1250572.131900433450937 ], [ 2633006.896568477153778, 1250565.744740736903623 ] ] } },
{ "type": "Feature", "properties": { "element": "way", "id": 831088078, "natural": "cliff" }, "geometry": { "type": "LineString", "coordinates": [ [ 2633013.857981379143894, 1250625.078342319233343 ], [ 2633012.606792809907347, 1250631.531215356197208 ], [ 2633013.198318620678037, 1250633.747085802489892 ], [ 2633014.177136831451207, 1250639.611974165309221 ], [ 2633013.738906831014901, 1250646.469638009089977 ], [ 2633011.684605182148516, 1250652.106391941662878 ], [ 2633008.864505153149366, 1250648.86633573519066 ], [ 2632999.591848739422858, 1250641.343114717630669 ], [ 2632992.523382182233036, 1250637.868178518256173 ], [ 2632989.325669072568417, 1250630.590022555086762 ], [ 2632991.780808701179922, 1250626.16740545979701 ], [ 2632995.265387691091746, 1250618.515038533834741 ], [ 2632997.328716216143221, 1250611.255031506996602 ], [ 2632997.360140006057918, 1250605.607018230250105 ], [ 2632994.977667409926653, 1250598.322277253260836 ], [ 2632993.396335775963962, 1250590.852979960618541 ], [ 2633000.301519022788852, 1250587.05552197759971 ], [ 2633000.338575067464262, 1250580.39575876807794 ], [ 2632997.534207995049655, 1250574.320584106026217 ], [ 2632995.173000116832554, 1250563.211205248953775 ], [ 2633003.497570632025599, 1250558.009600881952792 ], [ 2633010.58079280750826, 1250558.849551487248391 ], [ 2633012.365046082064509, 1250565.119186498457566 ], [ 2633019.670008103363216, 1250562.736023285426199 ] ] } },
{ "type": "Feature", "properties": { "element": "way", "id": 831088079, "natural": "cliff" }, "geometry": { "type": "LineString", "coordinates": [ [ 2633024.173253323417157, 1250599.89681949862279 ], [ 2633023.808312327135354, 1250592.234154436271638 ], [ 2633024.252991038840264, 1250585.576660847757012 ], [ 2633025.306036975234747, 1250578.110905979759991 ], [ 2633023.522115506697446, 1250570.429221676196903 ], [ 2633024.268719468265772, 1250563.773409644840285 ], [ 2633025.650310114491731, 1250552.8849931077566 ], [ 2633026.342383632436395, 1250537.045014558359981 ], [ 2633034.071588596329093, 1250530.328024880029261 ] ] } },
{ "type": "Feature", "properties": { "element": "way", "id": 831091792, "natural": "cliff" }, "geometry": { "type": "LineString", "coordinates": [ [ 2631575.214936352800578, 1250504.414840027922764 ], [ 2631563.560190324671566, 1250487.397154702572152 ], [ 2631545.879532513208687, 1250462.275439891731367 ], [ 2631529.011723260395229, 1250434.73427669913508 ], [ 2631503.205686463043094, 1250414.417158993659541 ], [ 2631471.820700752083212, 1250377.103785867337137 ], [ 2631456.552739784587175, 1250355.230621954659 ], [ 2631451.332139395177364, 1250346.119159674737602 ], [ 2631445.841855623759329, 1250340.886613940121606 ] ] } },
{ "type": "Feature", "properties": { "element": "way", "id": 833900292, "natural": "cliff" }, "geometry": { "type": "LineString", "coordinates": [ [ 2635710.992845570202917, 1249993.576494654407725 ], [ 2635708.759847979526967, 1249994.574831451522186 ], [ 2635706.210974435321987, 1249997.883913283934817 ], [ 2635704.967633327934891, 1250002.52395656844601 ], [ 2635700.200110628269613, 1250003.19572001346387 ] ] } },
{ "type": "Feature", "properties": { "element": "way", "id": 833900293, "natural": "cliff" }, "geometry": { "type": "LineString", "coordinates": [ [ 2635467.167115444783121, 1249897.172538122162223 ], [ 2635465.371375310234725, 1249903.321439889026806 ], [ 2635460.045763499103487, 1249910.205292653059587 ], [ 2635453.309661348350346, 1249913.100300505990162 ], [ 2635445.395334450993687, 1249916.088340401416644 ], [ 2635435.621690442319959, 1249924.502220373833552 ], [ 2635421.571786834858358, 1249938.549883454339579 ], [ 2635409.755793251097202, 1249950.187087672064081 ] ] } },
{ "type": "Feature", "properties": { "element": "way", "id": 833900298, "natural": "cliff" }, "geometry": { "type": "LineString", "coordinates": [ [ 2635624.402452944777906, 1249912.246541358996183 ], [ 2635621.213187076617032, 1249909.05861584469676 ], [ 2635614.524675066582859, 1249904.01512698805891 ], [ 2635610.093206090386957, 1249895.227149365004152 ], [ 2635607.859988584183156, 1249896.258878218242899 ], [ 2635603.408627028111368, 1249893.296873145736754 ], [ 2635597.792726368643343, 1249891.917824849719182 ], [ 2635596.409122636541724, 1249891.008922718698159 ], [ 2635594.633364117704332, 1249888.77456741896458 ], [ 2635594.365637194365263, 1249883.069177344441414 ], [ 2635587.579849916044623, 1249875.35669927787967 ], [ 2635580.721858130767941, 1249870.868156775133684 ], [ 2635576.493586431723088, 1249867.207046221010387 ], [ 2635573.61416629422456, 1249862.69790604361333 ], [ 2635570.055292321834713, 1249860.708588214823976 ], [ 2635568.825243475846946, 1249858.110603982117027 ], [ 2635565.84846117766574, 1249852.211073273560032 ], [ 2635559.344181433320045, 1249844.122288410551846 ] ] } },
{ "type": "Feature", "properties": { "element": "way", "id": 833900300, "natural": "cliff" }, "geometry": { "type": "LineString", "coordinates": [ [ 2635723.74516747193411, 1249984.491661829408258 ], [ 2635720.626977485604584, 1249983.305437933653593 ], [ 2635719.8728599967435, 1249985.680252683348954 ], [ 2635721.258126700296998, 1249988.812892260495573 ], [ 2635720.644241526722908, 1249990.465849727159366 ], [ 2635719.072914352174848, 1249988.143739436753094 ], [ 2635716.7341308738105, 1249986.650894242804497 ], [ 2635713.92574399150908, 1249987.923726052977145 ], [ 2635715.045782448258251, 1249992.477933731395751 ], [ 2635710.010490878019482, 1249988.722917557694018 ], [ 2635705.580974684096873, 1249984.660235173301771 ], [ 2635698.72922251932323, 1249979.170926743885502 ], [ 2635690.254453162197024, 1249973.671858718618751 ], [ 2635683.389361592940986, 1249970.395067492034286 ], [ 2635678.152084569446743, 1249966.327545855427161 ], [ 2635673.307600914966315, 1249963.474306979216635 ], [ 2635663.436924062203616, 1249955.342917993664742 ], [ 2635660.237290041986853, 1249950.120225036051124 ], [ 2635656.354621442966163, 1249950.519382401602343 ], [ 2635653.367279301397502, 1249946.398700001882389 ], [ 2635649.536792329046875, 1249943.140192907303572 ], [ 2635648.34567941352725, 1249939.097021830268204 ], [ 2635643.721887416671962, 1249932.175767620792612 ], [ 2635639.420148137491196, 1249926.935344191500917 ] ] } },
{ "type": "Feature", "properties": { "element": "way", "id": 833900301, "natural": "cliff" }, "geometry": { "type": "LineString", "coordinates": [ [ 2635751.538933821953833, 1250018.648377723060548 ], [ 2635749.299839782994241, 1250020.658445278648287 ], [ 2635747.857788146939129, 1250025.697547886753455 ], [ 2635742.998845659662038, 1250025.256876566214487 ], [ 2635740.594869477674365, 1250020.806109947618097 ], [ 2635738.201877681538463, 1250014.531977974809706 ], [ 2635734.164225779939443, 1250013.095599103486165 ], [ 2635730.559481865726411, 1250006.213770553003997 ], [ 2635724.292261313647032, 1250003.952316068345681 ], [ 2635721.286834083497524, 1249999.086550503736362 ] ] } },
{ "type": "Feature", "properties": { "element": "way", "id": 833900305, "natural": "cliff" }, "geometry": { "type": "LineString", "coordinates": [ [ 2635825.875086884945631, 1250048.572104640770704 ], [ 2635824.243573343846947, 1250049.974297428270802 ], [ 2635820.818396037444472, 1250047.129510244354606 ], [ 2635815.564226199872792, 1250045.885860415408388 ], [ 2635808.503996418323368, 1250041.195695368107408 ], [ 2635804.070895259734243, 1250037.744433502200991 ], [ 2635799.415783553849906, 1250037.304946371819824 ], [ 2635793.965098038781434, 1250034.848213848192245 ], [ 2635792.560555756092072, 1250032.415905248606578 ], [ 2635785.496601807419211, 1250028.337262633256614 ], [ 2635777.432270603254437, 1250023.652194740949199 ], [ 2635771.960601898375899, 1250023.419054525904357 ], [ 2635770.354950725566596, 1250021.786069696769118 ], [ 2635765.731405583210289, 1250016.109989896416664 ], [ 2635753.41809303406626, 1250009.976164576364681 ], [ 2635745.14964904775843, 1250004.07799511984922 ], [ 2635740.712864912115037, 1250001.227157772053033 ], [ 2635735.27402308024466, 1249994.289799452060834 ], [ 2635733.63250662619248, 1249991.088901525828987 ], [ 2635730.961512113455683, 1249989.605167450150475 ], [ 2635727.617570684757084, 1249985.793615936068818 ] ] } },
{ "type": "Feature", "properties": { "element": "way", "id": 833922325, "natural": "cliff" }, "geometry": { "type": "LineString", "coordinates": [ [ 2636145.070610772818327, 1250165.085131322266534 ], [ 2636139.244097171351314, 1250164.882843274855986 ], [ 2636134.934932845178992, 1250162.19926249794662 ], [ 2636121.811006945092231, 1250159.128430831246078 ], [ 2636109.687988056335598, 1250154.084629963617772 ], [ 2636101.88581677665934, 1250151.046250065788627 ], [ 2636091.419916453771293, 1250147.836009334307164 ], [ 2636083.431497804354876, 1250148.109833253081888 ], [ 2636076.619638372212648, 1250146.078177623916417 ], [ 2636070.477059001568705, 1250143.227831794414669 ], [ 2636068.81942594749853, 1250141.472145088016987 ] ] } },
{ "type": "Feature", "properties": { "element": "way", "id": 833922374, "natural": "cliff" }, "geometry": { "type": "LineString", "coordinates": [ [ 2635606.843877848703414, 1250650.086946514202282 ], [ 2635599.04231937462464, 1250634.44083683565259 ], [ 2635592.783030032645911, 1250625.930959479417652 ], [ 2635592.635110820177943, 1250620.393054205458611 ], [ 2635590.573465062305331, 1250604.203250156715512 ], [ 2635583.663717656396329, 1250603.450198102043942 ], [ 2635575.343651796225458, 1250591.169918869622052 ], [ 2635570.066466243937612, 1250582.510299967136234 ], [ 2635559.143677602522075, 1250572.493726905435324 ], [ 2635546.145754657220095, 1250559.840767559362575 ], [ 2635534.010053834412247, 1250550.6730965024326 ], [ 2635527.663860577624291, 1250549.078480913769454 ], [ 2635524.422029031440616, 1250552.194477965589613 ], [ 2635523.61129291029647, 1250559.005265342537314 ], [ 2635516.645581024233252, 1250554.983115993905813 ], [ 2635520.338250966276973, 1250549.690588049590588 ], [ 2635522.388187894131988, 1250541.408462245482951 ], [ 2635516.412815609946847, 1250538.392911497037858 ], [ 2635510.379846973344684, 1250544.994529066840187 ], [ 2635502.706207783427089, 1250548.261896759038791 ], [ 2635503.08997942134738, 1250539.636234224541113 ], [ 2635502.465481766033918, 1250532.99474778980948 ], [ 2635494.845403452403843, 1250527.312049836851656 ], [ 2635488.834272230509669, 1250530.266950212186202 ], [ 2635484.805575170088559, 1250536.213478439254686 ], [ 2635477.161738065537065, 1250534.499967301730067 ], [ 2635470.870111991185695, 1250528.825248144334182 ], [ 2635461.895725524052978, 1250527.448471829527989 ], [ 2635454.542310612276196, 1250532.708029062487185 ], [ 2635447.872950255870819, 1250534.658370116725564 ] ] } },
{ "type": "Feature", "properties": { "element": "way", "id": 834051607, "natural": "cliff" }, "geometry": { "type": "LineString", "coordinates": [ [ 2635519.173452752642334, 1249889.656367642106488 ], [ 2635522.127034618053585, 1249893.131906572496518 ], [ 2635525.324643762316555, 1249896.197524825111032 ], [ 2635528.268205402884632, 1249900.084390873555094 ], [ 2635531.21444956259802, 1249904.782923970371485 ], [ 2635533.914438448380679, 1249909.001888263504952 ], [ 2635536.453809729311615, 1249912.30817557615228 ], [ 2635538.830099757760763, 1249915.113154890248552 ], [ 2635539.977690890897065, 1249916.354183841263875 ] ] } },
{ "type": "Feature", "properties": { "element": "way", "id": 834051608, "natural": "cliff" }, "geometry": { "type": "LineString", "coordinates": [ [ 2635548.876233021728694, 1249931.795501653105021 ], [ 2635552.641742994543165, 1249937.088236708194017 ], [ 2635549.163000389933586, 1249939.368910148972645 ], [ 2635542.444874088279903, 1249930.444973113248125 ], [ 2635536.710394277703017, 1249923.661687437444925 ], [ 2635531.130121126770973, 1249918.858421931508929 ], [ 2635517.484015342779458, 1249909.559457015246153 ], [ 2635503.017959479242563, 1249899.766402116045356 ], [ 2635496.438874247018248, 1249896.602726542856544 ], [ 2635490.833295816555619, 1249894.756865262752399 ], [ 2635487.211094836238772, 1249893.256431477144361 ], [ 2635481.954592688474804, 1249889.84496109187603 ] ] } },
{ "type": "Feature", "properties": { "element": "way", "id": 834573688, "natural": "cliff" }, "geometry": { "type": "LineString", "coordinates": [ [ 2628223.982305385172367, 1245831.677986590657383 ], [ 2628218.799897570163012, 1245834.888777572195977 ], [ 2628214.23144072201103, 1245836.078961852006614 ], [ 2628211.592089844867587, 1245838.278960706666112 ], [ 2628209.049094880465418, 1245839.278643368976191 ], [ 2628205.498496858868748, 1245840.885046669049188 ], [ 2628201.33606928633526, 1245842.477427950827405 ], [ 2628197.992340540513396, 1245843.473312398651615 ], [ 2628194.543858219869435, 1245844.257453864905983 ], [ 2628190.893262935802341, 1245844.651497679296881 ] ] } },
{ "type": "Feature", "properties": { "element": "way", "id": 846303813, "natural": "cliff" }, "geometry": { "type": "LineString", "coordinates": [ [ 2630522.985341516789049, 1250664.205147254513577 ], [ 2630533.987551961559802, 1250650.130211061332375 ], [ 2630551.021518766880035, 1250646.181917220586911 ], [ 2630576.927555694710463, 1250647.527310621691868 ], [ 2630582.608598529361188, 1250645.132773726247251 ], [ 2630577.778863625600934, 1250639.059434285154566 ], [ 2630582.687645034864545, 1250629.800828510895371 ], [ 2630574.601111344527453, 1250627.335318873170763 ], [ 2630572.228923549409956, 1250616.015621798112988 ], [ 2630575.160568613093346, 1250597.874292653053999 ], [ 2630585.699248638935387, 1250594.693151593208313 ], [ 2630594.98855951661244, 1250599.588702904758975 ], [ 2630598.168408906087279, 1250610.90145639423281 ], [ 2630607.917368930764496, 1250605.703840643167496 ], [ 2630615.627540481742471, 1250602.119012626586482 ], [ 2630615.665069108828902, 1250594.847735770512372 ], [ 2630595.454474783036858, 1250588.283636071253568 ], [ 2630576.825828289147466, 1250588.187582666985691 ] ] } },
{ "type": "Feature", "properties": { "element": "way", "id": 846426527, "natural": "cliff" }, "geometry": { "type": "LineString", "coordinates": [ [ 2631627.833326067775488, 1254000.64655408100225 ], [ 2631651.316209706477821, 1253979.713309713173658 ], [ 2631679.796292620245367, 1253980.821639182278886 ], [ 2631733.414054831489921, 1254012.707413159077987 ] ] } },
{ "type": "Feature", "properties": { "element": "way", "id": 846426528, "natural": "cliff" }, "geometry": { "type": "LineString", "coordinates": [ [ 2630579.952767820563167, 1251094.3828837829642 ], [ 2630583.294885465875268, 1251129.801331308670342 ], [ 2630575.992294064257294, 1251170.123740718932822 ], [ 2630556.924862960353494, 1251208.673295951681212 ], [ 2630552.752783528529108, 1251225.929914289852604 ], [ 2630542.814833041746169, 1251231.393494801362976 ], [ 2630528.32470211898908, 1251314.785302088363096 ], [ 2630526.213670442812145, 1251329.017207632074133 ], [ 2630502.021739719435573, 1251372.110275619197637 ], [ 2630482.452745119575411, 1251408.611707314383239 ], [ 2630467.949138909578323, 1251452.266171857481822 ], [ 2630455.74367234390229, 1251543.719720861408859 ], [ 2630457.194723231252283, 1251559.49318393971771 ], [ 2630479.11386265931651, 1251661.795800109626725 ] ] } },
{ "type": "Feature", "properties": { "element": "way", "id": 846426529, "natural": "cliff" }, "geometry": { "type": "LineString", "coordinates": [ [ 2630620.58047261973843, 1250930.86190147860907 ], [ 2630622.833583129104227, 1250889.179284429177642 ], [ 2630603.718403052538633, 1250838.736221422441304 ], [ 2630587.563059663865715, 1250805.59770020050928 ], [ 2630565.783734164666384, 1250775.487821297021583 ] ] } },
{ "type": "Feature", "properties": { "element": "way", "id": 864161043, "natural": "cliff" }, "geometry": { "type": "LineString", "coordinates": [ [ 2614289.4304847442545, 1260096.944881671573967 ], [ 2614291.909195254556835, 1260097.206575547344983 ], [ 2614293.465164298657328, 1260101.9913407235872 ] ] } },
{ "type": "Feature", "properties": { "element": "way", "id": 864161044, "natural": "cliff" }, "geometry": { "type": "LineString", "coordinates": [ [ 2614296.268710656557232, 1260111.315519756404683 ], [ 2614297.624200722202659, 1260114.854514553910121 ], [ 2614299.039990321733057, 1260115.258194910362363 ], [ 2614300.664577865973115, 1260113.449766597012058 ] ] } },
{ "type": "Feature", "properties": { "element": "way", "id": 864161046, "natural": "cliff" }, "geometry": { "type": "LineString", "coordinates": [ [ 2614303.357623436488211, 1260124.841752655571327 ], [ 2614305.58110120985657, 1260127.815788852749392 ], [ 2614311.727974283043295, 1260135.09108017408289 ] ] } },
{ "type": "Feature", "properties": { "element": "way", "id": 864161047, "natural": "cliff" }, "geometry": { "type": "LineString", "coordinates": [ [ 2614311.9617392225191, 1260144.409075000323355 ], [ 2614315.870570085011423, 1260154.74772607604973 ], [ 2614315.916539749596268, 1260157.560856321360916 ], [ 2614313.720932342577726, 1260164.916112634819001 ], [ 2614309.97599281789735, 1260167.875767767895013 ], [ 2614308.204967770259827, 1260171.040316783823073 ] ] } },
{ "type": "Feature", "properties": { "element": "way", "id": 864161048, "natural": "cliff" }, "geometry": { "type": "LineString", "coordinates": [ [ 2614306.277727572247386, 1260173.35947227361612 ], [ 2614302.581279229838401, 1260174.962773129343987 ], [ 2614301.769251468125731, 1260180.453432749025524 ], [ 2614291.505572993773967, 1260180.373129755491391 ], [ 2614279.689568666275591, 1260177.131413765484467 ], [ 2614278.37940435577184, 1260173.548056762898341 ], [ 2614276.626307179220021, 1260169.263160018716007 ] ] } },
{ "type": "Feature", "properties": { "element": "way", "id": 867909859, "natural": "cliff" }, "geometry": { "type": "LineString", "coordinates": [ [ 2616582.370428601745516, 1265477.69133618590422 ], [ 2616577.066103423014283, 1265495.210928616579622 ], [ 2616562.451017730869353, 1265522.54469213145785 ], [ 2616539.945575293619186, 1265555.293594964779913 ] ] } },
{ "type": "Feature", "properties": { "element": "way", "id": 878852622, "natural": "cliff" }, "geometry": { "type": "LineString", "coordinates": [ [ 2599221.606963115278631, 1249949.079494893085212 ], [ 2599235.034594808705151, 1249936.069179294630885 ], [ 2599248.50079678138718, 1249928.562442590482533 ], [ 2599263.182245492003858, 1249919.854795046849176 ], [ 2599278.3917674748227, 1249908.200766635360196 ], [ 2599296.990636684931815, 1249895.067599986679852 ], [ 2599313.212275143712759, 1249886.715660892659798 ], [ 2599330.6639214749448, 1249874.205372368684039 ], [ 2599350.312324665021151, 1249861.072243033675477 ], [ 2599371.508093603886664, 1249845.659746996127069 ], [ 2599418.081720022950321, 1249811.020948399091139 ], [ 2599429.819164206273854, 1249798.578299657208845 ], [ 2599464.587451370432973, 1249771.534954534843564 ], [ 2599468.708023219369352, 1249759.337774355197325 ], [ 2599549.872934069484472, 1249721.483407297171652 ], [ 2599602.857664661016315, 1249684.232715603895485 ], [ 2599695.083547898568213, 1249636.928941371617839 ], [ 2599757.319606343749911, 1249631.977660848293453 ], [ 2599876.498178092762828, 1249568.020163416396827 ] ] } },
{ "type": "Feature", "properties": { "element": "way", "id": 880645434, "natural": "cliff" }, "geometry": { "type": "LineString", "coordinates": [ [ 2604298.623798661399633, 1250948.606276124948636 ], [ 2604295.584125502500683, 1250945.780051905428991 ], [ 2604287.117598982527852, 1250943.105618464294821 ], [ 2604282.204706732183695, 1250942.246010733535513 ], [ 2604276.687813640572131, 1250941.652817741967738 ] ] } },
{ "type": "Feature", "properties": { "element": "way", "id": 880645435, "natural": "cliff" }, "geometry": { "type": "LineString", "coordinates": [ [ 2604235.969217668753117, 1250940.445488610072061 ], [ 2604224.023761807009578, 1250936.968179698800668 ], [ 2604212.289322325028479, 1250933.924657173454762 ], [ 2604203.383721127640456, 1250933.051204935181886 ] ] } },
{ "type": "Feature", "properties": { "element": "way", "id": 880645436, "natural": "cliff" }, "geometry": { "type": "LineString", "coordinates": [ [ 2604227.808607063256204, 1250921.260645034722984 ], [ 2604218.248617845121771, 1250917.140160689596087 ], [ 2604208.915355946868658, 1250912.575117399683222 ], [ 2604198.050802603363991, 1250906.71929578576237 ], [ 2604185.671702923253179, 1250897.182276666164398 ], [ 2604174.814345434773713, 1250891.760117563884705 ], [ 2604175.032586563844234, 1250881.798252327367663 ], [ 2604178.738928156904876, 1250870.315596508327872 ], [ 2604182.878361837007105, 1250854.719465364934877 ], [ 2604185.926868159789592, 1250844.981934398645535 ], [ 2604191.80051368707791, 1250831.98870316427201 ], [ 2604188.779714597854763, 1250801.867072849068791 ], [ 2604186.394890838302672, 1250790.602557254722342 ], [ 2604194.225893644616008, 1250784.98213664861396 ], [ 2604193.363777802791446, 1250776.531614067731425 ], [ 2604197.06886400654912, 1250756.165436046663672 ], [ 2604196.216555790044367, 1250733.639130664756522 ], [ 2604194.916355030611157, 1250725.621918207034469 ], [ 2604193.408130521420389, 1250712.834803517907858 ], [ 2604191.460602788254619, 1250702.226573895895854 ], [ 2604193.851330509409308, 1250694.211932349717245 ], [ 2604192.123299408704042, 1250682.725508993724361 ], [ 2604189.958833110984415, 1250669.293077694252133 ], [ 2604188.666141360066831, 1250650.446634695166722 ], [ 2604188.465189869049937, 1250635.503480398328975 ], [ 2604189.994554503820837, 1250617.948726596776396 ], [ 2604188.05362288095057, 1250597.800992886070162 ], [ 2604185.014164611231536, 1250594.329966425895691 ], [ 2604183.283669746946543, 1250586.32357902918011 ], [ 2604182.849796279333532, 1250580.686293239938095 ], [ 2604178.945597853045911, 1250572.456031920621172 ], [ 2604182.862282395362854, 1250562.70799116184935 ], [ 2604181.343585706315935, 1250554.034653461305425 ], [ 2604178.967244550585747, 1250541.258064365480095 ], [ 2604177.230388395022601, 1250531.50610072677955 ], [ 2604178.542226545047015, 1250522.845846625510603 ], [ 2604175.507834474556148, 1250512.003389541991055 ], [ 2604172.699222431052476, 1250491.210203509079292 ], [ 2604172.060135449282825, 1250476.689248730195686 ] ] } },
{ "type": "Feature", "properties": { "element": "way", "id": 880645437, "natural": "cliff" }, "geometry": { "type": "LineString", "coordinates": [ [ 2604163.603102284949273, 1250448.309472978580743 ], [ 2604159.693261278327554, 1250448.084405459463596 ], [ 2604158.821701820008457, 1250442.23557354696095 ], [ 2604154.915438093245029, 1250436.818261834792793 ], [ 2604157.312129159457982, 1250431.182933432981372 ] ] } },
{ "type": "Feature", "properties": { "element": "way", "id": 880645438, "natural": "cliff" }, "geometry": { "type": "LineString", "coordinates": [ [ 2604148.411040136124939, 1250411.686403914820403 ], [ 2604150.810125492978841, 1250402.582163180690259 ], [ 2604145.59900992969051, 1250395.65186954732053 ], [ 2604141.914135122206062, 1250386.554560114396736 ], [ 2604138.437188335228711, 1250382.427278874441981 ], [ 2604136.264756168238819, 1250380.257717154920101 ], [ 2604135.840004379395396, 1250372.241126922424883 ], [ 2604129.322384173516184, 1250366.177179254824296 ], [ 2604124.55317267915234, 1250353.176613104762509 ], [ 2604117.610160752665251, 1250328.90060426783748 ], [ 2604108.06156029459089, 1250317.63124367245473 ], [ 2604100.680209099780768, 1250305.062531949020922 ], [ 2604096.989875323139131, 1250292.707586284028366 ], [ 2604094.176908460445702, 1250277.762674879981205 ] ] } },
{ "type": "Feature", "properties": { "element": "way", "id": 880645439, "natural": "cliff" }, "geometry": { "type": "LineString", "coordinates": [ [ 2604063.791934798005968, 1250225.308194366982207 ], [ 2604054.886875745840371, 1250210.792813209118322 ], [ 2604041.863018146250397, 1250192.149793032556772 ], [ 2604031.657034873496741, 1250181.313733143499121 ], [ 2604026.880779843311757, 1250167.012406960595399 ], [ 2604028.849505397025496, 1250157.907835585065186 ] ] } },
{ "type": "Feature", "properties": { "element": "way", "id": 880645440, "natural": "cliff" }, "geometry": { "type": "LineString", "coordinates": [ [ 2604019.511243190150708, 1250147.505991466343403 ], [ 2604017.117169723380357, 1250149.238850040361285 ], [ 2604011.901500557083637, 1250148.579396699322388 ], [ 2604004.517865178175271, 1250138.823739112354815 ], [ 2603997.79323196131736, 1250125.610737341456115 ], [ 2603991.499999256804585, 1250110.652456629322842 ], [ 2603986.940494884271175, 1250099.38660424365662 ] ] } },
{ "type": "Feature", "properties": { "element": "way", "id": 880645441, "natural": "cliff" }, "geometry": { "type": "LineString", "coordinates": [ [ 2603940.921633055899292, 1250021.572750529740006 ], [ 2603928.537723307497799, 1250015.938812719890848 ], [ 2603914.200062410905957, 1250008.124446848407388 ], [ 2603905.078312722500414, 1250000.758222716161981 ], [ 2603896.386407160200179, 1249994.037151519907638 ], [ 2603880.743674063589424, 1249984.709936342900619 ], [ 2603864.669217884074897, 1249977.550553348148242 ], [ 2603852.714050932321697, 1249974.07399854878895 ], [ 2603842.288668765220791, 1249974.712210481055081 ], [ 2603831.640396160073578, 1249969.724442948587239 ], [ 2603811.867440715432167, 1249961.69562915363349 ], [ 2603779.27615678915754, 1249954.092453712597489 ], [ 2603764.277470477856696, 1249952.570992077700794 ], [ 2603743.20179198263213, 1249951.257044239901006 ], [ 2603731.904993243515491, 1249944.968214240623638 ], [ 2603716.260673643089831, 1249937.587135404348373 ], [ 2603685.186730628367513, 1249929.551799658685923 ] ] } },
{ "type": "Feature", "properties": { "element": "way", "id": 880645442, "natural": "cliff" }, "geometry": { "type": "LineString", "coordinates": [ [ 2603651.50373963965103, 1249929.097723837243393 ], [ 2603640.633168964181095, 1249929.313526701880619 ], [ 2603616.295343573670834, 1249929.510152985109016 ], [ 2603591.52083963342011, 1249927.76091872761026 ], [ 2603558.704804478213191, 1249929.264705823268741 ], [ 2603533.928384088445455, 1249930.762252603191882 ], [ 2603514.582035033497959, 1249928.149290516041219 ], [ 2603497.637351023033261, 1249923.592079997761175 ], [ 2603468.950205812696368, 1249925.743616275954992 ], [ 2603446.781871342565864, 1249920.749942991882563 ], [ 2603439.613972377497703, 1249914.452908538281918 ] ] } },
{ "type": "Feature", "properties": { "element": "way", "id": 880647173, "natural": "cliff" }, "geometry": { "type": "LineString", "coordinates": [ [ 2603679.996601501014084, 1250258.172127448953688 ], [ 2603683.241057609673589, 1250248.089806299190968 ], [ 2603690.537115989718586, 1250241.22315153456293 ], [ 2603700.662640932016075, 1250236.392888743663207 ], [ 2603713.218069978523999, 1250232.764914009487256 ], [ 2603716.46011864207685, 1250226.707435135031119 ], [ 2603714.850691658444703, 1250217.022404622286558 ], [ 2603705.137825536075979, 1250201.272922260453925 ], [ 2603694.613997340202332, 1250190.770797633333132 ], [ 2603678.222910044714808, 1250183.489421649603173 ], [ 2603669.713932947721332, 1250186.308292188448831 ], [ 2603663.028780279215425, 1250193.975859737722203 ], [ 2603652.890266641508788, 1250220.208906391868368 ], [ 2603648.424185815267265, 1250240.797299630008638 ] ] } },
{ "type": "Feature", "properties": { "element": "way", "id": 880647331, "natural": "cliff" }, "geometry": { "type": "LineString", "coordinates": [ [ 2604117.508842988871038, 1250885.750132623128593 ], [ 2604120.952847763430327, 1250871.420970957027748 ], [ 2604114.489447727333754, 1250853.06020472641103 ], [ 2604117.338574557565153, 1250836.707101689884439 ], [ 2604123.014397291466594, 1250825.81502985721454 ], [ 2604127.072723161894828, 1250807.250214891508222 ], [ 2604129.524278766475618, 1250776.376323179574683 ], [ 2604131.159522068686783, 1250758.210112442262471 ], [ 2604130.764944563619792, 1250739.241991981398314 ], [ 2604130.976216994225979, 1250728.335067723412067 ] ] } },
{ "type": "Feature", "properties": { "element": "way", "id": 880647332, "natural": "cliff" }, "geometry": { "type": "LineString", "coordinates": [ [ 2604134.258615409489721, 1250960.643510988447815 ], [ 2604126.576737054623663, 1250947.318491345038638 ], [ 2604123.949804549105465, 1250936.820994807640091 ], [ 2604119.298992136493325, 1250927.934272318845615 ], [ 2604115.455764464102685, 1250919.048105372581631 ], [ 2604117.286156465765089, 1250913.401248093927279 ], [ 2604117.290016771759838, 1250907.753142805304378 ], [ 2604118.706675480119884, 1250900.082468700362369 ] ] } },
{ "type": "Feature", "properties": { "element": "way", "id": 886474118, "natural": "cliff" }, "geometry": { "type": "LineString", "coordinates": [ [ 2609814.981653178110719, 1253247.56964070466347 ], [ 2609824.152897255029529, 1253267.764665847178549 ], [ 2609831.836674979887903, 1253279.485023575136438 ], [ 2609829.744489932898432, 1253299.183395460480824 ] ] } },
{ "type": "Feature", "properties": { "element": "way", "id": 886632781, "natural": "cliff" }, "geometry": { "type": "LineString", "coordinates": [ [ 2609768.281424786895514, 1252592.97503029787913 ], [ 2609756.120571694802493, 1252632.903482456458732 ], [ 2609730.005941727664322, 1252674.321269504725933 ], [ 2609715.348770159296691, 1252695.255526932189241 ], [ 2609710.752898789942265, 1252709.590762276435271 ] ] } },
{ "type": "Feature", "properties": { "element": "way", "id": 886635469, "natural": "cliff" }, "geometry": { "type": "LineString", "coordinates": [ [ 2610115.161618282087147, 1253976.950904356548563 ], [ 2610090.058465714100748, 1253984.368802627082914 ], [ 2610060.121785319875926, 1253981.694224156439304 ], [ 2610047.179037636145949, 1253975.824086722452193 ], [ 2610030.601800662465394, 1253964.499825339997187 ], [ 2610017.270027477294207, 1253952.169289557496086 ], [ 2610009.605608833953738, 1253938.647512666648254 ], [ 2610006.779653783887625, 1253932.383088405011222 ], [ 2610006.384238979313523, 1253929.758474415168166 ] ] } },
{ "type": "Feature", "properties": { "element": "way", "id": 886635470, "natural": "cliff" }, "geometry": { "type": "LineString", "coordinates": [ [ 2609793.336043979972601, 1253674.425606335047632 ], [ 2609794.111433272715658, 1253693.79517357586883 ], [ 2609800.975735836662352, 1253703.490606500534341 ], [ 2609807.434629728551954, 1253711.97347223223187 ], [ 2609809.441162683535367, 1253721.26065913378261 ], [ 2609817.529985989443958, 1253724.898586704861373 ], [ 2609819.136663417797536, 1253734.18511850759387 ], [ 2609818.719977342523634, 1253739.832591681741178 ] ] } },
{ "type": "Feature", "properties": { "element": "way", "id": 886635471, "natural": "cliff" }, "geometry": { "type": "LineString", "coordinates": [ [ 2609774.105763730127364, 1253554.97107669361867 ], [ 2609778.932238675653934, 1253569.911031664349139 ], [ 2609778.504587926901877, 1253586.85480132419616 ], [ 2609775.238978640176356, 1253604.605560542782769 ], [ 2609779.258197891525924, 1253619.533075426705182 ], [ 2609774.371935675386339, 1253636.469532647635788 ], [ 2609774.352732371538877, 1253648.177199099678546 ], [ 2609777.968106746673584, 1253665.527868708595634 ], [ 2609780.379439345095307, 1253676.427879924653098 ], [ 2609778.736924646422267, 1253688.933410139987245 ], [ 2609779.932988376356661, 1253700.231691059656441 ], [ 2609787.605857593473047, 1253709.116790752392262 ], [ 2609802.154488996136934, 1253725.284656421979889 ], [ 2609803.348506641574204, 1253737.794848280027509 ], [ 2609795.227873221505433, 1253753.514065474038944 ], [ 2609785.897991297766566, 1253766.006965045351535 ], [ 2609782.217816784977913, 1253788.182182336691767 ], [ 2609778.953637456521392, 1253805.121306866174564 ], [ 2609779.328569290228188, 1253824.890485678333789 ], [ 2609777.678142786026001, 1253842.243643095949665 ], [ 2609773.212019972503185, 1253851.509085652185604 ] ] } },
{ "type": "Feature", "properties": { "element": "way", "id": 889651604, "natural": "cliff" }, "geometry": { "type": "LineString", "coordinates": [ [ 2628178.499766022432595, 1249568.215254420181736 ], [ 2628166.639623696915805, 1249585.670431093778461 ], [ 2628155.038132729940116, 1249589.996025805128738 ], [ 2628138.286110530141741, 1249586.736704787472263 ], [ 2628119.739272837527096, 1249583.057545176707208 ], [ 2628113.305375469848514, 1249592.97803053772077 ], [ 2628094.913293599151075, 1249598.072100956458598 ], [ 2628081.5669887769036, 1249593.027884514536709 ], [ 2628073.962015139404684, 1249596.772157819475979 ], [ 2628061.952981364447623, 1249602.685938135255128 ], [ 2628038.37553422478959, 1249607.555534040788189 ], [ 2628020.216583674773574, 1249606.469106385484338 ], [ 2628011.041229345370084, 1249603.846319796750322 ], [ 2627993.056042516604066, 1249609.131639810511842 ], [ 2627975.064282146282494, 1249614.216852184152231 ], [ 2627964.736470981966704, 1249603.02753558033146 ] ] } },
{ "type": "Feature", "properties": { "element": "way", "id": 893023419, "natural": "cliff" }, "geometry": { "type": "LineString", "coordinates": [ [ 2617871.538706838153303, 1249082.624263070290908 ], [ 2617856.7198427147232, 1249094.554145568748936 ], [ 2617859.429379669949412, 1249114.964391686487943 ], [ 2617879.864681283943355, 1249128.378927590558305 ] ] } },
{ "type": "Feature", "properties": { "element": "way", "id": 893023420, "natural": "cliff" }, "geometry": { "type": "LineString", "coordinates": [ [ 2618996.647304005455226, 1249265.197101482888684 ], [ 2618892.18595786485821, 1249296.629105503438041 ], [ 2618876.021051315590739, 1249296.877926846034825 ] ] } },
{ "type": "Feature", "properties": { "element": "way", "id": 893023421, "natural": "cliff" }, "geometry": { "type": "LineString", "coordinates": [ [ 2618875.770598149858415, 1249328.186336044222116 ], [ 2618857.476031490135938, 1249321.523962534498423 ] ] } },
{ "type": "Feature", "properties": { "element": "way", "id": 893023422, "natural": "cliff" }, "geometry": { "type": "LineString", "coordinates": [ [ 2618909.662654743995517, 1249318.32095923111774 ], [ 2618952.785876967944205, 1249311.553871762938797 ], [ 2619021.5050781192258, 1249289.981544933980331 ], [ 2619029.205623209942132, 1249287.704708220437169 ] ] } },
{ "type": "Feature", "properties": { "element": "way", "id": 893023423, "natural": "cliff" }, "geometry": { "type": "LineString", "coordinates": [ [ 2619072.064991443883628, 1249266.817370748380199 ], [ 2619054.526232497300953, 1249264.615263653919101 ], [ 2619042.348315629642457, 1249269.334866482065991 ] ] } },
{ "type": "Feature", "properties": { "element": "way", "id": 893788042, "natural": "cliff" }, "geometry": { "type": "LineString", "coordinates": [ [ 2615554.054905582685024, 1261700.591206059558317 ], [ 2615550.619525144807994, 1261689.052098438609391 ], [ 2615548.333064422011375, 1261678.950317126233131 ], [ 2615553.264067945536226, 1261671.758313474245369 ], [ 2615566.588686355389655, 1261664.288120239041746 ], [ 2615583.968124005477875, 1261653.381803501397371 ], [ 2615577.055088031571358, 1261643.556950791040435 ], [ 2615571.581727252807468, 1261636.337662163190544 ], [ 2615559.43923892872408, 1261632.558808192843571 ], [ 2615551.934685231652111, 1261627.05761292623356 ], [ 2615542.103580785915256, 1261626.742771183140576 ], [ 2615531.973353354260325, 1261628.450768099399284 ], [ 2615516.344835820607841, 1261632.445977009600028 ], [ 2615506.484366921707988, 1261643.372133531607687 ], [ 2615500.063925580587238, 1261667.004858232336119 ], [ 2615496.578729117289186, 1261671.610021543689072 ], [ 2615494.522751032374799, 1261682.845670310547575 ], [ 2615497.107654068153352, 1261691.213690964737907 ], [ 2615500.836204579100013, 1261703.042619545245543 ], [ 2615503.998922661878169, 1261709.399666113546118 ], [ 2615513.239231333136559, 1261713.748993090121076 ], [ 2615530.015675514470786, 1261714.371045199455693 ] ] } },
{ "type": "Feature", "properties": { "element": "way", "id": 898066383, "natural": "cliff" }, "geometry": { "type": "LineString", "coordinates": [ [ 2615199.95956677896902, 1259770.049467144301161 ], [ 2615187.810750834643841, 1259773.042647515889257 ], [ 2615182.676897024735808, 1259770.705719789024442 ], [ 2615171.462599602062255, 1259773.701323662651703 ], [ 2615163.521448063198477, 1259775.782460148679093 ], [ 2615156.736756227444857, 1259779.489881677785888 ], [ 2615150.649821066297591, 1259787.379702133126557 ], [ 2615146.433253950439394, 1259791.794164313003421 ], [ 2615141.761740959249437, 1259794.339536811923608 ], [ 2615125.64668549131602, 1259795.232425642199814 ], [ 2615108.135631690267473, 1259796.822280535940081 ] ] } },
{ "type": "Feature", "properties": { "element": "way", "id": 898066384, "natural": "cliff" }, "geometry": { "type": "LineString", "coordinates": [ [ 2615072.834003323223442, 1259797.310724200680852 ], [ 2615043.917778087314218, 1259811.847285072784871 ], [ 2614990.037224868778139, 1259813.089719272451475 ], [ 2614950.224367834627628, 1259827.376865040510893 ], [ 2614932.676084715873003, 1259840.830741052748635 ], [ 2614919.818428688682616, 1259850.104724775534123 ], [ 2614902.521989264525473, 1259856.354440862312913 ], [ 2614882.668530822265893, 1259860.496373585192487 ] ] } },
{ "type": "Feature", "properties": { "element": "way", "id": 898066385, "natural": "cliff" }, "geometry": { "type": "LineString", "coordinates": [ [ 2614509.617490542121232, 1259985.725247418507934 ], [ 2614510.464099832810462, 1259972.340463074157014 ], [ 2614512.116226979531348, 1259965.473175737308338 ], [ 2614510.493388385046273, 1259960.354631785769016 ], [ 2614505.015621391590685, 1259956.849993394454941 ], [ 2614499.999413597863168, 1259955.670284556923434 ], [ 2614496.250122688245028, 1259960.319844145094976 ], [ 2614493.673649051692337, 1259966.128608016530052 ], [ 2614488.632434635888785, 1259975.200241498881951 ] ] } },
{ "type": "Feature", "properties": { "element": "way", "id": 898066386, "natural": "cliff" }, "geometry": { "type": "LineString", "coordinates": [ [ 2614249.192917769309133, 1259978.812614027410746 ], [ 2614247.08785378979519, 1259982.988175050821155 ], [ 2614240.765615286771208, 1259989.0326742536854 ], [ 2614234.24411694239825, 1259983.891342974733561 ] ] } },
{ "type": "Feature", "properties": { "element": "way", "id": 898066387, "natural": "cliff" }, "geometry": { "type": "LineString", "coordinates": [ [ 2614278.699461787939072, 1259943.270458527375013 ], [ 2614264.9127929341048, 1259947.651429165154696 ], [ 2614262.782813637517393, 1259959.054044834105298 ], [ 2614257.638970045838505, 1259963.933897930663079 ], [ 2614254.131340783089399, 1259965.315308728953823 ] ] } },
{ "type": "Feature", "properties": { "element": "way", "id": 898066388, "natural": "cliff" }, "geometry": { "type": "LineString", "coordinates": [ [ 2614311.272373903542757, 1259892.603366050403565 ], [ 2614304.958661139477044, 1259898.169714088318869 ], [ 2614307.736643212847412, 1259905.625898582395166 ], [ 2614309.108637314289808, 1259917.970900775399059 ] ] } },
{ "type": "Feature", "properties": { "element": "way", "id": 898066389, "natural": "cliff" }, "geometry": { "type": "LineString", "coordinates": [ [ 2614504.361225464381278, 1259795.894886796595529 ], [ 2614498.737148570362478, 1259802.863660260569304 ], [ 2614494.173840333241969, 1259807.511231826385483 ], [ 2614486.807330896612257, 1259812.029662744607776 ], [ 2614482.013830226380378, 1259815.275733209680766 ], [ 2614479.550921829883009, 1259820.851286238990724 ] ] } },
{ "type": "Feature", "properties": { "element": "way", "id": 898066390, "natural": "cliff" }, "geometry": { "type": "LineString", "coordinates": [ [ 2614451.174368557985872, 1259824.862705797655508 ], [ 2614443.8164052804932, 1259825.88995722681284 ], [ 2614439.143904914613813, 1259825.878594355192035 ], [ 2614432.480307679623365, 1259829.58714128867723 ], [ 2614428.392236767802387, 1259830.978156360099092 ], [ 2614423.961468651890755, 1259830.733901302097365 ], [ 2614418.357307320926338, 1259829.552834482165053 ] ] } },
{ "type": "Feature", "properties": { "element": "way", "id": 898066391, "natural": "cliff" }, "geometry": { "type": "LineString", "coordinates": [ [ 2614542.472501948010176, 1259679.019996107090265 ], [ 2614543.732027684338391, 1259687.873517224797979 ], [ 2614539.275381403043866, 1259695.078600881854072 ], [ 2614530.049179901834577, 1259698.780763185117394 ], [ 2614519.761906393337995, 1259704.926446110475808 ], [ 2614522.894221277441829, 1259712.261289153480902 ], [ 2614524.38968249456957, 1259720.181418229592964 ], [ 2614524.842717777937651, 1259725.99757508863695 ], [ 2614522.265974337235093, 1259728.782051825895905 ], [ 2614519.932513102889061, 1259727.620007233927026 ], [ 2614518.981068063527346, 1259737.624457311816514 ], [ 2614514.646068453788757, 1259741.338604689342901 ], [ 2614514.524489235132933, 1259744.82956072082743 ], [ 2614514.284882406704128, 1259747.275076070567593 ] ] } },
{ "type": "Feature", "properties": { "element": "way", "id": 898066392, "natural": "cliff" }, "geometry": { "type": "LineString", "coordinates": [ [ 2614567.032517444808036, 1259612.045925339218229 ], [ 2614566.6641258536838, 1259620.895456501049921 ], [ 2614564.660786633845419, 1259626.472098470665514 ], [ 2614563.007087671663612, 1259633.917529690312222 ], [ 2614563.225314388051629, 1259640.200094988802448 ], [ 2614562.051999525632709, 1259642.298640174325556 ] ] } },
{ "type": "Feature", "properties": { "element": "way", "id": 898066393, "natural": "cliff" }, "geometry": { "type": "LineString", "coordinates": [ [ 2614537.242568342480808, 1259620.356377012329176 ], [ 2614533.954914551228285, 1259627.208528715418652 ], [ 2614532.664858922827989, 1259630.818928552791476 ], [ 2614528.10539026837796, 1259633.832041605142877 ], [ 2614522.606828267220408, 1259638.710792606463656 ], [ 2614519.792446649633348, 1259643.118009682744741 ], [ 2614518.373582435306162, 1259650.097045029513538 ], [ 2614518.478781132958829, 1259656.390451177721843 ], [ 2614519.268556904513389, 1259666.276851281523705 ] ] } },
{ "type": "Feature", "properties": { "element": "way", "id": 898066394, "natural": "cliff" }, "geometry": { "type": "LineString", "coordinates": [ [ 2614564.871445050928742, 1259540.581155208405107 ], [ 2614565.0828289212659, 1259549.654479244723916 ], [ 2614561.555742860771716, 1259558.840940334135666 ], [ 2614558.631079846527427, 1259562.091529562836513 ], [ 2614556.634665578603745, 1259567.912800232646987 ], [ 2614556.03198347100988, 1259573.959860450588167 ] ] } },
{ "type": "Feature", "properties": { "element": "way", "id": 898066395, "natural": "cliff" }, "geometry": { "type": "LineString", "coordinates": [ [ 2614403.851919363252819, 1259312.879165703663602 ], [ 2614409.090468541253358, 1259318.951524073723704 ], [ 2614413.157976564951241, 1259326.177382277557626 ], [ 2614417.217566270381212, 1259336.660981817403808 ], [ 2614419.990226021967828, 1259349.465252718422562 ], [ 2614419.490705923177302, 1259362.739680834114552 ] ] } },
{ "type": "Feature", "properties": { "element": "way", "id": 901611661, "natural": "cliff" }, "geometry": { "type": "LineString", "coordinates": [ [ 2613073.743584783282131, 1253718.6625959884841 ], [ 2613084.625709729734808, 1253737.643459528684616 ], [ 2613076.515414790250361, 1253744.68583011883311 ], [ 2613053.88276870502159, 1253731.116095377597958 ], [ 2613042.556873902212828, 1253728.678548217518255 ], [ 2613028.810644070152193, 1253722.188609923701733 ], [ 2613017.502388039603829, 1253711.67916535702534 ], [ 2613007.8067791396752, 1253701.973796674981713 ], [ 2612990.006219203583896, 1253700.322721677133814 ], [ 2612971.369791301432997, 1253708.342915728921071 ], [ 2612951.917384546250105, 1253720.408502175938338 ], [ 2612934.097571822348982, 1253727.630064761964604 ], [ 2612906.568049565888941, 1253731.606258356478065 ], [ 2612888.758806017227471, 1253733.991461035097018 ], [ 2612858.022601866628975, 1253724.240783903282136 ] ] } },
{ "type": "Feature", "properties": { "element": "way", "id": 901611662, "natural": "cliff" }, "geometry": { "type": "LineString", "coordinates": [ [ 2613578.562010651919991, 1253644.344065785873681 ], [ 2613562.35216520447284, 1253656.403932136949152 ], [ 2613549.363907864317298, 1253671.706647590268403 ], [ 2613525.031601673457772, 1253692.631746380822733 ], [ 2613505.600224871654063, 1253698.235749802552164 ], [ 2613484.537519061006606, 1253704.647763645043597 ], [ 2613460.242118462920189, 1253709.429242815123871 ], [ 2613430.277744826860726, 1253719.045655005378649 ], [ 2613417.308178459759802, 1253726.276718682609499 ], [ 2613402.727847976610065, 1253731.892006997251883 ], [ 2613388.956561593804508, 1253736.708625185070559 ], [ 2613361.424972594715655, 1253741.483225183328614 ], [ 2613351.692214143462479, 1253751.957171522080898 ], [ 2613340.368326368741691, 1253748.696293681394309 ], [ 2613329.044401228893548, 1253745.446555937640369 ], [ 2613320.122231747955084, 1253751.074732075212523 ], [ 2613311.207623285707086, 1253756.702938652597368 ], [ 2613296.638282404281199, 1253757.481992647983134 ], [ 2613289.347484827507287, 1253762.302216961979866 ], [ 2613273.150810861028731, 1253765.490393698448315 ], [ 2613255.333975026383996, 1253767.874475977849215 ], [ 2613238.331907280255109, 1253770.260425482643768 ], [ 2613229.410233444534242, 1253779.113086806377396 ], [ 2613220.492170017678291, 1253786.353596186731011 ], [ 2613209.171832362189889, 1253781.491921985289082 ], [ 2613186.507879615295678, 1253782.242156020365655 ], [ 2613171.952925344929099, 1253776.561736371833831 ], [ 2613164.660492619965225, 1253778.769277787301689 ], [ 2613156.983408988919109, 1253774.115901007317007 ], [ 2613151.112399097997695, 1253774.903443678282201 ] ] } },
{ "type": "Feature", "properties": { "element": "way", "id": 901925207, "natural": "cliff" }, "geometry": { "type": "LineString", "coordinates": [ [ 2612790.218027176335454, 1253639.160891571315005 ], [ 2612787.972105256747454, 1253648.640085670398548 ], [ 2612773.593967383727431, 1253651.633407338755205 ], [ 2612768.925780277233571, 1253657.883062586886808 ], [ 2612769.316291028633714, 1253665.744632784742862 ], [ 2612764.643801223486662, 1253674.006718778284267 ], [ 2612752.701610205695033, 1253677.416700928937644 ], [ 2612739.329306743107736, 1253682.824962362647057 ], [ 2612724.360451844055206, 1253683.404438745463267 ], [ 2612713.232213107869029, 1253680.156300204107538 ], [ 2612700.700971393845975, 1253673.269459519768134 ], [ 2612687.559718769975007, 1253669.4055581970606 ], [ 2612676.62549264030531, 1253674.218766210833564 ], [ 2612669.122987953014672, 1253679.450683912960812 ], [ 2612658.806047658901662, 1253677.816548492759466 ], [ 2612642.425767407286912, 1253675.157765081850812 ], [ 2612630.889059844426811, 1253675.944904651725665 ], [ 2612617.12985414173454, 1253675.304193288553506 ], [ 2612603.782716481015086, 1253672.451818886678666 ], [ 2612588.80374071886763, 1253674.243526035454124 ], [ 2612569.570214216131717, 1253679.439639175543562 ], [ 2612558.633652118034661, 1253681.84036040934734 ], [ 2612553.176818062085658, 1253679.405025337124243 ] ] } },
{ "type": "Feature", "properties": { "element": "way", "id": 901925208, "natural": "cliff" }, "geometry": { "type": "LineString", "coordinates": [ [ 2612300.028952354099602, 1253684.724579431582242 ], [ 2612286.068934266921133, 1253682.683300728676841 ], [ 2612269.283205473795533, 1253679.01293654483743 ], [ 2612250.456431608181447, 1253680.997698958264664 ], [ 2612235.063664371147752, 1253689.638403571676463 ], [ 2612228.182195111177862, 1253690.224652624689043 ], [ 2612219.266049161553383, 1253697.066407897043973 ], [ 2612209.136061140801758, 1253699.869695130269974 ], [ 2612205.282040157355368, 1253706.721860771998763 ], [ 2612203.037491800729185, 1253716.001147879986092 ], [ 2612200.599610720295459, 1253720.232271298300475 ], [ 2612198.571597632486373, 1253723.25232689990662 ] ] } },
{ "type": "Feature", "properties": { "element": "way", "id": 901925209, "natural": "cliff" }, "geometry": { "type": "LineString", "coordinates": [ [ 2612826.884574142284691, 1253711.865449941251427 ], [ 2612813.769547291100025, 1253695.904467561049387 ], [ 2612798.361080860719085, 1253707.968152137473226 ], [ 2612788.85160175524652, 1253709.771123089594766 ], [ 2612774.885338354855776, 1253710.741772293578833 ], [ 2612755.868401932530105, 1253709.900435576913878 ], [ 2612745.135081370361149, 1253712.501379853812978 ], [ 2612732.385143294464797, 1253712.67420826619491 ], [ 2612713.968086244538426, 1253717.07107276818715 ], [ 2612692.917082438245416, 1253718.43815984018147 ], [ 2612677.937366264406592, 1253720.618784924270585 ], [ 2612666.598419388290495, 1253724.230358543340117 ], [ 2612653.445669916924089, 1253725.81454055570066 ], [ 2612635.840380916371942, 1253724.565210374537855 ], [ 2612617.005772429518402, 1253733.809127223677933 ], [ 2612601.631980504840612, 1253729.740549644920975 ], [ 2612584.02696936391294, 1253731.926970437169075 ], [ 2612566.024408725090325, 1253729.465098385000601 ], [ 2612544.37422596430406, 1253728.807893441058695 ], [ 2612532.232516082003713, 1253726.769867430208251 ], [ 2612521.915199836716056, 1253725.336101492866874 ], [ 2612505.522276659496129, 1253728.726098068291321 ], [ 2612496.41065479721874, 1253731.531034428160638 ], [ 2612482.239939429331571, 1253732.913327120942995 ], [ 2612464.024752330500633, 1253734.698561214841902 ], [ 2612455.12867341702804, 1253731.85584834497422 ], [ 2612438.945016749203205, 1253728.997907758690417 ], [ 2612423.970853555481881, 1253732.190964941401035 ], [ 2612409.386469931807369, 1253736.596782289678231 ], [ 2612392.179302157368511, 1253739.785262835677713 ], [ 2612385.911443368066102, 1253739.171815633075312 ], [ 2612379.045955307316035, 1253732.097321682609618 ], [ 2612368.317464804276824, 1253732.475272862706333 ], [ 2612360.03199049225077, 1253729.834104317240417 ], [ 2612329.066118960734457, 1253732.193674488924444 ], [ 2612314.091981370933354, 1253731.76240055821836 ], [ 2612297.705860659014434, 1253731.928641352336854 ], [ 2612284.752289888914675, 1253732.102013733703643 ], [ 2612267.537680913228542, 1253738.926569033181295 ], [ 2612259.636634113732725, 1253743.74680248554796 ], [ 2612230.486982550937682, 1253750.758136332035065 ], [ 2612226.839898472651839, 1253752.362813619663939 ], [ 2612223.993404009845108, 1253757.193483613664284 ], [ 2612190.378856127616018, 1253771.044799288967624 ], [ 2612174.786430886015296, 1253777.872948557138443 ], [ 2612164.276567921973765, 1253770.991379640065134 ], [ 2612156.371923031285405, 1253777.635167052736506 ], [ 2612158.787915463093668, 1253784.088795276591554 ], [ 2612150.278406473807991, 1253787.707140918122604 ], [ 2612136.715275016147643, 1253790.90380675625056 ], [ 2612123.357476871926337, 1253793.300394764170051 ], [ 2612109.586159984115511, 1253798.720385560533032 ], [ 2612101.284504846204072, 1253800.315669648814946 ], [ 2612088.533128961455077, 1253801.301528416574001 ], [ 2612084.475648950319737, 1253808.142242606263608 ], [ 2612083.046726758591831, 1253813.387242089491338 ], [ 2612074.344434904865921, 1253815.393132568802685 ], [ 2612068.254366520326585, 1253823.853025561431423 ], [ 2612061.776769778225571, 1253826.252592165023088 ], [ 2612052.673662168439478, 1253825.033355869352818 ], [ 2612049.016878956463188, 1253831.474642684450373 ], [ 2612046.571389903780073, 1253839.541675566695631 ], [ 2612036.053324589505792, 1253836.69630881678313 ], [ 2612026.349994036369026, 1253833.852607371518388 ], [ 2612021.879508342128247, 1253843.527731360401958 ], [ 2612016.600828713271767, 1253849.965761986095458 ], [ 2612006.285046502482146, 1253851.55711246537976 ], [ 2611996.365610174834728, 1253851.136843051528558 ], [ 2611993.132117902394384, 1253849.718283929629251 ] ] } },
{ "type": "Feature", "properties": { "element": "way", "id": 902030523, "natural": "cliff" }, "geometry": { "type": "LineString", "coordinates": [ [ 2611762.470684813801199, 1255786.984203832689673 ], [ 2611772.380932335741818, 1255786.603539609117433 ], [ 2611779.048725556116551, 1255789.841101733734831 ], [ 2611807.98301972867921, 1255791.010309029370546 ], [ 2611827.188368115574121, 1255796.196323379408568 ], [ 2611835.78599737631157, 1255796.013289029942825 ], [ 2611837.057677966542542, 1255816.384908847277984 ] ] } },
{ "type": "Feature", "properties": { "element": "way", "id": 902032171, "natural": "cliff" }, "geometry": { "type": "LineString", "coordinates": [ [ 2611894.844302996993065, 1255848.254605270456523 ], [ 2611904.130301479250193, 1255854.521777116693556 ], [ 2611910.794317512307316, 1255859.57179681933485 ], [ 2611915.222571959253401, 1255873.901294005103409 ] ] } },
{ "type": "Feature", "properties": { "element": "way", "id": 902032172, "natural": "cliff" }, "geometry": { "type": "LineString", "coordinates": [ [ 2611809.734565433114767, 1255771.044963656459004 ], [ 2611819.644842867739499, 1255770.664378674002364 ], [ 2611826.312628323212266, 1255773.901993946172297 ], [ 2611830.759194569662213, 1255779.158765784464777 ], [ 2611843.984225847292691, 1255791.893523599952459 ], [ 2611858.537896323949099, 1255796.358796881046146 ], [ 2611869.043307462241501, 1255803.840259620454162 ], [ 2611877.92164990818128, 1255814.14259115466848 ], [ 2611881.135974193457514, 1255824.633754678536206 ], [ 2611881.131133412476629, 1255827.057577911997214 ] ] } },
{ "type": "Feature", "properties": { "element": "way", "id": 905455113, "natural": "cliff" }, "geometry": { "type": "LineString", "coordinates": [ [ 2603143.284520078916103, 1255271.325036230031401 ], [ 2603130.866740311030298, 1255263.468967919005081 ], [ 2603127.892024082597345, 1255254.917334016645327 ], [ 2603127.202111576218158, 1255247.24523990531452 ], [ 2603128.774299388751388, 1255240.619449899531901 ] ] } },
{ "type": "Feature", "properties": { "element": "way", "id": 905455114, "natural": "cliff" }, "geometry": { "type": "LineString", "coordinates": [ [ 2603405.48430615151301, 1255300.586247618775815 ], [ 2603400.58656020462513, 1255305.820285111200064 ], [ 2603395.1620601140894, 1255308.952641322975978 ], [ 2603391.140973250381649, 1255311.040654420852661 ], [ 2603383.091844850685447, 1255314.182667936664075 ], [ 2603378.187470471486449, 1255317.837898736819625 ], [ 2603371.541375565342605, 1255320.624921639915556 ], [ 2603368.389293458778411, 1255319.744805505266413 ] ] } },
{ "type": "Feature", "properties": { "element": "way", "id": 905455115, "natural": "cliff" }, "geometry": { "type": "LineString", "coordinates": [ [ 2603172.297473104670644, 1255317.381723028374836 ], [ 2603170.545710002072155, 1255321.216674725990742 ], [ 2603161.972511167638004, 1255317.198424737434834 ], [ 2603159.704271961469203, 1255313.528147569159046 ], [ 2603153.755775458179414, 1255309.344503404805437 ], [ 2603154.458461015019566, 1255306.898807843914255 ], [ 2603152.709607669152319, 1255305.163416593102738 ], [ 2603150.260799944400787, 1255300.625809089979157 ], [ 2603148.866426354274154, 1255298.879485042998567 ], [ 2603148.167373528704047, 1255294.342788963578641 ], [ 2603150.438624776899815, 1255292.253699794411659 ], [ 2603153.764858811162412, 1255291.910759580787271 ] ] } },
{ "type": "Feature", "properties": { "element": "way", "id": 905455116, "natural": "cliff" }, "geometry": { "type": "LineString", "coordinates": [ [ 2603234.017889737617224, 1255352.45979264844209 ], [ 2603233.916901630349457, 1255357.963378317654133 ], [ 2603231.751839753240347, 1255358.918409215286374 ], [ 2603226.503736446611583, 1255356.814218223560601 ], [ 2603223.004341358318925, 1255356.645575970644131 ], [ 2603218.456987767014652, 1255355.764796526404098 ], [ 2603213.382153862155974, 1255354.016500222496688 ], [ 2603208.521051727235317, 1255347.442908352706581 ] ] } },
{ "type": "Feature", "properties": { "element": "way", "id": 905455117, "natural": "cliff" }, "geometry": { "type": "LineString", "coordinates": [ [ 2603299.254367318935692, 1255369.606344270985574 ], [ 2603295.620769090019166, 1255380.44486581441015 ], [ 2603270.97955851489678, 1255383.433472724165767 ], [ 2603245.53856646688655, 1255373.035121591528878 ], [ 2603228.582187097519636, 1255362.696994589176029 ], [ 2603220.880614174995571, 1255364.961056126980111 ], [ 2603214.17109820060432, 1255359.598388205049559 ], [ 2603202.28305601561442, 1255348.873885535635054 ], [ 2603198.80577514320612, 1255335.39646852761507 ] ] } },
{ "type": "Feature", "properties": { "element": "way", "id": 907093911, "natural": "cliff" }, "geometry": { "type": "LineString", "coordinates": [ [ 2604061.027090851217508, 1251180.369684782344848 ], [ 2604071.961882123723626, 1251171.093258485663682 ], [ 2604086.141242776997387, 1251163.030950336018577 ], [ 2604100.115213984623551, 1251157.392332557355985 ], [ 2604110.236351280473173, 1251157.187981330556795 ], [ 2604121.773758446332067, 1251160.831558690173551 ], [ 2604130.472940402105451, 1251165.073601520853117 ], [ 2604125.606781665235758, 1251173.353423142340034 ], [ 2604112.033351190853864, 1251189.287829129258171 ], [ 2604099.676211610902101, 1251203.599818063201383 ], [ 2604087.923041664995253, 1251217.723231479292735 ], [ 2604079.007702322676778, 1251231.8374710730277 ], [ 2604073.125566998496652, 1251247.176791084231809 ], [ 2604075.753406343050301, 1251256.262246563564986 ], [ 2604072.302329326514155, 1251270.380196785321459 ], [ 2604063.988016511779279, 1251288.742071066517383 ], [ 2604058.311382376588881, 1251301.657749813748524 ], [ 2604054.256870984099805, 1251315.375045845052227 ], [ 2604054.2456044270657, 1251332.11925168777816 ], [ 2604054.241392560303211, 1251338.37887200829573 ], [ 2604039.256035573314875, 1251344.828561200760305 ], [ 2604018.806076787412167, 1251352.075161931337789 ], [ 2603997.549160462804139, 1251358.520777923520654 ], [ 2603980.133219710551202, 1251365.780644063837826 ], [ 2603966.769309470895678, 1251374.244007179979235 ], [ 2603955.021434786729515, 1251381.296431876253337 ], [ 2603942.061936919111758, 1251383.111350676743314 ], [ 2603931.136165134143084, 1251379.468520021997392 ], [ 2603933.163384448271245, 1251372.4096981768962 ], [ 2603930.540953460615128, 1251366.348494266625494 ], [ 2603936.009918208699673, 1251358.88054008455947 ], [ 2603939.250911159440875, 1251353.846050531370565 ] ] } },
{ "type": "Feature", "properties": { "element": "way", "id": 907093912, "natural": "cliff" }, "geometry": { "type": "LineString", "coordinates": [ [ 2603886.436885059345514, 1251481.750495565123856 ], [ 2603894.837276034522802, 1251480.744146759156138 ], [ 2603901.615200838539749, 1251479.547748001292348 ], [ 2603906.980294747743756, 1251480.752002854133025 ], [ 2603915.281136443838477, 1251481.969286645995453 ], [ 2603919.430894653312862, 1251483.59526063175872 ], [ 2603921.551191894337535, 1251484.197029792936519 ] ] } },
{ "type": "Feature", "properties": { "element": "way", "id": 907093913, "natural": "cliff" }, "geometry": { "type": "LineString", "coordinates": [ [ 2603910.198756793979555, 1251510.317757582524791 ], [ 2603912.629182463511825, 1251509.819008943159133 ], [ 2603916.175899587571621, 1251510.321637001819909 ], [ 2603920.220046186819673, 1251511.847478014184162 ], [ 2603923.961598542518914, 1251514.473840647842735 ], [ 2603925.983050632756203, 1251516.187381273601204 ] ] } },
{ "type": "Feature", "properties": { "element": "way", "id": 907093914, "natural": "cliff" }, "geometry": { "type": "LineString", "coordinates": [ [ 2603938.532736898399889, 1251517.407466241857037 ], [ 2603943.295747147407383, 1251515.998550583608449 ], [ 2603946.835704550147057, 1251515.289293382782489 ], [ 2603952.503682231530547, 1251514.892746797762811 ], [ 2603958.171660675667226, 1251514.496205645380542 ], [ 2603963.636546400841326, 1251513.076648952206597 ], [ 2603966.067304661031812, 1251512.07759710890241 ], [ 2603969.208145595155656, 1251510.056126417824998 ], [ 2603973.253612628206611, 1251509.558466423302889 ], [ 2603976.394457356072962, 1251507.536999560426921 ], [ 2603982.36538573121652, 1251505.528521970380098 ], [ 2603990.570003614295274, 1251503.821724177338183 ], [ 2603990.164612729568034, 1251500.586018492933363 ], [ 2603993.909486242569983, 1251498.164700627559796 ], [ 2603999.889386367518455, 1251494.032643589889631 ], [ 2604008.593867350835353, 1251489.702274171169847 ] ] } },
{ "type": "Feature", "properties": { "element": "way", "id": 907097978, "natural": "cliff" }, "geometry": { "type": "LineString", "coordinates": [ [ 2604114.319902196060866, 1249321.625865765148774 ], [ 2604121.20728707453236, 1249318.606402097037062 ], [ 2604127.077635543886572, 1249323.446868838742375 ], [ 2604130.927000132389367, 1249324.872645656345412 ], [ 2604134.774917034432292, 1249317.403805447043851 ], [ 2604139.4293356644921, 1249322.854955160059035 ], [ 2604144.290225549601018, 1249324.470446344232187 ], [ 2604143.88892771769315, 1249315.186412266455591 ], [ 2604148.341580305248499, 1249317.613259907113388 ], [ 2604151.98502543894574, 1249322.051960642216727 ], [ 2604155.227323226165026, 1249317.006499955197796 ], [ 2604160.494361408054829, 1249320.845939182443544 ], [ 2604165.959076173137873, 1249322.673112365882844 ], [ 2604168.185395586304367, 1249323.886544096050784 ] ] } },
{ "type": "Feature", "properties": { "element": "way", "id": 907097979, "natural": "cliff" }, "geometry": { "type": "LineString", "coordinates": [ [ 2604002.136789782904088, 1249324.985878239851445 ], [ 2604013.880717473104596, 1249318.734098181826994 ], [ 2604040.208799082320184, 1249315.31614007265307 ], [ 2604051.754588038194925, 1249311.899462031666189 ], [ 2604057.826798212248832, 1249319.775284178787842 ], [ 2604068.361890067346394, 1249314.934819204732776 ], [ 2604071.188527982216328, 1249321.596573434537277 ], [ 2604077.867956673260778, 1249324.625259445048869 ] ] } },
{ "type": "Feature", "properties": { "element": "way", "id": 907097980, "natural": "cliff" }, "geometry": { "type": "LineString", "coordinates": [ [ 2603964.475790561642498, 1249318.301151944790035 ], [ 2603969.740320430602878, 1249314.668940343428403 ], [ 2603974.597005145158619, 1249322.744005884043872 ] ] } },
{ "type": "Feature", "properties": { "element": "way", "id": 907097981, "natural": "cliff" }, "geometry": { "type": "LineString", "coordinates": [ [ 2604325.320793809834868, 1249329.245174824260175 ], [ 2604331.789122852496803, 1249342.169259649701416 ], [ 2604347.57077259849757, 1249359.136004415806383 ], [ 2604352.836627589538693, 1249364.387635401682928 ], [ 2604348.37242474174127, 1249378.115478680934757 ] ] } },
{ "type": "Feature", "properties": { "element": "way", "id": 907097982, "natural": "cliff" }, "geometry": { "type": "LineString", "coordinates": [ [ 2604298.207421198952943, 1249300.963107323972508 ], [ 2604312.378818513359874, 1249300.161606635898352 ], [ 2604314.804034522268921, 1249308.246328550390899 ], [ 2604308.305590128991753, 1249337.304841712582856 ] ] } },
{ "type": "Feature", "properties": { "element": "way", "id": 907097983, "natural": "cliff" }, "geometry": { "type": "LineString", "coordinates": [ [ 2603937.334418133366853, 1249330.191039939178154 ], [ 2603944.628308426588774, 1249317.276373280677944 ], [ 2603953.943837053608149, 1249318.494365786435083 ], [ 2603957.581597046460956, 1249331.816443275427446 ] ] } },
{ "type": "Feature", "properties": { "element": "way", "id": 907097984, "natural": "cliff" }, "geometry": { "type": "LineString", "coordinates": [ [ 2603878.598465362563729, 1249341.048891356214881 ], [ 2603883.056660755071789, 1249335.003418777370825 ], [ 2603893.58845331100747, 1249335.010207628598437 ], [ 2603900.470885544549674, 1249339.450845277169719 ] ] } },
{ "type": "Feature", "properties": { "element": "way", "id": 907097985, "natural": "cliff" }, "geometry": { "type": "LineString", "coordinates": [ [ 2604344.790940200909972, 1249288.077111533842981 ], [ 2604334.250347256660461, 1249300.177312405779958 ], [ 2604339.504637563601136, 1249311.08812326262705 ], [ 2604345.579523713327944, 1249314.728180658305064 ], [ 2604362.996386747341603, 1249315.141036577057093 ] ] } },
{ "type": "Feature", "properties": { "element": "way", "id": 907477869, "natural": "cliff" }, "geometry": { "type": "LineString", "coordinates": [ [ 2597498.633208198472857, 1250105.045230152783915 ], [ 2597506.729799624532461, 1250097.770348293706775 ], [ 2597523.731281800661236, 1250084.44328256114386 ], [ 2597544.777926189824939, 1250068.69074851158075 ], [ 2597571.501004419289529, 1250052.124252641107887 ], [ 2597599.031616932246834, 1250034.757023498648778 ] ] } },
{ "type": "Feature", "properties": { "element": "way", "id": 907477870, "natural": "cliff" }, "geometry": { "type": "LineString", "coordinates": [ [ 2597022.081201537046582, 1250230.819532492896542 ], [ 2597167.864741728175431, 1250243.654521915363148 ], [ 2597245.597429807763547, 1250223.837418818380684 ], [ 2597315.64037257572636, 1250191.516829241067171 ], [ 2597335.073294946458191, 1250181.41239197878167 ], [ 2597356.929202325642109, 1250170.906647648429498 ], [ 2597374.747963438741863, 1250163.226871269522235 ], [ 2597394.182725192513317, 1250156.758311516838148 ], [ 2597400.24543712567538, 1250142.624214253155515 ], [ 2597411.98513535130769, 1250129.299204239621758 ], [ 2597435.066595665179193, 1250124.041035269387066 ], [ 2597451.663073272444308, 1250117.173672161763534 ], [ 2597482.427884423639625, 1250091.721464501693845 ], [ 2597511.976569161750376, 1250063.857274842215702 ], [ 2597538.287625425960869, 1250037.206514745019376 ], [ 2597575.52839994058013, 1250007.716086810454726 ], [ 2597616.825124619528651, 1249982.671528053004295 ] ] } },
{ "type": "Feature", "properties": { "element": "way", "id": 907477880, "natural": "cliff" }, "geometry": { "type": "LineString", "coordinates": [ [ 2598364.128903634380549, 1249871.581465637311339 ], [ 2598376.080516374669969, 1249877.037106562172994 ], [ 2598395.920494894031435, 1249881.467648713849485 ], [ 2598426.903455500025302, 1249888.530182305956259 ], [ 2598458.490419428329915, 1249896.181982724927366 ], [ 2598489.473174708895385, 1249903.044714969582856 ], [ 2598511.139452401082963, 1249906.063132569426671 ], [ 2598526.532646391540766, 1249909.494641942670569 ] ] } },
{ "type": "Feature", "properties": { "element": "way", "id": 907477890, "natural": "cliff" }, "geometry": { "type": "LineString", "coordinates": [ [ 2597423.849988268688321, 1250176.224215797614306 ], [ 2597426.579961132258177, 1250170.363651249324903 ], [ 2597428.299061066005379, 1250165.926681840326637 ], [ 2597427.79132127482444, 1250161.490707863355055 ], [ 2597423.538373367395252, 1250154.621502208756283 ], [ 2597418.87870172644034, 1250149.787130567710847 ], [ 2597413.003186876419932, 1250143.830360957887024 ], [ 2597414.518925388809294, 1250140.405244331341237 ], [ 2597421.50955831957981, 1250141.714067401131615 ], [ 2597430.622478291392326, 1250145.534686011495069 ], [ 2597435.788447008468211, 1250151.591853941557929 ], [ 2597440.953104723710567, 1250154.724914760328829 ], [ 2597453.101212327368557, 1250160.067425861721858 ] ] } },
{ "type": "Feature", "properties": { "element": "way", "id": 907483005, "natural": "cliff" }, "geometry": { "type": "LineString", "coordinates": [ [ 2598096.6040357244201, 1249724.514235915848985 ], [ 2598141.146054750308394, 1249707.143889690749347 ], [ 2598194.197967945132405, 1249695.007883419049904 ], [ 2598267.900934300851077, 1249694.984947186894715 ], [ 2598311.640013420488685, 1249716.774722767993808 ], [ 2598345.671261346898973, 1249740.991433867020532 ], [ 2598371.183798611629754, 1249754.704006331274286 ], [ 2598409.656471416354179, 1249762.776062508113682 ], [ 2598435.983959550503641, 1249776.088427827227861 ], [ 2598493.898455956485122, 1249795.852123254677281 ], [ 2598554.649665463715792, 1249810.367826864123344 ], [ 2598592.313370611984283, 1249816.017492608167231 ] ] } },
{ "type": "Feature", "properties": { "element": "way", "id": 907483006, "natural": "cliff" }, "geometry": { "type": "LineString", "coordinates": [ [ 2598151.693960339296609, 1249758.818240561755374 ], [ 2598184.898209994658828, 1249745.076473800465465 ], [ 2598220.530068539083004, 1249744.664956309134141 ], [ 2598256.97983960295096, 1249752.725535078207031 ], [ 2598273.592485668603331, 1249767.652317786822096 ], [ 2598290.197867228649557, 1249783.802161327796057 ] ] } },
{ "type": "Feature", "properties": { "element": "way", "id": 907483007, "natural": "cliff" }, "geometry": { "type": "LineString", "coordinates": [ [ 2597959.340737445745617, 1249776.239449260756373 ], [ 2598000.64267867943272, 1249756.845672945026308 ], [ 2598012.787548111751676, 1249751.993860942544416 ] ] } },
{ "type": "Feature", "properties": { "element": "way", "id": 907483008, "natural": "cliff" }, "geometry": { "type": "LineString", "coordinates": [ [ 2597904.685467776376754, 1249818.241868274752051 ], [ 2597924.11827992182225, 1249801.69077058066614 ] ] } },
{ "type": "Feature", "properties": { "element": "way", "id": 907483009, "natural": "cliff" }, "geometry": { "type": "LineString", "coordinates": [ [ 2597830.589542518369853, 1249852.991888668155298 ], [ 2597872.698422068729997, 1249833.997167659457773 ], [ 2597877.558355529792607, 1249829.559166330844164 ] ] } },
{ "type": "Feature", "properties": { "element": "way", "id": 907483010, "natural": "cliff" }, "geometry": { "type": "LineString", "coordinates": [ [ 2596801.816561822313815, 1250274.532039986923337 ], [ 2596813.96782297687605, 1250271.289910169551149 ], [ 2596829.763442991767079, 1250278.95286129694432 ], [ 2596854.462913670111448, 1250280.56264933780767 ], [ 2596885.236920117866248, 1250278.522462264867499 ], [ 2596914.386952311731875, 1250274.470889103366062 ], [ 2596937.876307047437876, 1250271.634350480046123 ], [ 2596994.970677991397679, 1250267.157059856923297 ], [ 2597016.832130349706858, 1250269.169261088129133 ], [ 2597043.965085741598159, 1250276.415562819922343 ], [ 2597077.98686788789928, 1250278.021519736386836 ], [ 2597102.278651535045356, 1250279.621430050116032 ], [ 2597198.247121774591506, 1250273.925938168773428 ] ] } },
{ "type": "Feature", "properties": { "element": "way", "id": 907483011, "natural": "cliff" }, "geometry": { "type": "LineString", "coordinates": [ [ 2596831.71215081308037, 1250143.319651739206165 ], [ 2596858.042591359466314, 1250158.637423015898094 ], [ 2596887.197540673427284, 1250162.657599520869553 ], [ 2596911.89532523881644, 1250160.231685573235154 ], [ 2596932.141840106807649, 1250148.101961094187573 ] ] } },
{ "type": "Feature", "properties": { "element": "way", "id": 907483012, "natural": "cliff" }, "geometry": { "type": "LineString", "coordinates": [ [ 2596809.017772390507162, 1250110.221834587864578 ], [ 2596843.040956377983093, 1250126.35805424884893 ], [ 2596873.821434324141592, 1250134.813478382304311 ], [ 2596900.951504240743816, 1250135.199134008493274 ], [ 2596918.363665363285691, 1250130.353367816191167 ], [ 2596928.887823252473027, 1250118.640200538327917 ] ] } },
{ "type": "Feature", "properties": { "element": "way", "id": 907489933, "natural": "cliff" }, "geometry": { "type": "LineString", "coordinates": [ [ 2599009.576920602470636, 1248411.635425571352243 ], [ 2599004.311790681444108, 1248399.517489185323939 ], [ 2598990.534731231164187, 1248376.104974275454879 ], [ 2598966.226360590197146, 1248365.202473610173911 ], [ 2598930.176371760200709, 1248355.113959493115544 ], [ 2598886.424629571381956, 1248346.639348643366247 ], [ 2598848.751940690446645, 1248341.399209182942286 ], [ 2598824.043052591383457, 1248330.908751035574824 ], [ 2598809.455267142970115, 1248298.602241246728227 ], [ 2598799.323650818318129, 1248271.953993323259056 ], [ 2598804.581441320013255, 1248247.325966921867803 ], [ 2598817.943733817432076, 1248232.780464490642771 ], [ 2598843.872123062144965, 1248223.079922050470486 ], [ 2598850.343953534029424, 1248189.156842318829149 ], [ 2598833.730868352111429, 1248186.336264420766383 ], [ 2598814.287893020547926, 1248191.999548177234828 ], [ 2598786.671968352049589, 1248220.123503976268694 ], [ 2598781.038167918100953, 1248216.989387858193368 ], [ 2598765.361265487037599, 1248213.268220210215077 ], [ 2598759.832558573689312, 1248207.410133134108037 ], [ 2598762.330952213611454, 1248202.784393118694425 ], [ 2598781.215209718327969, 1248197.810391066130251 ] ] } },
{ "type": "Feature", "properties": { "element": "way", "id": 907489934, "natural": "cliff" }, "geometry": { "type": "LineString", "coordinates": [ [ 2598700.57124841446057, 1248206.578587752999738 ], [ 2598742.016772270668298, 1248195.32858841586858 ], [ 2598741.565702458377928, 1248204.21216071699746 ], [ 2598729.01009453041479, 1248212.564793307567015 ], [ 2598737.032733619678766, 1248227.483651652932167 ], [ 2598732.074795921798795, 1248241.282505179289728 ], [ 2598709.393807436339557, 1248251.78330210968852 ], [ 2598694.000782476738095, 1248267.130036210874096 ], [ 2598690.361084914300591, 1248299.040230946848169 ], [ 2598703.333708068821579, 1248331.747077552834526 ], [ 2598714.275363134220243, 1248366.06656627682969 ], [ 2598722.385685111861676, 1248401.998868858907372 ], [ 2598741.838324866723269, 1248442.776179244741797 ], [ 2598748.731077618896961, 1248471.448585474630818 ], [ 2598733.750007853843272, 1248503.350201008841395 ] ] } },
{ "type": "Feature", "properties": { "element": "way", "id": 907489939, "natural": "cliff" }, "geometry": { "type": "LineString", "coordinates": [ [ 2598633.143278256990016, 1248686.502487059449777 ], [ 2598630.721411316189915, 1248725.061174516798928 ], [ 2598627.079820255283266, 1248746.664828264620155 ], [ 2598607.436970480717719, 1248760.200572991976514 ], [ 2598589.823796932585537, 1248767.876554700545967 ], [ 2598586.987736786250025, 1248779.384658926166594 ], [ 2598579.095083115622401, 1248799.377267153002322 ], [ 2598567.156532618682832, 1248823.406841582385823 ], [ 2598555.618501162156463, 1248848.436982117127627 ], [ 2598538.407289392314851, 1248861.772208446636796 ], [ 2598518.965381864923984, 1248861.977408915059641 ], [ 2598490.614745283033699, 1248864.408699247287586 ], [ 2598465.911129342857748, 1248867.639648684766144 ] ] } },
{ "type": "Feature", "properties": { "element": "way", "id": 907489940, "natural": "cliff" }, "geometry": { "type": "LineString", "coordinates": [ [ 2598356.349364024586976, 1248868.281910227146 ], [ 2598351.692607691977173, 1248874.331594388466328 ], [ 2598332.251757964491844, 1248877.972949348855764 ], [ 2598322.127941195853055, 1248881.611605196027085 ], [ 2598308.766466464847326, 1248889.898674152558669 ], [ 2598295.598724595271051, 1248889.491237576352432 ], [ 2598282.642085017636418, 1248888.08312323782593 ], [ 2598272.108759794384241, 1248885.662538096308708 ] ] } },
{ "type": "Feature", "properties": { "element": "way", "id": 907489941, "natural": "cliff" }, "geometry": { "type": "LineString", "coordinates": [ [ 2598414.881977223791182, 1248878.760860874550417 ], [ 2598402.728461696766317, 1248887.247508051805198 ], [ 2598396.856944405008107, 1248896.332784284371883 ], [ 2598393.618752943817526, 1248899.357868225779384 ], [ 2598390.378213581629097, 1248894.110970648005605 ], [ 2598387.544577452354133, 1248886.03992159338668 ], [ 2598388.145549707114697, 1248875.332868533441797 ], [ 2598383.077079138252884, 1248867.462587146321312 ], [ 2598366.267796574160457, 1248859.195426365360618 ], [ 2598351.891535146627575, 1248857.376194514799863 ], [ 2598342.165709749795496, 1248853.743360209977254 ], [ 2598338.925751194357872, 1248850.720142586156726 ] ] } },
{ "type": "Feature", "properties": { "element": "way", "id": 907490933, "natural": "cliff" }, "geometry": { "type": "LineString", "coordinates": [ [ 2599532.933476173318923, 1248655.465526379179209 ], [ 2599531.718651553615928, 1248664.349119294900447 ], [ 2599504.990015478804708, 1248666.764283562079072 ], [ 2599478.253730059135705, 1248667.978798247408122 ], [ 2599464.482407010160387, 1248676.063165880506858 ], [ 2599445.447521109133959, 1248675.653777610976249 ], [ 2599421.143219909630716, 1248682.927739742211998 ], [ 2599404.94752588076517, 1248684.141434430144727 ], [ 2599384.288084077183157, 1248673.247915762010962 ], [ 2599371.323177043814212, 1248667.590248551452532 ], [ 2599355.118382729589939, 1248656.284930635243654 ] ] } },
{ "type": "Feature", "properties": { "element": "way", "id": 907490934, "natural": "cliff" }, "geometry": { "type": "LineString", "coordinates": [ [ 2599080.484269368462265, 1248530.743986601009965 ], [ 2599088.985952438320965, 1248528.31878973939456 ], [ 2599112.883398438803852, 1248525.090574606554583 ], [ 2599138.80560618173331, 1248529.122350944206119 ], [ 2599165.95006282441318, 1248527.094609169987962 ], [ 2599192.678950028959662, 1248523.054651088314131 ], [ 2599227.517166322562844, 1248517.801761314505711 ], [ 2599264.778784239664674, 1248509.31333581963554 ], [ 2599293.939206981100142, 1248505.673760578967631 ], [ 2599314.188712920993567, 1248493.563361420761794 ], [ 2599362.392137770075351, 1248489.110081645427272 ] ] } },
{ "type": "Feature", "properties": { "element": "way", "id": 907490935, "natural": "cliff" }, "geometry": { "type": "LineString", "coordinates": [ [ 2599862.646400571800768, 1248755.175350508652627 ], [ 2599821.331182801164687, 1248770.119894749950618 ], [ 2599803.920931215398014, 1248791.111923750955611 ], [ 2599784.372645430732518, 1248783.141056071966887 ], [ 2599771.611944609321654, 1248772.034556191414595 ], [ 2599738.199596507940441, 1248738.937311347806826 ], [ 2599742.04260254977271, 1248736.001876605674624 ], [ 2599746.09688047459349, 1248730.453643389279023 ] ] } },
{ "type": "Feature", "properties": { "element": "way", "id": 907490936, "natural": "cliff" }, "geometry": { "type": "LineString", "coordinates": [ [ 2599856.97867793077603, 1248827.455325653310865 ], [ 2599841.281468834728003, 1248825.032139389775693 ], [ 2599827.305331811308861, 1248813.225115796783939 ], [ 2599818.698202321305871, 1248819.173745618667454 ], [ 2599788.118637008126825, 1248804.032074615592137 ], [ 2599763.005562044680119, 1248792.325814075535163 ], [ 2599745.586291217245162, 1248781.831119701499119 ], [ 2599728.982189631555229, 1248767.700760542647913 ] ] } },
{ "type": "Feature", "properties": { "element": "way", "id": 907490937, "natural": "cliff" }, "geometry": { "type": "LineString", "coordinates": [ [ 2599685.246594553347677, 1248826.45231981575489 ], [ 2599637.853691012598574, 1248832.715191069291905 ], [ 2599617.604124932549894, 1248837.564273416530341 ], [ 2599592.897622082382441, 1248814.140061197103932 ], [ 2599578.309528474695981, 1248804.045886684209108 ], [ 2599565.351744764018804, 1248787.903278044657782 ], [ 2599547.524603899102658, 1248779.821862693410367 ], [ 2599524.035071925725788, 1248776.599700443446636 ], [ 2599509.863077647052705, 1248777.412663991563022 ] ] } },
{ "type": "Feature", "properties": { "element": "way", "id": 907490938, "natural": "cliff" }, "geometry": { "type": "LineString", "coordinates": [ [ 2599860.9243572675623, 1248739.832222871715203 ], [ 2599848.572127266786993, 1248747.104015432531014 ], [ 2599823.964779718313366, 1248734.685910811414942 ], [ 2599807.15007694857195, 1248737.410613697720692 ], [ 2599782.444936794228852, 1248734.987995301606134 ], [ 2599762.194091646932065, 1248724.093136253301054 ], [ 2599740.727750440128148, 1248716.822965026833117 ], [ 2599729.786665135528892, 1248708.751738225808367 ], [ 2599707.512077990919352, 1248697.445809371303767 ], [ 2599697.786489947233349, 1248688.562934910180047 ], [ 2599705.487520394381136, 1248680.890858710510656 ], [ 2599723.307382740080357, 1248692.185922592878342 ], [ 2599744.373054393567145, 1248688.560166106559336 ], [ 2599769.478248383849859, 1248684.511782650602981 ], [ 2599785.681605899240822, 1248684.110717247240245 ] ] } },
{ "type": "Feature", "properties": { "element": "way", "id": 907490939, "natural": "cliff" }, "geometry": { "type": "LineString", "coordinates": [ [ 2599675.510220714379102, 1248654.242348787607625 ], [ 2599670.649126269854605, 1248675.634190913755447 ], [ 2599657.285030225291848, 1248680.082414448261261 ], [ 2599638.64987452281639, 1248673.223791426513344 ], [ 2599595.715913958381861, 1248651.824464747216552 ], [ 2599570.602017493452877, 1248642.531685556052253 ], [ 2599545.895989573094994, 1248635.673873459454626 ], [ 2599528.476838128641248, 1248635.675449849106371 ], [ 2599517.13676240760833, 1248644.960242133820429 ], [ 2599490.807907878421247, 1248644.162258574971929 ], [ 2599471.773618970997632, 1248650.6238640579395 ], [ 2599452.331430493853986, 1248655.062052082968876 ], [ 2599421.547659933567047, 1248653.052955981576815 ], [ 2599384.285499962512404, 1248651.033651790348813 ], [ 2599351.87816872773692, 1248647.802099597640336 ], [ 2599323.526524239685386, 1248653.064553036121652 ], [ 2599294.367870968300849, 1248664.775833644438535 ], [ 2599274.518079779110849, 1248668.814402464544401 ], [ 2599267.233310635667294, 1248679.722393468953669 ], [ 2599226.326910078059882, 1248695.471545928390697 ] ] } },
{ "type": "Feature", "properties": { "element": "way", "id": 907490940, "natural": "cliff" }, "geometry": { "type": "LineString", "coordinates": [ [ 2599088.590533048380166, 1248556.992813950637355 ], [ 2599155.81989805912599, 1248545.674759872723371 ], [ 2599257.897137821186334, 1248542.835791626712307 ], [ 2599299.611494252923876, 1248518.60353675391525 ], [ 2599364.017096315976232, 1248502.029287836514413 ] ] } },
{ "type": "Feature", "properties": { "element": "way", "id": 907490941, "natural": "cliff" }, "geometry": { "type": "LineString", "coordinates": [ [ 2598247.745321875438094, 1248693.668858151650056 ], [ 2598236.408497180789709, 1248706.602891524555162 ], [ 2598233.173231291119009, 1248719.111930090934038 ], [ 2598222.244840158615261, 1248734.058268410386518 ], [ 2598201.991226503625512, 1248747.395420719403774 ], [ 2598184.169397010467947, 1248738.517595771932974 ], [ 2598165.542736810166389, 1248739.324082434875891 ], [ 2598144.070887896697968, 1248744.1785983373411 ], [ 2598127.872572453226894, 1248736.112046628724784 ], [ 2598088.580371673684567, 1248736.925601725466549 ], [ 2598047.68551570829004, 1248776.10905992356129 ], [ 2598016.904279651120305, 1248780.967229953967035 ], [ 2598001.107050448656082, 1248775.724921625107527 ], [ 2597985.713378550950438, 1248780.166512888856232 ], [ 2597980.047614882234484, 1248793.099043714581057 ], [ 2597967.095640969462693, 1248805.61167423822917 ], [ 2597929.830293170176446, 1248793.517268295167014 ], [ 2597885.282316096127033, 1248811.700793179217726 ], [ 2597877.993330029305071, 1248824.2226475358475 ], [ 2597860.182716195471585, 1248846.032179260859266 ], [ 2597822.519201808609068, 1248858.965792480157688 ], [ 2597805.904878542292863, 1248849.288130109896883 ], [ 2597788.080576932057738, 1248834.75230340869166 ], [ 2597761.35358151467517, 1248837.58671708824113 ], [ 2597725.303592453245074, 1248844.471986981574446 ], [ 2597641.061018956359476, 1248853.389483493054286 ] ] } },
{ "type": "Feature", "properties": { "element": "way", "id": 907490942, "natural": "cliff" }, "geometry": { "type": "LineString", "coordinates": [ [ 2598609.777682482730597, 1248393.953785098390654 ], [ 2598606.541759359650314, 1248407.68561539449729 ], [ 2598604.926935739815235, 1248442.408289659768343 ], [ 2598590.358254359569401, 1248490.064716784982011 ], [ 2598581.460375232622027, 1248537.719754677033052 ], [ 2598551.49285480286926, 1248571.638035119278356 ], [ 2598519.906249583698809, 1248591.836976113263518 ], [ 2598501.284826649818569, 1248642.718999547418207 ], [ 2598436.485108975786716, 1248666.963225805433467 ], [ 2598327.120220919605345, 1248656.498839914333075 ] ] } },
{ "type": "Feature", "properties": { "element": "way", "id": 907492171, "natural": "cliff" }, "geometry": { "type": "LineString", "coordinates": [ [ 2598986.553485709708184, 1248777.074194809887558 ], [ 2598977.234256270807236, 1248765.968776781577617 ], [ 2598965.288016390055418, 1248757.89914790331386 ], [ 2598950.096251268405467, 1248756.089734635548666 ], [ 2598938.756655101664364, 1248761.940097705228254 ], [ 2598923.769379087723792, 1248763.355006348108873 ], [ 2598910.810712192673236, 1248752.261519161751494 ], [ 2598900.275801355950534, 1248741.756847460288554 ], [ 2598903.513501099310815, 1248734.495987852336839 ], [ 2598924.375046603847295, 1248732.868638602783903 ], [ 2598950.500374889466912, 1248737.110799920279533 ], [ 2598954.953033749945462, 1248726.002822934649885 ], [ 2598946.847791817504913, 1248707.025502716656774 ], [ 2598935.097238276619464, 1248696.532119978917763 ], [ 2598908.367960473522544, 1248693.713282043347135 ], [ 2598893.789571884088218, 1248701.788018606835976 ], [ 2598878.596864747814834, 1248696.131874192040414 ], [ 2598876.568438129965216, 1248671.905614377232268 ], [ 2598891.145709357224405, 1248657.982636542990804 ], [ 2598911.395491260103881, 1248654.131714046932757 ], [ 2598922.536401045974344, 1248635.150685820961371 ] ] } },
{ "type": "Feature", "properties": { "element": "way", "id": 912280736, "natural": "cliff" }, "geometry": { "type": "LineString", "coordinates": [ [ 2616210.673244431149215, 1247142.205060665030032 ], [ 2616201.325999591499567, 1247152.274958861991763 ], [ 2616188.356634468771517, 1247155.675184058956802 ], [ 2616181.887771409936249, 1247148.786506397416815 ], [ 2616168.924454607069492, 1247149.963141677202657 ], [ 2616164.079313106369227, 1247143.090016006724909 ], [ 2616151.092011726461351, 1247150.314950029365718 ], [ 2616135.716508477460593, 1247144.224895054474473 ], [ 2616122.971621816977859, 1247142.833909107372165 ], [ 2616115.49328421195969, 1247146.115761420689523 ], [ 2616100.79631103714928, 1247143.240808201720938 ], [ 2616081.131683403626084, 1247136.861330644460395 ], [ 2616073.005496542900801, 1247131.14682606770657 ], [ 2616065.475746118929237, 1247133.894926800392568 ], [ 2616049.860465638805181, 1247129.850204517599195 ], [ 2616038.695614738855511, 1247130.665075865574181 ], [ 2616030.995582635980099, 1247120.938092560507357 ], [ 2616026.696992682293057, 1247104.560456030536443 ] ] } },
{ "type": "Feature", "properties": { "element": "way", "id": 912280737, "natural": "cliff" }, "geometry": { "type": "LineString", "coordinates": [ [ 2616304.871506683994085, 1247141.050523037090898 ], [ 2616300.607856502290815, 1247145.274887796724215 ], [ 2616296.970525847282261, 1247141.429125912254676 ], [ 2616269.829168621450663, 1247140.543189000571147 ], [ 2616258.873313871212304, 1247147.784562387270853 ], [ 2616245.527693960815668, 1247136.841098345816135 ], [ 2616229.319897334557027, 1247139.632004366721958 ], [ 2616221.621894228737801, 1247137.587484343443066 ] ] } },
{ "type": "Feature", "properties": { "element": "way", "id": 912280740, "natural": "cliff" }, "geometry": { "type": "LineString", "coordinates": [ [ 2616559.498617607634515, 1246999.573910815641284 ], [ 2616581.787958113010973, 1246996.400603853631765 ], [ 2616599.195021490566432, 1247002.508602785412222 ], [ 2616609.695970664732158, 1247015.06817914522253 ], [ 2616619.782291943673044, 1247030.039274740265682 ], [ 2616640.819400039035827, 1247039.793207729933783 ] ] } },
{ "type": "Feature", "properties": { "element": "way", "id": 912280741, "natural": "cliff" }, "geometry": { "type": "LineString", "coordinates": [ [ 2616623.361338878050447, 1247054.687304904451594 ], [ 2616660.173394952900708, 1247059.904704235494137 ], [ 2616675.59732885658741, 1247075.5468284341041 ], [ 2616695.779409769922495, 1247066.942338922061026 ], [ 2616702.295540999155492, 1247078.334599785739556 ], [ 2616729.839300827123225, 1247081.236052589956671 ], [ 2616753.761308807414025, 1247074.843694789800793 ], [ 2616791.40336624160409, 1247088.280632697511464 ], [ 2616838.784802562557161, 1247094.874303516699001 ], [ 2616898.744997679255903, 1247097.4681609000545 ], [ 2616943.284831160213798, 1247107.290004479000345 ], [ 2616973.652472006622702, 1247113.024673484731466 ], [ 2617014.127119774930179, 1247126.070859459228814 ], [ 2617040.854300163686275, 1247131.795459233922884 ], [ 2617090.706831217277795, 1247140.310569001827389 ], [ 2617130.385274298023432, 1247154.311433073831722 ], [ 2617169.213764667510986, 1247167.042629434727132 ], [ 2617227.361250259447843, 1247169.378864090656862 ], [ 2617282.938943909481168, 1247185.361412544269115 ], [ 2617311.2553706378676, 1247192.392690134933218 ], [ 2617339.123717434238642, 1247184.713349683443084 ], [ 2617348.749828990548849, 1247188.432687028311193 ] ] } },
{ "type": "Feature", "properties": { "element": "way", "id": 912280742, "natural": "cliff" }, "geometry": { "type": "LineString", "coordinates": [ [ 2616854.417555064894259, 1246834.095741158351302 ], [ 2616862.989451886620373, 1246847.65093647618778 ], [ 2616858.493499580770731, 1246861.669407785404474 ], [ 2616867.786757780238986, 1246871.19073510938324 ], [ 2616850.309775432571769, 1246889.719770100200549 ], [ 2616847.419595335610211, 1246907.478529965505004 ], [ 2616855.464159564580768, 1246928.514799802331254 ], [ 2616877.296334496233612, 1246945.53203561832197 ], [ 2616906.02216536225751, 1246960.556544247316197 ], [ 2616937.995994295459241, 1246972.766409498173743 ], [ 2616977.660085126757622, 1246987.021918294718489 ], [ 2617016.529754858929664, 1246996.416747890412807 ], [ 2617047.681677704211324, 1247010.648376539582387 ], [ 2617063.01891333470121, 1247032.506360931554809 ], [ 2617080.409714031033218, 1247041.439764544600621 ], [ 2617092.835579572245479, 1247053.972376523772255 ], [ 2617096.459023638628423, 1247062.488251268398017 ] ] } },
{ "type": "Feature", "properties": { "element": "way", "id": 912835128, "natural": "cliff" }, "geometry": { "type": "LineString", "coordinates": [ [ 2615666.993373594246805, 1246776.603792837588117 ], [ 2615675.434239809866995, 1246780.750890981871635 ], [ 2615683.178308530244976, 1246779.892960415687412 ], [ 2615691.562049109488726, 1246782.783570939907804 ], [ 2615700.21087956847623, 1246788.254322568653151 ], [ 2615707.350180045235902, 1246787.594955791952088 ], [ 2615714.073113243095577, 1246793.016170302405953 ], [ 2615724.996214768849313, 1246798.159419139847159 ], [ 2615730.31128880335018, 1246796.13883419893682 ], [ 2615731.534325140528381, 1246802.056967427022755 ], [ 2615740.060868783388287, 1246805.192625655326992 ] ] } },
{ "type": "Feature", "properties": { "element": "way", "id": 912840199, "natural": "cliff" }, "geometry": { "type": "LineString", "coordinates": [ [ 2616578.542818502988666, 1247542.764606663025916 ], [ 2616577.014182777144015, 1247546.596144611947238 ], [ 2616569.926832952536643, 1247545.164374146377668 ], [ 2616564.264326326549053, 1247541.913186288904399 ], [ 2616562.957593236584216, 1247539.285637784050778 ], [ 2616561.14438187610358, 1247536.834571260493249 ] ] } },
{ "type": "Feature", "properties": { "element": "way", "id": 912840200, "natural": "cliff" }, "geometry": { "type": "LineString", "coordinates": [ [ 2616241.712937210686505, 1247457.925719609018415 ], [ 2616244.538727537728846, 1247462.981124420883134 ], [ 2616255.26836701342836, 1247466.445980537682772 ], [ 2616260.235873157624155, 1247464.335972734726965 ], [ 2616266.621224144939333, 1247462.941415044246241 ], [ 2616271.771624052431434, 1247468.51463102013804 ], [ 2616280.685815919190645, 1247467.527264834847301 ], [ 2616287.065657465718687, 1247468.145118196494877 ], [ 2616292.115573928225785, 1247471.794618744170293 ], [ 2616300.831186531111598, 1247471.618371517164633 ], [ 2616317.933055890724063, 1247475.70119564794004 ], [ 2616332.403159094974399, 1247481.099913887446746 ], [ 2616351.226017384324223, 1247485.487753649707884 ], [ 2616369.551240485161543, 1247489.574090753449127 ], [ 2616395.350468306336552, 1247497.316753877559677 ], [ 2616407.498049111105502, 1247501.397299813339487 ], [ 2616419.23362938920036, 1247504.2537250763271 ], [ 2616426.521344667766243, 1247506.997822458855808 ], [ 2616439.375707159284502, 1247509.457120743114501 ], [ 2616455.672662385739386, 1247512.326228785794228 ], [ 2616465.09306044690311, 1247513.975567793706432 ], [ 2616478.247253612149507, 1247517.2362952218391 ], [ 2616487.25338826701045, 1247521.208237507147714 ], [ 2616500.813108329661191, 1247525.281772269867361 ], [ 2616514.081659995485097, 1247525.41866643470712 ], [ 2616523.595764953177422, 1247525.945414864458144 ], [ 2616531.093180843163282, 1247526.577755 ], [ 2616537.362135230563581, 1247529.018964447081089 ], [ 2616539.579021880403161, 1247532.960992835927755 ], [ 2616530.257356012705714, 1247533.846772331045941 ], [ 2616516.797814290970564, 1247531.785852812929079 ], [ 2616512.650403783190995, 1247529.550684084417298 ], [ 2616504.648673588875681, 1247528.316581757972017 ], [ 2616491.687786092981696, 1247528.892130369553342 ], [ 2616480.041803882457316, 1247526.436066625639796 ], [ 2616464.666538105811924, 1247520.734287278726697 ], [ 2616456.06370358960703, 1247518.386760870926082 ], [ 2616441.079121506772935, 1247516.132783710490912 ], [ 2616434.101086734328419, 1247513.378405780298635 ], [ 2616426.914934281725436, 1247512.146662430139259 ], [ 2616418.616362434346229, 1247508.999516498064622 ], [ 2616392.09894730290398, 1247501.554964915849268 ], [ 2616341.298768723383546, 1247486.87248723488301 ], [ 2616334.009035169612616, 1247484.840057879220694 ], [ 2616327.736348912119865, 1247483.711008275859058 ], [ 2616321.459433998912573, 1247481.370063896290958 ], [ 2616313.363021573517472, 1247478.824006582377478 ], [ 2616306.083076355978847, 1247475.968887684866786 ], [ 2616298.693221262656152, 1247474.636677501024678 ], [ 2616292.72092424845323, 1247474.119992300169542 ], [ 2616288.271855217870325, 1247471.684026478091255 ], [ 2616283.812460369430482, 1247470.259796936297789 ], [ 2616279.459983758162707, 1247471.159578659804538 ], [ 2616275.30249261809513, 1247472.560218614991754 ], [ 2616268.823656868655235, 1247472.242300003301352 ], [ 2616261.835445877164602, 1247470.399794827448204 ], [ 2616253.43387249391526, 1247468.964810733916238 ], [ 2616243.511022409889847, 1247468.737573335878551 ], [ 2616238.645314952358603, 1247469.524800828192383 ], [ 2616240.882247825153172, 1247466.206550660775974 ], [ 2616239.973701083101332, 1247464.280611772555858 ], [ 2616241.712937210686505, 1247457.925719609018415 ] ] } },
{ "type": "Feature", "properties": { "element": "way", "id": 912840201, "natural": "cliff" }, "geometry": { "type": "LineString", "coordinates": [ [ 2616462.274452090729028, 1246993.444697755854577 ], [ 2616464.291559700388461, 1246998.709209259366617 ], [ 2616471.142691823188215, 1247012.04783185874112 ], [ 2616476.204620465170592, 1247011.46146722859703 ], [ 2616481.465449362061918, 1247012.687931505264714 ], [ 2616478.814768556971103, 1247020.752430477645248 ], [ 2616484.266628867480904, 1247026.626851830631495 ], [ 2616492.56667600478977, 1247029.473895414499566 ], [ 2616502.876777777913958, 1247037.385328079108149 ], [ 2616512.387439256068319, 1247039.435245357453823 ], [ 2616531.43905225628987, 1247038.065034483093768 ] ] } },
{ "type": "Feature", "properties": { "element": "way", "id": 912840202, "natural": "cliff" }, "geometry": { "type": "LineString", "coordinates": [ [ 2616423.170541109051555, 1247071.29770725290291 ], [ 2616425.596048773732036, 1247070.893030247883871 ], [ 2616432.283132150769234, 1247072.534765194635838 ], [ 2616436.921005040407181, 1247077.795391549356282 ] ] } },
{ "type": "Feature", "properties": { "element": "way", "id": 912840203, "natural": "cliff" }, "geometry": { "type": "LineString", "coordinates": [ [ 2616466.062404694501311, 1247090.195012815529481 ], [ 2616468.897407001815736, 1247089.191102066775784 ], [ 2616474.767675383016467, 1247091.230880239512771 ], [ 2616477.59849540842697, 1247094.463013132335618 ] ] } },
{ "type": "Feature", "properties": { "element": "way", "id": 912840204, "natural": "cliff" }, "geometry": { "type": "LineString", "coordinates": [ [ 2616696.436479947995394, 1247144.960914316819981 ], [ 2616699.674239811953157, 1247145.770518875215203 ], [ 2616707.777440704870969, 1247146.004524983931333 ], [ 2616711.81987532088533, 1247148.039404070470482 ], [ 2616715.651786998379976, 1247155.110260242829099 ] ] } },
{ "type": "Feature", "properties": { "element": "way", "id": 912840205, "natural": "cliff" }, "geometry": { "type": "LineString", "coordinates": [ [ 2616721.115967628080398, 1247159.161544847534969 ], [ 2616724.564417306799442, 1247157.559095746837556 ], [ 2616730.235180838499218, 1247157.975302803097293 ], [ 2616735.688354791142046, 1247163.249577204231173 ], [ 2616737.494850460905582, 1247168.102217194158584 ] ] } },
{ "type": "Feature", "properties": { "element": "way", "id": 912840206, "natural": "cliff" }, "geometry": { "type": "LineString", "coordinates": [ [ 2616747.222387988120317, 1247168.129602439235896 ], [ 2616750.258467237930745, 1247168.138152970932424 ], [ 2616757.550141597632319, 1247169.570712427375838 ], [ 2616762.393288853578269, 1247174.220670884475112 ] ] } },
{ "type": "Feature", "properties": { "element": "way", "id": 912840207, "natural": "cliff" }, "geometry": { "type": "LineString", "coordinates": [ [ 2616775.750385889783502, 1247180.729155034292489 ], [ 2616780.601478221360594, 1247182.555115855764598 ], [ 2616791.335867627523839, 1247184.408807537751272 ], [ 2616808.54795798799023, 1247187.081337758339942 ], [ 2616820.073897658847272, 1247194.785517915850505 ] ] } },
{ "type": "Feature", "properties": { "element": "way", "id": 912840208, "natural": "cliff" }, "geometry": { "type": "LineString", "coordinates": [ [ 2616985.570819058455527, 1247266.245950125623494 ], [ 2616989.804600248113275, 1247272.617685124278069 ], [ 2616996.979996559210122, 1247277.67475847271271 ], [ 2616993.842870506923646, 1247278.688671744195744 ], [ 2616984.939831919502467, 1247275.627952799666673 ], [ 2616975.216278206091374, 1247276.912141668843105 ], [ 2616968.317001767922193, 1247278.304469019873068 ], [ 2616951.979045694693923, 1247289.676317491102964 ], [ 2616957.192901010625064, 1247272.82479383633472 ], [ 2616954.88802293734625, 1247262.722848905017599 ] ] } },
{ "type": "Feature", "properties": { "element": "way", "id": 912840209, "natural": "cliff" }, "geometry": { "type": "LineString", "coordinates": [ [ 2617015.836259781382978, 1247236.135304087772965 ], [ 2617026.182938524987549, 1247233.541012278525159 ], [ 2617026.773819865193218, 1247238.190133232157677 ], [ 2617022.278629976324737, 1247251.908304769778624 ], [ 2617025.902402782812715, 1247260.301841163309291 ], [ 2617023.666670776437968, 1247263.019412126624957 ], [ 2617021.017610456328839, 1247267.659258513012901 ], [ 2617024.235588293522596, 1247275.340064592426643 ] ] } },
{ "type": "Feature", "properties": { "element": "way", "id": 912860234, "natural": "cliff" }, "geometry": { "type": "LineString", "coordinates": [ [ 2615462.998684843070805, 1247208.069164637941867 ], [ 2615450.444323732051998, 1247206.013026718748733 ], [ 2615447.383090259041637, 1247215.700184958288446 ], [ 2615453.640442825853825, 1247225.811800481751561 ], [ 2615445.934925968293101, 1247226.603421323001385 ], [ 2615419.836203621234745, 1247214.016577021218836 ], [ 2615405.466409584041685, 1247210.143555766902864 ], [ 2615383.393190526869148, 1247206.239527191501111 ], [ 2615360.733950822148472, 1247195.28510254342109 ], [ 2615337.459026568103582, 1247188.754238000372425 ], [ 2615303.057415538933128, 1247174.134110372979194 ], [ 2615270.282036360353231, 1247158.495479206321761 ], [ 2615258.523697595112026, 1247161.089216477004811 ], [ 2615247.182518136687577, 1247160.048381559317932 ], [ 2615239.50363385817036, 1247153.368881944566965 ], [ 2615238.306824473198503, 1247145.8943593474105 ], [ 2615220.694362114183605, 1247139.98996410286054 ], [ 2615195.999683629721403, 1247133.267015585908666 ], [ 2615162.585268614813685, 1247128.13408705056645 ] ] } },
{ "type": "Feature", "properties": { "element": "way", "id": 912860235, "natural": "cliff" }, "geometry": { "type": "LineString", "coordinates": [ [ 2615524.045644275378436, 1247259.927985216956586 ], [ 2615513.50175141217187, 1247263.124771082540974 ], [ 2615499.720014335121959, 1247265.512625320581719 ], [ 2615486.976578439120203, 1247257.80784848285839 ], [ 2615469.36857631849125, 1247253.314738889457658 ], [ 2615436.172082288656384, 1247243.133146452717483 ], [ 2615361.685484916437417, 1247218.713695714017376 ] ] } },
{ "type": "Feature", "properties": { "element": "way", "id": 912860236, "natural": "cliff" }, "geometry": { "type": "LineString", "coordinates": [ [ 2615593.550782091915607, 1247288.483530053170398 ], [ 2615593.95303875207901, 1247290.608169440878555 ], [ 2615598.696165048982948, 1247296.268673621816561 ], [ 2615598.88261329755187, 1247302.92899196757935 ], [ 2615592.202036038041115, 1247301.699589267373085 ], [ 2615578.966014441568404, 1247288.945638509700075 ], [ 2615571.491059243679047, 1247282.466367095010355 ], [ 2615561.7734817834571, 1247278.705208484316245 ], [ 2615553.560352765023708, 1247283.019845186499879 ], [ 2615544.241873468738049, 1247282.595232430147007 ] ] } },
{ "type": "Feature", "properties": { "element": "way", "id": 913267069, "natural": "cliff" }, "geometry": { "type": "LineString", "coordinates": [ [ 2605171.960661475080997, 1248817.206217712722719 ], [ 2605182.549615457653999, 1248813.29060305445455 ], [ 2605187.146637527737767, 1248814.606527489377186 ], [ 2605185.25538551947102, 1248818.85206878115423 ], [ 2605176.628882034216076, 1248823.514293690444902 ], [ 2605173.925156878773123, 1248824.334714376367629 ], [ 2605170.799466601572931, 1248824.165247810538858 ] ] } },
{ "type": "Feature", "properties": { "element": "way", "id": 913267070, "natural": "cliff" }, "geometry": { "type": "LineString", "coordinates": [ [ 2605180.48512163059786, 1248825.807981167687103 ], [ 2605162.093407056760043, 1248833.563803984317929 ], [ 2605153.061965242959559, 1248835.034774755360559 ], [ 2605145.179508507717401, 1248834.950187401846051 ], [ 2605140.424079170450568, 1248833.467385979369283 ], [ 2605137.059579230844975, 1248830.028964506462216 ], [ 2605139.116348274517804, 1248826.428408412029967 ], [ 2605143.301254467107356, 1248824.063802325865254 ] ] } },
{ "type": "Feature", "properties": { "element": "way", "id": 913267076, "natural": "cliff" }, "geometry": { "type": "LineString", "coordinates": [ [ 2605665.960735921747983, 1248717.009886817540973 ], [ 2605700.393258310854435, 1248698.608450621832162 ], [ 2605720.304965961258858, 1248697.493351014098153 ], [ 2605721.643191387411207, 1248703.531841057352722 ], [ 2605723.139315975829959, 1248710.259814139921218 ], [ 2605693.829761426430196, 1248724.696763098938391 ], [ 2605663.662824342958629, 1248735.719742774730548 ] ] } },
{ "type": "Feature", "properties": { "element": "way", "id": 913267077, "natural": "cliff" }, "geometry": { "type": "LineString", "coordinates": [ [ 2605684.142584459856153, 1248740.56444405275397 ], [ 2605663.940898944158107, 1248745.081578231882304 ], [ 2605643.178560171741992, 1248743.649985932512209 ], [ 2605627.537540446035564, 1248739.944027058547363 ], [ 2605596.811132424976677, 1248743.884492648299783 ], [ 2605569.502205188386142, 1248750.952520424500108 ] ] } },
{ "type": "Feature", "properties": { "element": "way", "id": 913267079, "natural": "cliff" }, "geometry": { "type": "LineString", "coordinates": [ [ 2605721.643191387411207, 1248703.531841057352722 ], [ 2605737.650820797309279, 1248702.902278939494863 ], [ 2605764.980529183521867, 1248682.515376592753455 ], [ 2605802.26340214535594, 1248660.715089538600296 ], [ 2605836.11382311116904, 1248659.324811818776652 ], [ 2605862.875503557734191, 1248633.545456894207746 ], [ 2605908.412119577173144, 1248611.475962939206511 ], [ 2605946.25270123174414, 1248599.316661697346717 ], [ 2605973.851035724859685, 1248598.488002598052844 ] ] } },
{ "type": "Feature", "properties": { "element": "way", "id": 913267081, "natural": "cliff" }, "geometry": { "type": "LineString", "coordinates": [ [ 2605937.681738233659416, 1248638.44441906362772 ], [ 2605959.028930736705661, 1248629.104036223609 ], [ 2605975.817333959974349, 1248618.058090021135285 ] ] } },
{ "type": "Feature", "properties": { "element": "way", "id": 913267082, "natural": "cliff" }, "geometry": { "type": "LineString", "coordinates": [ [ 2605979.218307261820883, 1248629.980251129483804 ], [ 2605992.311674451455474, 1248621.765820989385247 ], [ 2606001.421372855082154, 1248618.083676778711379 ], [ 2606008.807711217086762, 1248623.761388483457267 ], [ 2606003.115865477360785, 1248630.004142893478274 ], [ 2605983.479284647852182, 1248635.087782942457125 ], [ 2605979.498728094622493, 1248636.495828221086413 ] ] } },
{ "type": "Feature", "properties": { "element": "way", "id": 913267083, "natural": "cliff" }, "geometry": { "type": "LineString", "coordinates": [ [ 2605966.977636286057532, 1248638.75147207127884 ], [ 2605959.867484119255096, 1248643.847675994271412 ], [ 2605947.633336305152625, 1248646.103646147530526 ], [ 2605938.527372074779123, 1248646.09461633884348 ] ] } },
{ "type": "Feature", "properties": { "element": "way", "id": 913267084, "natural": "cliff" }, "geometry": { "type": "LineString", "coordinates": [ [ 2605949.028062944300473, 1248671.065514037152752 ], [ 2605948.167538179084659, 1248678.436063630506396 ], [ 2605943.613456247374415, 1248679.565607567317784 ], [ 2605940.200913109816611, 1248679.273149564862251 ], [ 2605936.796508620493114, 1248670.764310421422124 ] ] } },
{ "type": "Feature", "properties": { "element": "way", "id": 913389959, "natural": "cliff" }, "geometry": { "type": "LineString", "coordinates": [ [ 2605978.949009232688695, 1248665.291561006568372 ], [ 2605978.939236590173095, 1248675.086734715150669 ], [ 2605973.258501873817295, 1248677.838397287065163 ], [ 2605966.970454487018287, 1248676.297813729615882 ], [ 2605966.058733390178531, 1248666.813033714191988 ] ] } },
{ "type": "Feature", "properties": { "element": "way", "id": 913389961, "natural": "cliff" }, "geometry": { "type": "LineString", "coordinates": [ [ 2605914.203238538000733, 1248642.279239358147606 ], [ 2605900.69393721409142, 1248643.644587968476117 ], [ 2605895.791643820237368, 1248637.980572085129097 ], [ 2605901.482025058474392, 1248625.433662723517045 ], [ 2605916.375834891106933, 1248621.3234736348968 ], [ 2605920.206391034182161, 1248626.53059915243648 ], [ 2605914.203238538000733, 1248642.279239358147606 ] ] } },
{ "type": "Feature", "properties": { "element": "way", "id": 913389962, "natural": "cliff" }, "geometry": { "type": "LineString", "coordinates": [ [ 2605801.819571807980537, 1248674.61247937893495 ], [ 2605784.167680044658482, 1248681.166311748325825 ], [ 2605760.212303194217384, 1248694.385091085219756 ], [ 2605740.242224466986954, 1248709.130983012961224 ] ] } },
{ "type": "Feature", "properties": { "element": "way", "id": 913389968, "natural": "cliff" }, "geometry": { "type": "LineString", "coordinates": [ [ 2606077.099402404390275, 1248634.526022114092484 ], [ 2606069.643545210827142, 1248652.830230933846906 ], [ 2606033.241278309840709, 1248661.38787828409113 ], [ 2606012.134532916825265, 1248656.84153411583975 ], [ 2606002.250879884231836, 1248656.831626058090478 ] ] } },
{ "type": "Feature", "properties": { "element": "way", "id": 913389970, "natural": "cliff" }, "geometry": { "type": "LineString", "coordinates": [ [ 2606105.186885579489172, 1248605.524814408738166 ], [ 2606099.032840354833752, 1248613.23461500229314 ], [ 2606075.503826396074146, 1248622.005249073030427 ], [ 2606037.818907247390598, 1248629.427505275933072 ] ] } },
{ "type": "Feature", "properties": { "element": "way", "id": 913389971, "natural": "cliff" }, "geometry": { "type": "LineString", "coordinates": [ [ 2605418.171148057561368, 1248832.266299979528412 ], [ 2605389.451072055380791, 1248813.962016840931028 ], [ 2605401.631759071256965, 1248794.982982886955142 ], [ 2605469.348636724054813, 1248772.72998368437402 ] ] } },
{ "type": "Feature", "properties": { "element": "way", "id": 913389972, "natural": "cliff" }, "geometry": { "type": "LineString", "coordinates": [ [ 2605453.489584111142904, 1248767.968051141360775 ], [ 2605450.142480595037341, 1248762.161279108840972 ], [ 2605456.66730265552178, 1248760.766309268772602 ] ] } },
{ "type": "Feature", "properties": { "element": "way", "id": 914580248, "natural": "cliff" }, "geometry": { "type": "LineString", "coordinates": [ [ 2615977.736319059040397, 1247134.503588046180084 ], [ 2615955.034082135651261, 1247137.066556853475049 ], [ 2615938.219560568220913, 1247138.033240116201341 ], [ 2615925.259514580015093, 1247137.998529037926346 ], [ 2615911.086762967053801, 1247133.9246803203132 ] ] } },
{ "type": "Feature", "properties": { "element": "way", "id": 914580249, "natural": "cliff" }, "geometry": { "type": "LineString", "coordinates": [ [ 2615848.828109017107636, 1247084.071054983185604 ], [ 2615860.350098197814077, 1247093.796870276797563 ], [ 2615863.366824870929122, 1247101.076244175899774 ], [ 2615875.699041574262083, 1247109.992619017371908 ], [ 2615889.051868287846446, 1247115.687455729348585 ], [ 2615903.020761202089489, 1247119.760706334607676 ], [ 2615906.46630556229502, 1247119.16953377565369 ], [ 2615908.30750932591036, 1247114.126775584183633 ], [ 2615919.05152024095878, 1247109.708221725188196 ], [ 2615939.923426546156406, 1247108.151969947153702 ], [ 2615943.370083983056247, 1247107.149446877185255 ], [ 2615951.683812106028199, 1247104.948087302036583 ], [ 2615963.919373156037182, 1247110.428850291995332 ], [ 2615973.150182789657265, 1247107.029211952118203 ], [ 2615976.181157232727855, 1247108.949689444154501 ], [ 2615980.113199513405561, 1247115.63119685696438 ], [ 2615991.341779361013323, 1247122.021007553907111 ], [ 2615981.210090286564082, 1247123.405795280588791 ], [ 2615953.660235742107034, 1247122.720338872633874 ], [ 2615935.02175303734839, 1247122.270122891291976 ] ] } },
{ "type": "Feature", "properties": { "element": "way", "id": 922882426, "natural": "cliff" }, "geometry": { "type": "LineString", "coordinates": [ [ 2626671.18564208317548, 1247433.096245523542166 ], [ 2626650.627034067176282, 1247433.404186301631853 ] ] } },
{ "type": "Feature", "properties": { "element": "way", "id": 923338945, "natural": "cliff" }, "geometry": { "type": "LineString", "coordinates": [ [ 2632477.769277144689113, 1251248.789687123848125 ], [ 2632474.905033943708986, 1251253.610547326970845 ], [ 2632471.300388027913868, 1251247.542347899870947 ], [ 2632464.45602053636685, 1251240.433513412252069 ], [ 2632458.42241758108139, 1251232.739844278665259 ] ] } },
{ "type": "Feature", "properties": { "element": "way", "id": 923338946, "natural": "cliff" }, "geometry": { "type": "LineString", "coordinates": [ [ 2632450.385572341270745, 1251258.724259191192687 ], [ 2632445.736663526389748, 1251257.286773900734261 ], [ 2632441.501931903883815, 1251254.639641992747784 ], [ 2632438.089101909194142, 1251249.373043901752681 ], [ 2632435.696412972174585, 1251242.499845594633371 ], [ 2632436.929153901990503, 1251239.282224579481408 ], [ 2632438.568589895498008, 1251234.84379399404861 ], [ 2632441.852528254967183, 1251227.801513585494831 ] ] } },
{ "type": "Feature", "properties": { "element": "way", "id": 923338947, "natural": "cliff" }, "geometry": { "type": "LineString", "coordinates": [ [ 2632496.738639077171683, 1251167.050366784213111 ], [ 2632496.050755871925503, 1251163.110650998773053 ], [ 2632497.294085633475333, 1251157.969601803459227 ], [ 2632496.302053456194699, 1251154.439603688428178 ], [ 2632494.698196856305003, 1251150.995201342506334 ], [ 2632495.93762889271602, 1251146.565714180702344 ], [ 2632496.166324720717967, 1251142.019503991119564 ], [ 2632494.366172003559768, 1251138.585144771030173 ], [ 2632497.626110224984586, 1251134.56699488312006 ], [ 2632501.916778630111367, 1251127.018815198214725 ], [ 2632501.341747311875224, 1251121.767735726898536 ], [ 2632502.174727447330952, 1251117.135889851022512 ], [ 2632503.41313600121066, 1251112.895413349149749 ], [ 2632500.202900223899633, 1251107.84114338667132 ], [ 2632503.653416350483894, 1251106.236754016717896 ], [ 2632508.54600743483752, 1251100.415244691539556 ], [ 2632512.02194680320099, 1251094.174588854424655 ], [ 2632511.653089170809835, 1251087.11232514725998 ], [ 2632513.106324044521898, 1251080.860581888351589 ], [ 2632518.39896018942818, 1251075.041274142451584 ], [ 2632517.239172540139407, 1251064.939325901446864 ], [ 2632522.158393582794815, 1251054.270312738372013 ] ] } },
{ "type": "Feature", "properties": { "element": "way", "id": 923338948, "natural": "cliff" }, "geometry": { "type": "LineString", "coordinates": [ [ 2631670.877803528215736, 1250826.337552262004465 ], [ 2631664.939273115247488, 1250820.357461572857574 ], [ 2631664.05722245760262, 1250815.916481636464596 ], [ 2631666.312895507086068, 1250809.068426021374762 ], [ 2631674.431092090904713, 1250805.476033447543159 ], [ 2631680.925986768212169, 1250801.975047298474237 ] ] } },
{ "type": "Feature", "properties": { "element": "way", "id": 923338949, "natural": "cliff" }, "geometry": { "type": "LineString", "coordinates": [ [ 2631668.67793560680002, 1250764.77393970056437 ], [ 2631677.989217650610954, 1250745.555351261049509 ], [ 2631680.897293381392956, 1250732.451087484601885 ], [ 2631677.941773098893464, 1250716.280163690913469 ], [ 2631670.188897886313498, 1250689.598907717736438 ], [ 2631665.598592165857553, 1250677.066121507668868 ], [ 2631669.122383246663958, 1250661.741447843844071 ], [ 2631662.908175903838128, 1250650.812172491336241 ] ] } },
{ "type": "Feature", "properties": { "element": "way", "id": 923338952, "natural": "cliff" }, "geometry": { "type": "LineString", "coordinates": [ [ 2632378.944227230269462, 1251222.276496659265831 ], [ 2632376.223712057806551, 1251224.285209743306041 ], [ 2632371.270683045499027, 1251223.246388832805678 ], [ 2632363.854405437596142, 1251219.948193454649299 ], [ 2632360.940140465274453, 1251217.352799999061972 ], [ 2632362.30457107257098, 1251214.891939980909228 ] ] } },
{ "type": "Feature", "properties": { "element": "way", "id": 923338953, "natural": "cliff" }, "geometry": { "type": "LineString", "coordinates": [ [ 2632406.615110884420574, 1251252.336387302260846 ], [ 2632393.492171396501362, 1251240.901590726803988 ], [ 2632383.402381927706301, 1251237.922322578495368 ], [ 2632384.403904493898153, 1251232.813284277683124 ], [ 2632417.186149774584919, 1251236.305700130527839 ], [ 2632424.123541789595038, 1251229.172196796163917 ] ] } },
{ "type": "Feature", "properties": { "element": "way", "id": 925941093, "natural": "cliff" }, "geometry": { "type": "LineString", "coordinates": [ [ 2629935.986240100115538, 1258631.812437218613923 ], [ 2629914.872120813000947, 1258634.830137403914705 ], [ 2629907.519366987980902, 1258659.354245460825041 ], [ 2629896.794733610469848, 1258654.496828935807571 ], [ 2629884.671131352894008, 1258671.436167410807684 ], [ 2629880.891777044627815, 1258685.44891754980199 ], [ 2629863.96555043105036, 1258698.116728905355558 ], [ 2629867.244224488269538, 1258710.141467607114464 ], [ 2629874.187618568073958, 1258729.378495785407722 ], [ 2629886.558385664597154, 1258738.124608583049849 ], [ 2629887.254222535528243, 1258746.622816629474983 ], [ 2629865.271846527699381, 1258790.37528334162198 ], [ 2629851.734878217801452, 1258808.141472936375067 ], [ 2629850.974158429075032, 1258819.990190952317789 ], [ 2629832.111042990814894, 1258841.665615927893668 ], [ 2629834.546783541794866, 1258853.430366432759911 ], [ 2629821.441236663609743, 1258863.404579369584098 ], [ 2629816.048785355407745, 1258872.984007795108482 ], [ 2629819.301951450295746, 1258884.085744255688041 ], [ 2629813.699328739196062, 1258891.996309607056901 ], [ 2629806.420798953156918, 1258903.411962788319215 ], [ 2629792.222824429161847, 1258926.801038667326793 ], [ 2629783.328772301785648, 1258952.21818354469724 ] ] } },
{ "type": "Feature", "properties": { "element": "way", "id": 930376704, "natural": "cliff" }, "geometry": { "type": "LineString", "coordinates": [ [ 2598707.863511588890105, 1249867.144952972186729 ], [ 2598719.09625100158155, 1249866.430802446091548 ], [ 2598730.569100901950151, 1249859.279130170820281 ], [ 2598739.415889120660722, 1249856.419730351539329 ], [ 2598741.084862685762346, 1249859.276754459599033 ], [ 2598741.80367841059342, 1249866.659135823603719 ] ] } },
{ "type": "Feature", "properties": { "element": "way", "id": 930376705, "natural": "cliff" }, "geometry": { "type": "LineString", "coordinates": [ [ 2598932.902305775787681, 1249766.654729565838352 ], [ 2598944.738554846961051, 1249762.594287648797035 ], [ 2598950.952074200846255, 1249765.69510791497305 ], [ 2598950.11299102101475, 1249759.735866511706263 ], [ 2598956.091092467773706, 1249755.443077654344961 ], [ 2598962.069740972016007, 1249754.01881211809814 ], [ 2598968.758208516053855, 1249753.650657169986516 ], [ 2598976.413145839702338, 1249754.249621381051838 ], [ 2598982.271495681721717, 1249755.438195354538038 ], [ 2598982.747771154157817, 1249759.129378020064905 ], [ 2598982.990156198386103, 1249763.543292328715324 ], [ 2598985.255506826099008, 1249766.878360973671079 ] ] } },
{ "type": "Feature", "properties": { "element": "way", "id": 930376706, "natural": "cliff" }, "geometry": { "type": "LineString", "coordinates": [ [ 2598955.502584541216493, 1249797.147875694092363 ], [ 2598964.825166675727814, 1249794.288723545847461 ], [ 2598968.410893460735679, 1249793.809967023320496 ], [ 2598974.388488792348653, 1249786.904399269493297 ], [ 2598978.449020273517817, 1249782.133902629604563 ], [ 2598982.751305876299739, 1249778.319536822848022 ], [ 2598987.74110639328137, 1249777.451393597759306 ], [ 2598991.833098531700671, 1249779.507527471054345 ], [ 2598996.974580842070282, 1249782.486290969653055 ], [ 2599000.802212895359844, 1249783.797554025892168 ] ] } },
{ "type": "Feature", "properties": { "element": "way", "id": 930376707, "natural": "cliff" }, "geometry": { "type": "LineString", "coordinates": [ [ 2598906.736215896904469, 1249800.7373716623988 ], [ 2598915.818035082425922, 1249802.158729735063389 ], [ 2598922.634898509364575, 1249802.402003219816834 ], [ 2598929.927007446996868, 1249800.855148745933548 ], [ 2598938.17039379524067, 1249799.775088800815865 ], [ 2598948.806639009620994, 1249797.627229956910014 ] ] } },
{ "type": "Feature", "properties": { "element": "way", "id": 930376708, "natural": "cliff" }, "geometry": { "type": "LineString", "coordinates": [ [ 2598885.588264842517674, 1249823.500708108767867 ], [ 2598883.072491355706006, 1249813.850540812360123 ], [ 2598887.132834964897484, 1249808.601894884603098 ], [ 2598890.243646430782974, 1249811.58097310946323 ], [ 2598893.355310094542801, 1249818.851711320690811 ] ] } },
{ "type": "Feature", "properties": { "element": "way", "id": 930377503, "natural": "cliff" }, "geometry": { "type": "LineString", "coordinates": [ [ 2598313.535579707939178, 1249414.434805180178955 ], [ 2598337.435216197278351, 1249406.567129680421203 ], [ 2598350.109991639852524, 1249403.227944775717333 ], [ 2598371.624938303604722, 1249398.451982216443866 ], [ 2598389.06946897180751, 1249389.396719281561673 ], [ 2598415.129763556178659, 1249386.053880961146206 ], [ 2598422.301623595878482, 1249385.09570511453785 ], [ 2598435.210859997663647, 1249382.946292507229373 ], [ 2598444.05828200886026, 1249380.319938722997904 ], [ 2598454.57372139301151, 1249376.02540096687153 ] ] } },
{ "type": "Feature", "properties": { "element": "way", "id": 930377504, "natural": "cliff" }, "geometry": { "type": "LineString", "coordinates": [ [ 2598227.478722687810659, 1249440.922504254383966 ], [ 2598254.012707768473774, 1249432.330982636660337 ] ] } },
{ "type": "Feature", "properties": { "element": "way", "id": 930377505, "natural": "cliff" }, "geometry": { "type": "LineString", "coordinates": [ [ 2598033.854609123431146, 1249503.426278962753713 ], [ 2598052.974781624041498, 1249495.792584940092638 ], [ 2598093.135477119125426, 1249488.396479756571352 ], [ 2598114.649432560428977, 1249482.185324484249577 ], [ 2598130.9071916625835, 1249470.505778006045148 ], [ 2598146.442588434088975, 1249465.975562890758738 ], [ 2598166.764166133943945, 1249460.721157398074865 ], [ 2598189.229238084051758, 1249453.56491411710158 ] ] } },
{ "type": "Feature", "properties": { "element": "way", "id": 930377506, "natural": "cliff" }, "geometry": { "type": "LineString", "coordinates": [ [ 2597917.206645804457366, 1249541.3587043765001 ], [ 2597929.87766182795167, 1249549.937413868727162 ], [ 2597943.026824725791812, 1249544.684840089874342 ], [ 2597956.892354412935674, 1249537.052727941423655 ], [ 2597965.739670446608216, 1249535.37071156874299 ], [ 2597976.255054641049355, 1249532.67635401012376 ], [ 2597994.491993759293109, 1249525.665406877174973 ], [ 2598002.787793479859829, 1249522.738392547005787 ], [ 2598015.211179550271481, 1249514.161868528695777 ] ] } },
{ "type": "Feature", "properties": { "element": "way", "id": 930377507, "natural": "cliff" }, "geometry": { "type": "LineString", "coordinates": [ [ 2597753.461758518591523, 1249565.258197300136089 ], [ 2597772.816787883173674, 1249561.192472221329808 ], [ 2597788.836489910725504, 1249560.95278460602276 ], [ 2597796.252367067616433, 1249567.142808852251619 ], [ 2597819.435413077939302, 1249564.276539123151451 ], [ 2597831.868159579113126, 1249561.414420906919986 ] ] } },
{ "type": "Feature", "properties": { "element": "way", "id": 944721192, "natural": "cliff" }, "geometry": { "type": "LineString", "coordinates": [ [ 2604203.868436940480024, 1251287.42604592628777 ], [ 2604223.301860659848899, 1251288.25128361210227 ], [ 2604237.076157561969012, 1251276.553355069132522 ], [ 2604242.354057745542377, 1251262.425669088959694 ], [ 2604243.372781924437732, 1251251.930679954588413 ], [ 2604240.338633750099689, 1251241.443953805370256 ], [ 2604234.071138254832476, 1251235.380051342770457 ], [ 2604231.236779659055173, 1251230.530465602641925 ], [ 2604242.794160816818476, 1251205.522350833518431 ], [ 2604255.153222302440554, 1251188.975877173244953 ], [ 2604266.698776185046881, 1251180.912140166386962 ], [ 2604274.798627059906721, 1251178.694220206933096 ], [ 2604284.518713215831667, 1251179.913028727751225 ], [ 2604290.601426794193685, 1251159.337330515030771 ], [ 2604301.13025927497074, 1251158.944584796205163 ], [ 2604307.604155175853521, 1251161.361892147688195 ], [ 2604320.153933386784047, 1251163.394423060119152 ], [ 2604332.101804709527642, 1251162.802621227223426 ], [ 2604326.635356003418565, 1251165.822875011479482 ], [ 2604311.646955159027129, 1251175.496185562340543 ], [ 2604297.878904561977834, 1251177.910135112935677 ], [ 2604291.399276071228087, 1251183.553624429740012 ], [ 2604288.554871704429388, 1251192.835404185578227 ], [ 2604287.540373377501965, 1251197.270895905094221 ], [ 2604291.987808370497078, 1251204.945714481407776 ], [ 2604284.877629781607538, 1251237.639665400143713 ], [ 2604261.765300206374377, 1251284.031184148974717 ] ] } },
{ "type": "Feature", "properties": { "element": "way", "id": 944721193, "natural": "cliff" }, "geometry": { "type": "LineString", "coordinates": [ [ 2604208.872644853312522, 1251373.196385677903891 ], [ 2604205.419904705137014, 1251389.33779942849651 ], [ 2604202.569254165980965, 1251407.903433884494007 ], [ 2604203.175635161809623, 1251414.96400211751461 ], [ 2604295.266062813345343, 1251433.796758165117353 ], [ 2604314.697255632374436, 1251437.04609312186949 ] ] } },
{ "type": "Feature", "properties": { "element": "way", "id": 944721194, "natural": "cliff" }, "geometry": { "type": "LineString", "coordinates": [ [ 2603970.148035486228764, 1251469.497038400731981 ], [ 2603977.842236696742475, 1251463.653864454943687 ], [ 2603987.967517314013094, 1251456.389161204220727 ], [ 2603998.701848350930959, 1251452.560446393443272 ], [ 2604008.825827512424439, 1251447.319315944332629 ], [ 2604017.735293819569051, 1251441.276872612535954 ], [ 2604025.632404245436192, 1251436.845925578381866 ], [ 2604037.779163695406169, 1251431.406066407216713 ], [ 2604040.817226363345981, 1251436.444710563635454 ], [ 2604053.369092715438455, 1251434.640851942123845 ], [ 2604060.653845210559666, 1251431.821698948508129 ], [ 2604080.899539547041059, 1251424.975363187259063 ], [ 2604093.861587672028691, 1251419.336041503585875 ], [ 2604102.373257937375456, 1251410.258149296510965 ], [ 2604121.812972357496619, 1251390.291766212787479 ], [ 2604129.110618224367499, 1251379.80105368187651 ], [ 2604132.150075531098992, 1251371.731225163443014 ], [ 2604133.980763739906251, 1251365.472857559798285 ], [ 2604138.838946797419339, 1251357.604411403415725 ], [ 2604142.08960232976824, 1251349.745982005493715 ], [ 2604147.762621541973203, 1251342.278364045079798 ], [ 2604152.015125320293009, 1251337.233569483505562 ], [ 2604155.051851255819201, 1251333.1997077439446 ] ] } },
{ "type": "Feature", "properties": { "element": "way", "id": 953174502, "natural": "cliff" }, "geometry": { "type": "LineString", "coordinates": [ [ 2629680.006710467860103, 1248991.886053438764066 ], [ 2629670.016298548784107, 1248984.609134052414447 ], [ 2629658.602692662272602, 1248982.60635694861412 ], [ 2629644.713538434356451, 1248975.877033828757703 ], [ 2629630.801590811926872, 1248972.194070406723768 ], [ 2629624.170395604800433, 1248960.497764063999057 ], [ 2629615.564156701322645, 1248955.729487225646153 ], [ 2629600.54714312357828, 1248949.550559727940708 ], [ 2629594.76148253493011, 1248937.858505304902792 ], [ 2629582.531862006522715, 1248931.404448080342263 ], [ 2629568.723536154255271, 1248906.897395766573027 ], [ 2629559.612345586530864, 1248891.308488549431786 ], [ 2629555.53806790150702, 1248871.008245728444308 ], [ 2629550.902971076313406, 1248849.604493374237791 ], [ 2629547.630734723526984, 1248836.535207160981372 ], [ 2629545.492660582996905, 1248817.078495177440345 ], [ 2629535.498965089675039, 1248810.368830197257921 ], [ 2629529.975168262142688, 1248800.623866566922516 ], [ 2629529.773206028621644, 1248785.068233809433877 ] ] } },
{ "type": "Feature", "properties": { "element": "way", "id": 958495884, "natural": "cliff" }, "geometry": { "type": "LineString", "coordinates": [ [ 2604865.505085595417768, 1252753.080035977298394 ], [ 2604908.756227301433682, 1252769.848400031914935 ], [ 2604919.18391043972224, 1252769.745749786030501 ] ] } },
{ "type": "Feature", "properties": { "element": "way", "id": 961811336, "natural": "cliff" }, "geometry": { "type": "LineString", "coordinates": [ [ 2603512.568078328855336, 1249990.332728233886883 ], [ 2603508.511646397411823, 1250007.997340427478775 ], [ 2603496.759101866744459, 1250006.333903949242085 ] ] } },
{ "type": "Feature", "properties": { "element": "way", "id": 961811337, "natural": "cliff" }, "geometry": { "type": "LineString", "coordinates": [ [ 2603429.954509585164487, 1250015.323687974363565 ], [ 2603431.021336112637073, 1250024.318993086460978 ], [ 2603427.55533731309697, 1250026.262728942558169 ], [ 2603422.005906785372645, 1250028.149696019710973 ], [ 2603412.600543589796871, 1250027.38833710225299 ], [ 2603405.043385805562139, 1250028.840573984663934 ], [ 2603399.405772929079831, 1250026.469205897068605 ] ] } },
{ "type": "Feature", "properties": { "element": "way", "id": 966782549, "natural": "cliff" }, "geometry": { "type": "LineString", "coordinates": [ [ 2631659.703820003662258, 1248177.189046126790345 ], [ 2631656.694119004998356, 1248172.325370124774054 ], [ 2631652.682264423929155, 1248164.220898105762899 ], [ 2631644.599904004018754, 1248160.41977415792644 ], [ 2631639.752445105928928, 1248158.904060847125947 ], [ 2631628.788158042822033, 1248163.092834005597979 ], [ 2631619.822919841390103, 1248173.340684101684019 ] ] } },
{ "type": "Feature", "properties": { "element": "way", "id": 967056639, "natural": "cliff" }, "geometry": { "type": "LineString", "coordinates": [ [ 2632362.368565419688821, 1248949.228588783415034 ], [ 2632367.007182319648564, 1248952.889617715962231 ], [ 2632370.613143894821405, 1248960.380871668690816 ], [ 2632377.286228924058378, 1248962.029456799849868 ], [ 2632381.932533469516784, 1248964.278499889886007 ], [ 2632386.172219265252352, 1248966.325195341371 ], [ 2632396.918479040265083, 1248964.560446333838627 ], [ 2632400.156398296356201, 1248964.778260146500543 ], [ 2632406.851515747141093, 1248962.391011371044442 ], [ 2632411.5066161993891, 1248963.027954404940829 ], [ 2632418.376918943598866, 1248965.88957154029049 ], [ 2632424.032736336346716, 1248968.54442744422704 ], [ 2632429.501225468702614, 1248968.174053581431508 ], [ 2632439.452821948565543, 1248963.992340052267537 ], [ 2632445.767853477504104, 1248956.55529268598184 ], [ 2632449.040011688135564, 1248950.513648111838847 ], [ 2632450.104761790949851, 1248940.824206877266988 ], [ 2632452.5800712229684, 1248932.765771494247019 ] ] } },
{ "type": "Feature", "properties": { "element": "way", "id": 967056644, "natural": "cliff" }, "geometry": { "type": "LineString", "coordinates": [ [ 2632375.94336223276332, 1248985.348580400459468 ], [ 2632377.815246647689492, 1248995.143008828861639 ], [ 2632384.99190183263272, 1248997.205732980975881 ], [ 2632393.60727572068572, 1248995.740662462776527 ], [ 2632397.843656280077994, 1248998.387743457686156 ], [ 2632402.200611535925418, 1248998.311472098343074 ], [ 2632405.731163858901709, 1249000.243124694330618 ], [ 2632409.999866804573685, 1248998.354073856724426 ], [ 2632412.043156517669559, 1248994.7295118260663 ], [ 2632413.447147566825151, 1248997.561262178234756 ], [ 2632415.247951413970441, 1249001.00669434433803 ], [ 2632416.552859819494188, 1249002.625995846232399 ], [ 2632420.700430719181895, 1249003.560370675753802 ], [ 2632428.692227919586003, 1249005.672076295828447 ], [ 2632434.147493190597743, 1249007.714332784293219 ], [ 2632448.213928476907313, 1249009.058751604985446 ], [ 2632459.85616445960477, 1249009.122439212864265 ], [ 2632469.892356637399644, 1249007.409529889468104 ], [ 2632480.228062761947513, 1249006.154132773401216 ], [ 2632487.677689361851662, 1249005.238738209242001 ], [ 2632489.923781113699079, 1249001.815444970969111 ], [ 2632492.016924879513681, 1248998.747104537440464 ] ] } },
{ "type": "Feature", "properties": { "element": "way", "id": 967056645, "natural": "cliff" }, "geometry": { "type": "LineString", "coordinates": [ [ 2632351.017396748997271, 1248895.76490266690962 ], [ 2632352.413680477999151, 1248900.01975330337882 ], [ 2632353.012242009397596, 1248901.023675229400396 ], [ 2632357.252923973836005, 1248904.282262620283291 ], [ 2632361.696517322212458, 1248906.330052024917677 ], [ 2632366.029491600114852, 1248909.277833434520289 ], [ 2632366.321460605598986, 1248912.503768407041207 ], [ 2632365.982666708994657, 1248917.8609992233105 ], [ 2632365.655366043094546, 1248922.49559542723 ], [ 2632364.110240749549121, 1248927.534929797751829 ], [ 2632363.97973204869777, 1248932.081652361433953 ], [ 2632365.254797177854925, 1248940.560845674248412 ], [ 2632371.313943245913833, 1248944.029495896073058 ], [ 2632377.382035847287625, 1248944.473990319296718 ], [ 2632387.61749394563958, 1248943.618147352244705 ], [ 2632394.093902147375047, 1248943.953703737817705 ], [ 2632399.36572191817686, 1248942.270254239439964 ], [ 2632407.474770945962518, 1248940.902504420373589 ], [ 2632411.325967662967741, 1248940.812358471564949 ], [ 2632421.240822121500969, 1248941.978375028353184 ], [ 2632422.86410948401317, 1248941.987246176227927 ], [ 2632438.749286039266735, 1248939.38342268159613 ], [ 2632440.150241790805012, 1248928.962002439657226 ] ] } },
{ "type": "Feature", "properties": { "element": "way", "id": 975923391, "natural": "cliff" }, "geometry": { "type": "LineString", "coordinates": [ [ 2616800.0273905727081, 1261323.027880352688953 ], [ 2616810.288715570233762, 1261341.847560234833509 ], [ 2616783.234367270953953, 1261349.220496662659571 ], [ 2616761.84794136416167, 1261361.223831245442852 ], [ 2616727.053606251720339, 1261337.35383465164341 ], [ 2616715.669183660298586, 1261337.32174817007035 ], [ 2616707.800024466123432, 1261351.842849536798894 ], [ 2616697.840591016691178, 1261351.470130623783916 ], [ 2616696.12554376013577, 1261363.86266149696894 ], [ 2616682.141359492205083, 1261366.669712703675032 ], [ 2616683.181312483735383, 1261377.313239354174584 ], [ 2616676.752206820528954, 1261386.167892393888906 ], [ 2616670.620433597359806, 1261415.237198963295668 ], [ 2616679.46400754712522, 1261431.928999251220375 ] ] } },
{ "type": "Feature", "properties": { "element": "way", "id": 978147345, "natural": "cliff" }, "geometry": { "type": "LineString", "coordinates": [ [ 2619451.779649164061993, 1250026.763848979724571 ], [ 2619455.046772320754826, 1250018.013287072768435 ], [ 2619464.30914309155196, 1250015.742129408521578 ], [ 2619469.385704513639212, 1250019.216572146397084 ], [ 2619470.040911921299994, 1250031.204302213620394 ] ] } },
{ "type": "Feature", "properties": { "element": "way", "id": 978147346, "natural": "cliff" }, "geometry": { "type": "LineString", "coordinates": [ [ 2619422.13258339650929, 1250039.119400362949818 ], [ 2619418.759644834324718, 1250010.97894593491219 ] ] } },
{ "type": "Feature", "properties": { "element": "way", "id": 978147347, "natural": "cliff" }, "geometry": { "type": "LineString", "coordinates": [ [ 2619250.751668045762926, 1250276.505465744063258 ], [ 2619249.410985649097711, 1250252.296457249904051 ], [ 2619262.202432617545128, 1250244.032506878022105 ], [ 2619279.894225551746786, 1250253.985236497130245 ] ] } },
{ "type": "Feature", "properties": { "element": "way", "id": 985821363, "natural": "cliff" }, "geometry": { "type": "LineString", "coordinates": [ [ 2614336.660121336113662, 1260333.508053621742874 ], [ 2614350.263257033191621, 1260342.358009240590036 ], [ 2614354.858560641296208, 1260349.195973725290969 ], [ 2614352.479115143418312, 1260351.558496805373579 ], [ 2614345.913575152400881, 1260352.376530998153612 ], [ 2614340.1930922572501, 1260346.514298204565421 ], [ 2614338.964078262448311, 1260349.924759110668674 ], [ 2614334.170718295499682, 1260353.326615199213848 ], [ 2614331.922564841341227, 1260348.128774313721806 ] ] } },
{ "type": "Feature", "properties": { "element": "way", "id": 987160236, "natural": "cliff" }, "geometry": { "type": "LineString", "coordinates": [ [ 2614314.585163610056043, 1260312.840803916100413 ], [ 2614312.917845940683037, 1260310.512985185021535 ], [ 2614304.179910756181926, 1260305.933280421420932 ], [ 2614302.583862743340433, 1260302.171329369302839 ], [ 2614309.161549827549607, 1260302.587447421625257 ], [ 2614312.366739483550191, 1260304.674360918579623 ], [ 2614313.577674387022853, 1260302.509141167160124 ], [ 2614315.415982777252793, 1260305.804695552680641 ], [ 2614317.424926130101085, 1260307.088184681488201 ] ] } },
{ "type": "Feature", "properties": { "element": "way", "id": 988632846, "natural": "cliff" }, "geometry": { "type": "LineString", "coordinates": [ [ 2605383.178582912776619, 1253496.241973109077662 ], [ 2605382.736780482344329, 1253484.14475029008463 ], [ 2605388.745304512791336, 1253488.986654000123963 ], [ 2605388.841492731589824, 1253499.482516251737252 ], [ 2605397.841644271276891, 1253499.790808913530782 ], [ 2605403.513911524321884, 1253492.635664294939488 ], [ 2605405.764745847322047, 1253498.107949293451384 ], [ 2605401.782165730837733, 1253505.542574091814458 ], [ 2605403.80550394859165, 1253512.304388819960877 ], [ 2605407.435871191322803, 1253518.967587864259258 ], [ 2605414.021644289139658, 1253519.451622696127743 ], [ 2605423.729634087067097, 1253521.194868586724624 ], [ 2605427.970439566764981, 1253528.547973966924474 ], [ 2605446.05778693780303, 1253541.206007117638364 ], [ 2605450.40851037716493, 1253552.083764384267852 ], [ 2605457.369730726350099, 1253562.752651309594512 ], [ 2605462.089245642535388, 1253574.553581586340442 ], [ 2605479.434227720368654, 1253590.290841820649803 ], [ 2605496.755698590073735, 1253623.339497489621863 ], [ 2605561.306866151746362, 1253660.845853974344209 ], [ 2605586.909452837891877, 1253679.493007767247036 ], [ 2605612.931896493304521, 1253692.703762626508251 ], [ 2605626.066240386106074, 1253692.671605983516201 ], [ 2605629.924723341595381, 1253705.072261010529473 ], [ 2605668.632779006380588, 1253721.808613249100745 ], [ 2605679.676558953244239, 1253722.608479315415025 ], [ 2605690.7943011126481, 1253709.076800335664302 ], [ 2605723.859180591069162, 1253717.925201161531731 ], [ 2605737.393720556050539, 1253733.214849470881745 ], [ 2605750.60720137739554, 1253744.957446807296947 ], [ 2605760.122767911292613, 1253742.342642905190587 ], [ 2605778.107756626792252, 1253750.209565039491281 ], [ 2605777.050856988877058, 1253758.791962490649894 ], [ 2605784.394092774949968, 1253763.613323067314923 ], [ 2605787.972933552693576, 1253752.731851095100865 ], [ 2605794.818487810436636, 1253757.319256926653907 ], [ 2605802.035465715453029, 1253760.072491900762543 ], [ 2605806.219997428823262, 1253770.338844670215622 ], [ 2605812.11103955283761, 1253763.428903318243101 ], [ 2605819.031365592498332, 1253768.672396451001987 ], [ 2605827.220507292076945, 1253764.688846657751128 ], [ 2605851.56888941116631, 1253776.24238304188475 ], [ 2605853.659168630372733, 1253783.360212252242491 ], [ 2605858.693240880034864, 1253788.802040374372154 ], [ 2605887.203295299317688, 1253787.495788412634283 ] ] } },
{ "type": "Feature", "properties": { "element": "way", "id": 989042995, "natural": "cliff" }, "geometry": { "type": "LineString", "coordinates": [ [ 2604519.608668992761523, 1255958.721159629523754 ], [ 2604509.615769493859261, 1255979.849893433274701 ], [ 2604487.576059534214437, 1255985.637245389167219 ], [ 2604475.511529983952641, 1255993.911521519301459 ], [ 2604463.455186361446977, 1256001.363060523988679 ], [ 2604445.992470259778202, 1256007.987854930572212 ], [ 2604433.932325514033437, 1256010.458369479281828 ], [ 2604414.806423178408295, 1256012.523449965752661 ] ] } },
{ "type": "Feature", "properties": { "element": "way", "id": 989042996, "natural": "cliff" }, "geometry": { "type": "LineString", "coordinates": [ [ 2604605.700652319006622, 1255907.808284542523324 ], [ 2604572.002018565312028, 1255933.065978126367554 ], [ 2604551.627122468780726, 1255940.922395909903571 ] ] } },
{ "type": "Feature", "properties": { "element": "way", "id": 989042997, "natural": "cliff" }, "geometry": { "type": "LineString", "coordinates": [ [ 2604924.712027344852686, 1256220.746734209591523 ], [ 2604885.22460745787248, 1256215.533242395846173 ], [ 2604870.672022697050124, 1256213.864759309682995 ], [ 2604862.567565958946943, 1256211.378763858927414 ], [ 2604853.223213300574571, 1256203.499307399848476 ], [ 2604847.206563831306994, 1256192.920758325606585 ], [ 2604843.258967879693955, 1256188.147738207131624 ], [ 2604839.095220529008657, 1256198.929318622685969 ], [ 2604834.528935025911778, 1256194.567189772613347 ], [ 2604826.839357449673116, 1256191.870326254982501 ], [ 2604819.147612814791501, 1256191.864146392326802 ], [ 2604813.538162292446941, 1256190.614374591503292 ], [ 2604809.381217514164746, 1256183.561918220482767 ], [ 2604804.614433934912086, 1256175.274824123363942 ], [ 2604802.739388753660023, 1256171.960012961411849 ], [ 2604796.305047875735909, 1256164.90574468462728 ], [ 2604792.149153261911124, 1256165.936445695348084 ], [ 2604785.500499893445522, 1256162.829082985175774 ], [ 2604779.679372025188059, 1256162.201810284983367 ], [ 2604778.428679595701396, 1256170.283958674641326 ], [ 2604774.68675872636959, 1256162.820473284460604 ], [ 2604774.073677824810147, 1256156.182245945092291 ], [ 2604772.208289101719856, 1256150.176777314161882 ], [ 2604768.882222685962915, 1256150.796770083485171 ], [ 2604766.382539922837168, 1256155.353366838069633 ], [ 2604760.77188873803243, 1256155.5601667733863 ], [ 2604754.33601362304762, 1256140.834184130420908 ], [ 2604740.835497113410383, 1256133.985637355362996 ], [ 2604736.687106917146593, 1256125.48783630086109 ], [ 2604739.807099894620478, 1256118.452293567825109 ], [ 2604742.925141819752753, 1256113.896174476714805 ], [ 2604745.221550019457936, 1256108.916905076475814 ], [ 2604741.063482955563813, 1256103.109768561786041 ], [ 2604738.992145349737257, 1256100.006074693053961 ], [ 2604733.589301698375493, 1256094.820596766890958 ], [ 2604729.854493355378509, 1256087.768531216541305 ], [ 2604742.320695918984711, 1256096.272889926098287 ], [ 2604754.790635542478412, 1256090.490018370794132 ], [ 2604752.307833625469357, 1256083.227678990457207 ], [ 2604748.571395978331566, 1256078.254758074413985 ], [ 2604748.365820451639593, 1256071.205473273294047 ], [ 2604749.82354445848614, 1256068.304700559005141 ], [ 2604763.548661757260561, 1256058.375644588610157 ], [ 2604758.780745442956686, 1256041.79419740033336 ], [ 2604761.904081974178553, 1256040.140018916223198 ], [ 2604772.297229531221092, 1256038.280364716658369 ], [ 2604776.869953676592559, 1256034.759440364781767 ], [ 2604777.912938470952213, 1256031.858344906242564 ] ] } },
{ "type": "Feature", "properties": { "element": "way", "id": 990083470, "natural": "cliff" }, "geometry": { "type": "LineString", "coordinates": [ [ 2613215.927189550362527, 1254156.754429267486557 ], [ 2613214.351095523219556, 1254149.735184744931757 ], [ 2613222.247512230183929, 1254147.106544918147847 ], [ 2613223.643310221843421, 1254143.607336651301011 ], [ 2613227.388787067960948, 1254138.478942356538028 ], [ 2613229.677869853563607, 1254136.960806598886847 ], [ 2613231.351375998463482, 1254134.095969677669927 ], [ 2613235.457047248259187, 1254133.215629810467362 ], [ 2613239.912569804117084, 1254131.057449947809801 ] ] } },
{ "type": "Feature", "properties": { "element": "way", "id": 990083471, "natural": "cliff" }, "geometry": { "type": "LineString", "coordinates": [ [ 2613247.440432428847998, 1254134.732184342574328 ], [ 2613246.737109251320362, 1254132.140018832636997 ], [ 2613246.51961926696822, 1254128.181366265984252 ], [ 2613247.708911531604826, 1254125.960325555177405 ], [ 2613253.53354594996199, 1254122.137438615085557 ], [ 2613257.299876064993441, 1254124.591892526019365 ] ] } },
{ "type": "Feature", "properties": { "element": "way", "id": 990083472, "natural": "cliff" }, "geometry": { "type": "LineString", "coordinates": [ [ 2613283.636471372563392, 1254133.878976231673732 ], [ 2613281.181817773729563, 1254131.838817342650145 ], [ 2613278.333188006654382, 1254127.184944079257548 ], [ 2613280.161708922125399, 1254125.854813179466873 ], [ 2613284.13011891534552, 1254125.641307553043589 ], [ 2613286.118993978947401, 1254123.444297623587772 ] ] } },
{ "type": "Feature", "properties": { "element": "way", "id": 990083477, "natural": "cliff" }, "geometry": { "type": "LineString", "coordinates": [ [ 2613355.616006580647081, 1254127.780510142911226 ], [ 2613362.463631211780012, 1254135.367557865334675 ], [ 2613354.825988771393895, 1254136.940338917542249 ], [ 2613346.773657927289605, 1254128.338817079551518 ], [ 2613355.616006580647081, 1254127.780510142911226 ] ] } },
{ "type": "Feature", "properties": { "element": "way", "id": 995844309, "natural": "cliff" }, "geometry": { "type": "LineString", "coordinates": [ [ 2619680.098211311269552, 1248838.498966543469578 ], [ 2619684.89939306024462, 1248843.317983929766342 ], [ 2619690.370080731343478, 1248844.325641630450264 ], [ 2619699.015959039330482, 1248839.562306590611115 ], [ 2619705.344496044330299, 1248834.613405064679682 ], [ 2619716.979255943093449, 1248830.182441041572019 ] ] } },
{ "type": "Feature", "properties": { "element": "way", "id": 995844310, "natural": "cliff" }, "geometry": { "type": "LineString", "coordinates": [ [ 2619610.119073296431452, 1248868.887429493479431 ], [ 2619617.559525690972805, 1248877.017244082409889 ], [ 2619628.999049520120025, 1248881.357814305927604 ], [ 2619652.0808164649643, 1248878.954729847377166 ], [ 2619665.396230812650174, 1248868.569805723847821 ], [ 2619671.882675498258322, 1248863.799283938016742 ], [ 2619678.700275016482919, 1248859.352297261822969 ] ] } },
{ "type": "Feature", "properties": { "element": "way", "id": 995844311, "natural": "cliff" }, "geometry": { "type": "LineString", "coordinates": [ [ 2619582.229632230009884, 1248820.308472817298025 ], [ 2619588.512896863743663, 1248826.777806854341179 ], [ 2619594.709357831161469, 1248859.563914187718183 ], [ 2619606.749993530567735, 1248883.107755872653797 ], [ 2619620.003014490474015, 1248891.590307419421151 ], [ 2619623.480832304805517, 1248894.74827657896094 ], [ 2619627.781107231974602, 1248898.064621192403138 ], [ 2619636.233964470215142, 1248901.405809838557616 ], [ 2619644.867695014923811, 1248900.278045009355992 ], [ 2619662.960657651536167, 1248901.827749606454745 ], [ 2619665.928754526656121, 1248906.140362061792985 ], [ 2619677.554580681491643, 1248904.355450276983902 ], [ 2619684.215240783523768, 1248899.407625529216602 ], [ 2619709.159385862760246, 1248884.10256742220372 ], [ 2619708.869993964675814, 1248871.19324124744162 ], [ 2619710.229564435780048, 1248861.936193448491395 ], [ 2619713.602187885902822, 1248846.726407561218366 ] ] } },
{ "type": "Feature", "properties": { "element": "way", "id": 999817343, "natural": "cliff" }, "geometry": { "type": "LineString", "coordinates": [ [ 2602880.603258329909295, 1255106.974846793105826 ], [ 2602875.47598575334996, 1255119.725283266277984 ], [ 2602850.903307718690485, 1255135.524132952326909 ], [ 2602854.73404496954754, 1255153.126450831536204 ], [ 2602840.152365767862648, 1255158.478705349611118 ], [ 2602839.124472454190254, 1255163.0701472570654 ], [ 2602836.055139923002571, 1255162.301538665546104 ], [ 2602821.213196240831167, 1255159.748495235107839 ], [ 2602806.878103136550635, 1255170.193200011271983 ], [ 2602794.589840437285602, 1255190.856744496151805 ], [ 2602780.767387332394719, 1255202.068923079874367 ] ] } },
{ "type": "Feature", "properties": { "element": "way", "id": 999817606, "natural": "cliff" }, "geometry": { "type": "LineString", "coordinates": [ [ 2601422.128710125572979, 1254557.255472010234371 ], [ 2601423.085730799008161, 1254561.380630487576127 ], [ 2601422.262386369518936, 1254566.450449831783772 ], [ 2601416.203706232830882, 1254573.720528478967026 ], [ 2601403.561652315314859, 1254573.728788918582723 ], [ 2601389.756242978852242, 1254547.652964354492724 ], [ 2601387.421595402527601, 1254531.052619772031903 ], [ 2601396.527792042586952, 1254523.271745777921751 ], [ 2601406.938024789094925, 1254519.649474856443703 ], [ 2601420.464799507521093, 1254510.568779854569584 ], [ 2601431.13326254626736, 1254499.419429988833144 ], [ 2601444.750013709068298, 1254493.029472902417183 ] ] } },
{ "type": "Feature", "properties": { "element": "way", "id": 999817607, "natural": "cliff" }, "geometry": { "type": "LineString", "coordinates": [ [ 2601497.973293931689113, 1254590.206072977045551 ], [ 2601502.140334005933255, 1254576.464689647313207 ], [ 2601516.707866067998111, 1254568.173873923020437 ], [ 2601519.849727245047688, 1254551.930605492787436 ], [ 2601534.730757640209049, 1254557.371180644258857 ], [ 2601535.187720405403525, 1254539.648505788994953 ], [ 2601537.527858859859407, 1254532.388746081385761 ], [ 2601544.080799318384379, 1254540.284462227718905 ], [ 2601561.461933717131615, 1254532.39472187589854 ], [ 2601555.483943735249341, 1254517.861424668924883 ], [ 2601554.70290860440582, 1254504.118842870229855 ], [ 2601559.908088711090386, 1254502.307844432536513 ], [ 2601565.887787309940904, 1254510.092255596071482 ], [ 2601568.757436251267791, 1254497.117766980547458 ], [ 2601575.261555053293705, 1254489.336511336499825 ], [ 2601586.969504461158067, 1254485.192321034613997 ], [ 2601599.45400864770636, 1254482.604935163399205 ], [ 2601616.108511405996978, 1254485.199852757388726 ], [ 2601616.630337947513908, 1254480.018798502162099 ], [ 2601622.093858911655843, 1254471.20330882887356 ], [ 2601630.423241724260151, 1254464.456607173662633 ], [ 2601636.9269277327694, 1254458.754567032447085 ], [ 2601648.369036838412285, 1254461.870765506289899 ] ] } },
{ "type": "Feature", "properties": { "element": "way", "id": 1019716092, "natural": "cliff" }, "geometry": { "type": "LineString", "coordinates": [ [ 2603682.650221634656191, 1254987.530884864041582 ], [ 2603685.24492374015972, 1254987.376810995163396 ], [ 2603694.63667185138911, 1254985.125509785022587 ], [ 2603701.336100262124091, 1254982.327766726259142 ], [ 2603706.037572212517262, 1254978.239062971202657 ], [ 2603710.571590892504901, 1254976.629674796480685 ], [ 2603713.858590743038803, 1254979.09999410295859 ], [ 2603717.634847869165242, 1254983.193910834379494 ], [ 2603726.382180229760706, 1254986.323593851411715 ], [ 2603735.562157515436411, 1254985.039532161550596 ], [ 2603743.983959577511996, 1254977.940063440706581 ], [ 2603747.118100206833333, 1254971.482189296977594 ], [ 2603744.421432734001428, 1254965.776748551987112 ], [ 2603738.812487623188645, 1254961.470427918247879 ], [ 2603727.806037951726466, 1254952.413195413537323 ] ] } },
{ "type": "Feature", "properties": { "element": "way", "id": 1041192334, "natural": "cliff" }, "geometry": { "type": "LineString", "coordinates": [ [ 2616278.060104271396995, 1263260.013345665065572 ], [ 2616287.575551528949291, 1263253.590580132091418 ], [ 2616291.82927572960034, 1263248.776716 ], [ 2616291.638098636642098, 1263244.339801893569529 ], [ 2616284.99114402430132, 1263237.472387274494395 ], [ 2616279.355652085505426, 1263229.807204857934266 ], [ 2616276.73914495902136, 1263225.374754451913759 ], [ 2616271.725340670906007, 1263213.475034929811954 ], [ 2616279.827040979173034, 1263206.247828329214826 ], [ 2616271.571144300512969, 1263195.551158070098609 ], [ 2616264.484243516344577, 1263200.768661273876205 ], [ 2616261.255246547982097, 1263199.948138271458447 ], [ 2616251.360408559907228, 1263199.120469283079728 ], [ 2616244.700312608852983, 1263194.2655621455051 ], [ 2616236.831768169533461, 1263190.619300251593813 ], [ 2616227.930777164641768, 1263195.431606134632602 ], [ 2616224.652200277429074, 1263212.734558797907084 ], [ 2616234.500125059857965, 1263230.696076726075262 ] ] } },
{ "type": "Feature", "properties": { "element": "way", "id": 1041192336, "natural": "cliff" }, "geometry": { "type": "LineString", "coordinates": [ [ 2616691.941150479950011, 1263498.416112056700513 ], [ 2616684.868408853653818, 1263498.596348042367026 ], [ 2616677.587217854335904, 1263500.588367501273751 ], [ 2616672.129241907969117, 1263502.3853829507716 ], [ 2616666.46394790802151, 1263505.593905948335305 ], [ 2616663.625446969177574, 1263510.622737446101382 ], [ 2616663.004079484380782, 1263514.645990207558498 ], [ 2616665.609950894489884, 1263522.714428412728012 ], [ 2616672.252765368204564, 1263530.783096451777965 ] ] } },
{ "type": "Feature", "properties": { "element": "way", "id": 1041192337, "natural": "cliff" }, "geometry": { "type": "LineString", "coordinates": [ [ 2616536.809592612553388, 1263420.739378977334127 ], [ 2616544.985644123516977, 1263421.974127782741562 ], [ 2616552.391796545125544, 1263429.199760043993592 ], [ 2616565.04894420132041, 1263435.928601681720465 ], [ 2616569.986576159484684, 1263439.767253985861316 ], [ 2616572.994614063296467, 1263446.824963799677789 ], [ 2616575.3061464112252, 1263452.468643902800977 ], [ 2616574.68424285389483, 1263456.70316035929136 ], [ 2616573.363605175167322, 1263460.324191537220031 ], [ 2616573.050812142901123, 1263464.448384273797274 ], [ 2616571.32207034016028, 1263468.568620651727542 ], [ 2616569.087437546346337, 1263473.143314183456823 ], [ 2616563.936759226489812, 1263472.78424488636665 ], [ 2616556.521829882636666, 1263468.727424344513565 ], [ 2616553.85172702325508, 1263467.419074103003368 ], [ 2616548.50488578947261, 1263464.479914186289534 ], [ 2616537.095337097533047, 1263461.423782582161948 ], [ 2616533.269566987641156, 1263458.600065677193925 ], [ 2616520.768547251820564, 1263449.903702871408314 ], [ 2616515.730495236348361, 1263444.252451297827065 ] ] } },
{ "type": "Feature", "properties": { "element": "way", "id": 1041192338, "natural": "cliff" }, "geometry": { "type": "LineString", "coordinates": [ [ 2616583.451181211043149, 1263464.777662813896313 ], [ 2616583.032658535521477, 1263469.001628471538424 ], [ 2616582.722936872858554, 1263472.025070305215195 ], [ 2616577.85397547762841, 1263478.66048848326318 ], [ 2616578.962751620449126, 1263480.776155836647376 ], [ 2616578.450238182675093, 1263483.598893100628629 ], [ 2616572.895844397135079, 1263482.171284665819257 ], [ 2616562.710689513478428, 1263477.60637083160691 ], [ 2616551.416142291855067, 1263471.137067442527041 ], [ 2616541.12383425142616, 1263467.17230610223487 ], [ 2616535.468962732702494, 1263466.656192610738799 ], [ 2616531.817137811798602, 1263471.682819111971185 ], [ 2616527.192547395359725, 1263463.619934897869825 ], [ 2616521.549750608857721, 1263458.767544937785715 ], [ 2616520.118097306694835, 1263464.400777559261769 ], [ 2616517.187170754186809, 1263464.792890519835055 ], [ 2616515.278063816484064, 1263463.375489328755066 ], [ 2616511.243936409708112, 1263459.639466728782281 ], [ 2616505.600256346166134, 1263455.098415439482778 ], [ 2616495.519346721936017, 1263448.221202531829476 ], [ 2616486.342452951241285, 1263443.970551281701773 ], [ 2616474.836619545705616, 1263440.30273998924531 ], [ 2616466.249917043372989, 1263440.490151593694463 ], [ 2616460.172966924961656, 1263445.498970810323954 ], [ 2616458.130999018903822, 1263453.954693825216964 ], [ 2616450.84282978111878, 1263458.470935703255236 ], [ 2616440.536748469807208, 1263459.443049126304686 ], [ 2616432.483159656636417, 1263449.358237189007923 ], [ 2616428.637836963869631, 1263453.572720176074654 ], [ 2616423.801392682828009, 1263448.522519609890878 ], [ 2616420.366396990604699, 1263448.713146836962551 ], [ 2616415.534957631491125, 1263441.850606361869723 ], [ 2616412.501069348305464, 1263444.065965721616521 ], [ 2616407.469333368353546, 1263438.815100353909656 ], [ 2616397.991370642092079, 1263431.739584681577981 ], [ 2616385.279521196614951, 1263425.655839669285342 ], [ 2616370.554671938531101, 1263417.565186239778996 ], [ 2616365.517323223873973, 1263414.326840126188472 ], [ 2616357.442448225338012, 1263411.891791241941974 ], [ 2616351.781684166286141, 1263413.488405047450215 ], [ 2616349.749553732573986, 1263415.695439443225041 ] ] } },
{ "type": "Feature", "properties": { "element": "way", "id": 1041193392, "natural": "cliff" }, "geometry": { "type": "LineString", "coordinates": [ [ 2616475.044181331060827, 1263474.03768821223639 ], [ 2616482.514978792052716, 1263474.269701845943928 ], [ 2616490.191653518471867, 1263476.303539447719231 ], [ 2616497.855193361174315, 1263480.349849451566115 ], [ 2616512.994582863058895, 1263482.80475605931133 ], [ 2616514.803211563732475, 1263487.846598764881492 ], [ 2616523.688261894974858, 1263488.683016785187647 ], [ 2616530.945304492488503, 1263495.341150650754571 ], [ 2616533.552264010999352, 1263500.385224553989246 ] ] } },
{ "type": "Feature", "properties": { "element": "way", "id": 1041487791, "natural": "cliff" }, "geometry": { "type": "LineString", "coordinates": [ [ 2615454.4597028195858, 1261224.695099481847137 ], [ 2615463.279041572473943, 1261252.114538103342056 ], [ 2615468.459135870449245, 1261279.535624955315143 ], [ 2615476.456401782575995, 1261312.99039905029349 ], [ 2615481.254924918990582, 1261333.561388632748276 ], [ 2615488.466878991574049, 1261358.964197341119871 ], [ 2615496.53017273824662, 1261367.046303839422762 ] ] } },
{ "type": "Feature", "properties": { "element": "way", "id": 1044549927, "natural": "cliff" }, "geometry": { "type": "LineString", "coordinates": [ [ 2627319.226547930389643, 1246634.367773407138884 ], [ 2627324.987951102666557, 1246638.029970492934808 ], [ 2627335.775400935672224, 1246647.574657146353275 ], [ 2627348.80889965640381, 1246656.51820214628242 ] ] } },
{ "type": "Feature", "properties": { "element": "way", "id": 1049691622, "natural": "cliff" }, "geometry": { "type": "LineString", "coordinates": [ [ 2628675.582964312285185, 1249740.408014015061781 ], [ 2628681.8885039081797, 1249733.778561422601342 ], [ 2628684.358354778494686, 1249725.718533840496093 ], [ 2628691.452889004722238, 1249724.540927264373749 ], [ 2628699.933739900588989, 1249728.617924529360607 ], [ 2628704.747536762617528, 1249738.536596207413822 ], [ 2628702.070932152681053, 1249747.196009827544913 ], [ 2628693.319883961696178, 1249756.848941558273509 ], [ 2628699.739447025582194, 1249768.787807922111824 ], [ 2628706.38498940365389, 1249777.703566650627181 ], [ 2628708.765272228512913, 1249786.598694937303662 ], [ 2628716.037198873236775, 1249790.86999887181446 ], [ 2628722.51335011748597, 1249791.101475527975708 ], [ 2628731.377036074642092, 1249801.840302330907434 ], [ 2628742.857252518180758, 1249813.203329844865948 ], [ 2628746.875871273688972, 1249820.494241022737697 ], [ 2628743.181798638310283, 1249830.360616064164788 ], [ 2628739.48472249135375, 1249840.84961034078151 ] ] } },
{ "type": "Feature", "properties": { "element": "way", "id": 1050527090, "natural": "cliff" }, "geometry": { "type": "LineString", "coordinates": [ [ 2612008.912079195026308, 1263110.467247734311968 ], [ 2612005.307039156090468, 1263097.873542087385431 ], [ 2611990.891337745822966, 1263082.533918536268175 ], [ 2611978.381623385474086, 1263074.458713413914666 ], [ 2611961.783947623334825, 1263087.81224273191765 ], [ 2611964.401085388846695, 1263093.565903501352295 ], [ 2611971.059710877481848, 1263097.204026860650629 ], [ 2611972.371759778354317, 1263100.21985056460835 ], [ 2611964.57364339241758, 1263108.865644515492022 ], [ 2611975.883007819298655, 1263110.800854032859206 ], [ 2611985.175377400126308, 1263111.931466401554644 ], [ 2611986.680805178824812, 1263116.159626843174919 ], [ 2611977.082675901707262, 1263117.252144867088646 ], [ 2611967.180019216611981, 1263119.956283254548907 ], [ 2611962.115040618926287, 1263125.383150286739692 ], [ 2611950.079256359022111, 1263132.60835273610428 ], [ 2611948.150282279588282, 1263136.729528181022033 ], [ 2611941.881211435422301, 1263141.653647887753323 ], [ 2611938.755961626768112, 1263137.622380916029215 ], [ 2611933.001261681783944, 1263137.71088890498504 ] ] } },
{ "type": "Feature", "properties": { "element": "way", "id": 1050527091, "natural": "cliff" }, "geometry": { "type": "LineString", "coordinates": [ [ 2612047.104857161641121, 1263056.062719030305743 ], [ 2612041.842877505347133, 1263062.000579624669626 ], [ 2612041.834516724571586, 1263066.125616809353232 ], [ 2612043.539204327855259, 1263072.366687835427001 ], [ 2612042.316003526560962, 1263077.556662139249966 ], [ 2612033.645630119834095, 1263070.534285221714526 ], [ 2612030.019420180935413, 1263064.689600822282955 ], [ 2612025.872456235811114, 1263066.793766773305833 ], [ 2612020.724127668421715, 1263064.970992792164907 ], [ 2612014.271292924880981, 1263060.132405584678054 ], [ 2612011.858973619062454, 1263053.678656477946788 ], [ 2612008.840205466840416, 1263045.411327494541183 ], [ 2611998.751334930770099, 1263039.553603776032105 ], [ 2611987.850015632808208, 1263036.907574875513092 ], [ 2611979.781152476556599, 1263030.353479070821777 ], [ 2611973.824613569304347, 1263029.629872265271842 ], [ 2611970.582343517802656, 1263035.060404272284359 ], [ 2611972.287093080580235, 1263041.312572828028351 ], [ 2611978.534372155088931, 1263047.262573682470247 ], [ 2611986.499575203284621, 1263056.651738702785224 ], [ 2611994.77276099100709, 1263058.981134075438604 ], [ 2611996.47830861248076, 1263064.821918220259249 ], [ 2612004.945484702009708, 1263075.513015439733863 ], [ 2612012.197505142074078, 1263083.688831905834377 ], [ 2612016.233086926396936, 1263088.233440467854962 ], [ 2612025.107969899661839, 1263094.689150134567171 ], [ 2612032.782390981446952, 1263095.10496309120208 ], [ 2612038.840025634039193, 1263097.941396148409694 ] ] } },
{ "type": "Feature", "properties": { "element": "way", "id": 1050527093, "natural": "cliff" }, "geometry": { "type": "LineString", "coordinates": [ [ 2611936.792998073622584, 1263158.666224582586437 ], [ 2611942.554405130445957, 1263158.978008699603379 ], [ 2611949.520535317715257, 1263159.492358752293512 ], [ 2611957.495129457209259, 1263160.420140213565901 ], [ 2611963.965978179592639, 1263160.021773251704872 ], [ 2611966.797390094492584, 1263156.6029013376683 ], [ 2611968.837911873590201, 1263149.457657233811915 ], [ 2611974.392686588689685, 1263147.656494209077209 ], [ 2611981.870379209052771, 1263148.483238346641883 ], [ 2611992.075691009871662, 1263145.079254260286689 ], [ 2611995.507256038021296, 1263146.598331246292219 ], [ 2612003.091422261204571, 1263143.189074637833983 ], [ 2612007.446993434801698, 1263138.461289664031938 ], [ 2612009.457248748745769, 1263142.590407884912565 ], [ 2612014.909021381288767, 1263143.313030313467607 ], [ 2612019.060021542478353, 1263139.185252514434978 ], [ 2612022.805083230137825, 1263134.667500057490543 ], [ 2612031.492420075461268, 1263133.273005644557998 ], [ 2612030.493929443415254, 1263127.933985327370465 ], [ 2612034.132734401617199, 1263127.54107992677018 ], [ 2612041.095423589926213, 1263129.767817902378738 ], [ 2612043.423240997828543, 1263129.572398788994178 ], [ 2612050.910171921830624, 1263122.138020366663113 ], [ 2612057.179733585566282, 1263120.738660046132281 ], [ 2612058.686732452362776, 1263124.166292512789369 ], [ 2612065.760804381221533, 1263123.46905529894866 ], [ 2612070.50949663342908, 1263121.766414417652413 ] ] } },
{ "type": "Feature", "properties": { "element": "way", "id": 1050527095, "natural": "cliff" }, "geometry": { "type": "LineString", "coordinates": [ [ 2611923.579420005902648, 1263148.566107472172007 ], [ 2611915.797065257560462, 1263153.175893343286589 ], [ 2611908.110722815152258, 1263154.983957702759653 ], [ 2611907.594778143335134, 1263160.620128412730992 ], [ 2611901.64542228449136, 1263156.371965459780768 ], [ 2611888.908394082449377, 1263160.282501731766388 ], [ 2611877.506225266493857, 1263155.823317286325619 ], [ 2611868.62103472230956, 1263154.493549995590001 ], [ 2611851.140857277903706, 1263157.382889007916674 ], [ 2611838.614673483651131, 1263157.558055312372744 ], [ 2611823.055887716822326, 1263156.315132249379531 ], [ 2611812.252202736679465, 1263153.880876740673557 ], [ 2611805.899751052260399, 1263151.555552284931764 ] ] } },
{ "type": "Feature", "properties": { "element": "way", "id": 1050527096, "natural": "cliff" }, "geometry": { "type": "LineString", "coordinates": [ [ 2611794.563301033806056, 1263159.482942415168509 ], [ 2611809.500785228796303, 1263166.361760212341323 ], [ 2611817.878516597207636, 1263169.102510151686147 ], [ 2611826.868148853071034, 1263170.93275268888101 ], [ 2611837.877177054062486, 1263172.355638241395354 ], [ 2611845.853987770620733, 1263172.171398651087657 ], [ 2611860.102657617535442, 1263169.386780134635046 ], [ 2611868.08962579164654, 1263167.890578669728711 ], [ 2611868.485802747309208, 1263169.403519658138976 ], [ 2611862.718681343831122, 1263175.729688566876575 ], [ 2611866.143022681120783, 1263180.873387797502801 ], [ 2611874.534995548892766, 1263176.464892006479204 ], [ 2611885.649569617584348, 1263174.063228459330276 ], [ 2611896.66441090637818, 1263172.573123431764543 ], [ 2611904.040064969100058, 1263171.687277684221044 ], [ 2611911.621315022930503, 1263169.689978583250195 ], [ 2611919.805957827717066, 1263167.282506056362763 ], [ 2611924.866197656374425, 1263164.17941084690392 ] ] } },
{ "type": "Feature", "properties": { "element": "way", "id": 1056299742, "natural": "cliff" }, "geometry": { "type": "LineString", "coordinates": [ [ 2633376.172647157218307, 1254649.163488292135298 ], [ 2633381.933727596420795, 1254649.496137596201152 ], [ 2633384.37331158015877, 1254647.597477637929842 ], [ 2633387.827654216904193, 1254644.992944025434554 ], [ 2633399.465220563113689, 1254645.258651189738885 ], [ 2633404.427109399810433, 1254644.185873278649524 ], [ 2633407.565999293234199, 1254642.680315907113254 ], [ 2633408.296027785167098, 1254638.959695500088856 ], [ 2633408.378443514928222, 1254624.339183676289394 ], [ 2633411.672964245546609, 1254613.961852756561711 ], [ 2633414.932350308168679, 1254611.156100956024602 ], [ 2633419.58973154425621, 1254610.581956434296444 ], [ 2633427.270848903805017, 1254611.537000536685809 ], [ 2633435.654790558386594, 1254613.596762311179191 ], [ 2633438.800620277412236, 1254612.20244680531323 ], [ 2633441.146054449956864, 1254608.27969154692255 ], [ 2633444.335116763133556, 1254599.224898783955723 ], [ 2633449.018996497616172, 1254575.24624822055921 ] ] } },
{ "type": "Feature", "properties": { "element": "way", "id": 1059967369, "natural": "cliff" }, "geometry": { "type": "LineString", "coordinates": [ [ 2600703.935151863377541, 1256049.210437584202737 ], [ 2600699.88497790042311, 1256054.858197253663093 ], [ 2600694.221483774948865, 1256056.069514345144853 ], [ 2600689.372977670282125, 1256052.03299669129774 ], [ 2600679.660159422084689, 1256050.820077145705 ], [ 2600671.568429922219366, 1256052.031167247332633 ], [ 2600665.904817352537066, 1256054.454426342854276 ], [ 2600657.006118880584836, 1256056.465986458584666 ], [ 2600650.535185909830034, 1256063.325456354534253 ], [ 2600645.271192903630435, 1256066.549305318621919 ] ] } },
{ "type": "Feature", "properties": { "element": "way", "id": 1059967370, "natural": "cliff" }, "geometry": { "type": "LineString", "coordinates": [ [ 2600774.295748914126307, 1256095.437911255285144 ], [ 2600620.196783531922847, 1256069.771292214514688 ], [ 2600610.891675211023539, 1256063.321716562379152 ], [ 2600594.708994260057807, 1256057.672075712354854 ] ] } },
{ "type": "Feature", "properties": { "element": "way", "id": 1064222786, "natural": "cliff" }, "geometry": { "type": "LineString", "coordinates": [ [ 2609479.269170708954334, 1263952.644515736959875 ], [ 2609478.939423458185047, 1263961.083134416257963 ], [ 2609475.325662907678634, 1263969.827848253771663 ], [ 2609475.738669674377888, 1263975.310058260569349 ], [ 2609478.906672252807766, 1263981.641682992922142 ], [ 2609480.270243965089321, 1263986.080243746517226 ], [ 2609482.167520840652287, 1263991.142306386493146 ], [ 2609485.335031589027494, 1263993.048664396163076 ], [ 2609489.035732160788029, 1263995.900969713227823 ], [ 2609490.303252489771694, 1263999.171909143682569 ], [ 2609493.890645273961127, 1264002.235293445177376 ], [ 2609496.947850151453167, 1264007.188024344854057 ], [ 2609499.269519612658769, 1264010.571836171438918 ], [ 2609501.272027974482626, 1264015.745261074975133 ], [ 2609504.020433321595192, 1264020.70862153545022 ], [ 2609505.810114787425846, 1264022.390414661960676 ], [ 2609510.460360152646899, 1264024.821737589780241 ], [ 2609517.437819730024785, 1264027.156717455014586 ], [ 2609525.6935725803487, 1264026.013577178586274 ], [ 2609530.555527872405946, 1264027.911554002668709 ], [ 2609535.305257888510823, 1264034.04560619383119 ], [ 2609540.272297628223896, 1264036.155016119591892 ], [ 2609544.600458156317472, 1264042.177212312119082 ], [ 2609546.606983674690127, 1264044.815580044873059 ], [ 2609554.010546213481575, 1264044.404950833879411 ], [ 2609561.634543260093778, 1264042.727145373588428 ], [ 2609566.394419446587563, 1264042.523540250724182 ], [ 2609567.985301584936678, 1264041.369746365118772 ], [ 2609567.771822205744684, 1264038.311741316923872 ], [ 2609571.163275158964097, 1264036.738330885069445 ], [ 2609575.392609988339245, 1264038.635327059077099 ] ] } },
{ "type": "Feature", "properties": { "element": "way", "id": 1068835580, "natural": "cliff" }, "geometry": { "type": "LineString", "coordinates": [ [ 2617597.025638063438237, 1260686.458106769248843 ], [ 2617597.209958581253886, 1260692.90749279037118 ], [ 2617605.847803076263517, 1260709.855766833992675 ], [ 2617619.332218702416867, 1260728.842049212893471 ], [ 2617627.97569760074839, 1260746.39078383333981 ], [ 2617637.809136094525456, 1260769.19109246134758 ], [ 2617648.080584392417222, 1260781.50779584236443 ], [ 2617654.702332409564406, 1260797.24933026987128 ], [ 2617658.29856975376606, 1260811.769928326364607 ], [ 2617661.299482035916299, 1260821.240870005683973 ], [ 2617665.899385262280703, 1260837.776945747667924 ], [ 2617673.145765113644302, 1260848.683732128702104 ], [ 2617682.002215937711298, 1260860.395873013650998 ], [ 2617684.808007652871311, 1260867.053216786822304 ], [ 2617690.456551913172007, 1260870.494617673335597 ], [ 2617700.315123555250466, 1260887.246544790454209 ], [ 2617702.722725054249167, 1260893.502436498412862 ] ] } },
{ "type": "Feature", "properties": { "element": "way", "id": 1071016701, "natural": "cliff" }, "geometry": { "type": "LineString", "coordinates": [ [ 2629266.691435811575502, 1258278.407109164167196 ], [ 2629263.203765651211143, 1258268.716619610786438 ], [ 2629278.786736940965056, 1258265.469117191620171 ], [ 2629294.521418671123683, 1258272.707333047641441 ], [ 2629299.450145832262933, 1258277.568336197175086 ], [ 2629301.936588360462338, 1258285.441548864822835 ], [ 2629300.49955166503787, 1258290.971551202470437 ], [ 2629297.639714168850332, 1258296.105363821145147 ], [ 2629292.594093983527273, 1258295.068614452611655 ], [ 2629288.85055481037125, 1258294.449697723379359 ], [ 2629281.094285012688488, 1258291.242532283766195 ], [ 2629279.598262598738074, 1258285.831454006489366 ], [ 2629277.081341701559722, 1258282.59459519572556 ], [ 2629266.691435811575502, 1258278.407109164167196 ] ] } },
{ "type": "Feature", "properties": { "element": "way", "id": 1071016702, "natural": "cliff" }, "geometry": { "type": "LineString", "coordinates": [ [ 2629303.433198217768222, 1258310.543842508457601 ], [ 2629313.176809867843986, 1258302.119597132317722 ], [ 2629321.269297644495964, 1258301.359095084713772 ] ] } },
{ "type": "Feature", "properties": { "element": "way", "id": 1071016703, "natural": "cliff" }, "geometry": { "type": "LineString", "coordinates": [ [ 2629276.19971836451441, 1258256.583616974763572 ], [ 2629259.166143069509417, 1258266.584127176785842 ], [ 2629254.337402657605708, 1258261.312260074773803 ], [ 2629250.327729490585625, 1258255.043758401414379 ], [ 2629244.300177447963506, 1258246.752816062420607 ], [ 2629237.870114827528596, 1258239.060303148347884 ], [ 2629230.179630502592772, 1258240.834703777916729 ], [ 2629224.303854593075812, 1258243.029456758173183 ], [ 2629222.524331565480679, 1258233.947827672353014 ], [ 2629221.15047306008637, 1258226.680546668125317 ], [ 2629217.545207508839667, 1258219.413380584912375 ] ] } },
{ "type": "Feature", "properties": { "element": "way", "id": 1071016704, "natural": "cliff" }, "geometry": { "type": "LineString", "coordinates": [ [ 2629344.081621454097331, 1258349.849478516727686 ], [ 2629338.827514164149761, 1258349.823457952355966 ], [ 2629328.260850807651877, 1258360.055935163516551 ], [ 2629320.413845642469823, 1258352.356314718024805 ], [ 2629313.801426263060421, 1258340.42659034463577 ], [ 2629313.840319058392197, 1258332.565865349257365 ], [ 2629308.812110322061926, 1258326.492419262882322 ], [ 2629301.365115078166127, 1258320.206878228113055 ], [ 2629291.093682531267405, 1258311.894898819737136 ], [ 2629290.306488097645342, 1258306.44284704583697 ], [ 2629283.26948010455817, 1258299.558946842327714 ], [ 2629275.981553629972041, 1258300.734868097817525 ], [ 2629267.096430300734937, 1258298.66736847977154 ], [ 2629257.416991210542619, 1258292.582111519761384 ], [ 2629255.037071267608553, 1258284.498188508208841 ], [ 2629249.827074045315385, 1258273.998656745767221 ], [ 2629243.393097377382219, 1258267.106663524871692 ] ] } },
{ "type": "Feature", "properties": { "element": "way", "id": 1071016705, "natural": "cliff" }, "geometry": { "type": "LineString", "coordinates": [ [ 2629355.568348018452525, 1258398.884241069899872 ], [ 2629344.196157101076096, 1258408.912563227349892 ], [ 2629338.551011870615184, 1258405.660183547763154 ], [ 2629332.928815267048776, 1258397.771426124265417 ], [ 2629330.511560743208975, 1258395.735855843871832 ], [ 2629328.116209843661636, 1258389.275153561029583 ], [ 2629327.747072107624263, 1258381.612544134492055 ], [ 2629330.207266335375607, 1258374.975742338225245 ], [ 2629333.862171356100589, 1258372.169688309077173 ], [ 2629348.408306373283267, 1258374.265329200774431 ] ] } },
{ "type": "Feature", "properties": { "element": "way", "id": 1071016707, "natural": "cliff" }, "geometry": { "type": "LineString", "coordinates": [ [ 2628970.308173633180559, 1259780.022888171253726 ], [ 2628974.190512214321643, 1259770.56871040747501 ], [ 2628976.072508056648076, 1259758.68086454202421 ], [ 2628983.209632604382932, 1259744.817357406020164 ], [ 2628990.716943661682308, 1259740.01744354958646 ], [ 2629002.65041747642681, 1259737.852112934691831 ], [ 2629010.30792650161311, 1259743.938205329235643 ], [ 2629019.779109751340002, 1259749.021387703018263 ], [ 2629030.677595649380237, 1259753.511168501805514 ], [ 2629040.959676727186888, 1259759.209890137426555 ], [ 2629045.979444156400859, 1259765.271979118697345 ], [ 2629046.364654017146677, 1259769.710245630005375 ], [ 2629045.926068441011012, 1259776.156964737456292 ] ] } },
{ "type": "Feature", "properties": { "element": "way", "id": 1071016708, "natural": "cliff" }, "geometry": { "type": "LineString", "coordinates": [ [ 2629548.851093970239162, 1258620.896025344496593 ], [ 2629605.237864010035992, 1258608.346549238078296 ], [ 2629637.614487186074257, 1258603.671795274829492 ], [ 2629657.033054780680686, 1258600.54454836808145 ], [ 2629671.205293883103877, 1258597.391086992342025 ], [ 2629678.50502301286906, 1258593.802953152218834 ], [ 2629688.645613833330572, 1258587.404912677593529 ], [ 2629696.33885417226702, 1258585.019593255128711 ] ] } },
{ "type": "Feature", "properties": { "element": "way", "id": 1071016709, "natural": "cliff" }, "geometry": { "type": "LineString", "coordinates": [ [ 2629773.178640966769308, 1258986.112614306155592 ], [ 2629774.684282371774316, 1259007.47924592718482 ], [ 2629785.972934425342828, 1259013.984855575952679 ], [ 2629789.133482624311, 1259028.510681146290153 ], [ 2629791.49356389651075, 1259041.831661281641573 ], [ 2629784.959706303197891, 1259055.096798188053071 ], [ 2629775.599972521420568, 1259066.735522792907432 ], [ 2629776.762779904529452, 1259076.826050483621657 ], [ 2629783.201395660173148, 1259082.495612261816859 ], [ 2629782.747195353265852, 1259093.378560103708878 ], [ 2629777.431494918186218, 1259104.237068351358175 ] ] } },
{ "type": "Feature", "properties": { "element": "way", "id": 1071016710, "natural": "cliff" }, "geometry": { "type": "LineString", "coordinates": [ [ 2629865.722921449225396, 1258995.440089758019894 ], [ 2629863.996141530107707, 1259018.002391193527728 ], [ 2629849.375097162555903, 1259029.625595281366259 ], [ 2629840.028838309459388, 1259040.052344804396853 ], [ 2629836.343636719509959, 1259048.906523720594123 ], [ 2629838.314904273487628, 1259058.589742766227573 ], [ 2629827.735470000654459, 1259071.434182743541896 ], [ 2629826.886324480175972, 1259079.902375282719731 ], [ 2629824.402513726148754, 1259091.17537520150654 ], [ 2629810.545108896214515, 1259112.864968122448772 ], [ 2629804.803498715627939, 1259128.969347949139774 ], [ 2629803.115527493413538, 1259143.871067400788888 ], [ 2629803.409549969248474, 1259164.831347279250622 ] ] } },
{ "type": "Feature", "properties": { "element": "way", "id": 1071016711, "natural": "cliff" }, "geometry": { "type": "LineString", "coordinates": [ [ 2629656.321157298050821, 1259349.509061850141734 ], [ 2629650.389830181375146, 1259362.988629282452166 ], [ 2629649.296187122352421, 1259379.70572948269546 ], [ 2629650.663639706559479, 1259389.59712830116041 ] ] } },
{ "type": "Feature", "properties": { "element": "way", "id": 1071016712, "natural": "cliff" }, "geometry": { "type": "LineString", "coordinates": [ [ 2629651.567241213750094, 1259329.538257961627096 ], [ 2629650.924939278047532, 1259337.395986126270145 ], [ 2629645.839457521680743, 1259343.007729345932603 ], [ 2629634.899760884232819, 1259348.201030264375731 ], [ 2629625.375599467661232, 1259352.17837026505731 ] ] } },
{ "type": "Feature", "properties": { "element": "way", "id": 1071016713, "natural": "cliff" }, "geometry": { "type": "LineString", "coordinates": [ [ 2629676.89050620701164, 1259278.674573461525142 ], [ 2629675.053872784599662, 1259282.701471311273053 ], [ 2629677.440396067686379, 1259290.77450700616464 ], [ 2629675.172132736071944, 1259298.212692790664732 ], [ 2629673.100707205012441, 1259308.487142018508166 ], [ 2629673.069405883084983, 1259314.735712145688012 ], [ 2629671.031349321361631, 1259318.350209550233558 ] ] } },
{ "type": "Feature", "properties": { "element": "way", "id": 1071016714, "natural": "cliff" }, "geometry": { "type": "LineString", "coordinates": [ [ 2629743.494423481170088, 1259220.557470363099128 ], [ 2629733.173563521821052, 1259222.529264949262142 ], [ 2629724.077335212379694, 1259222.283476771088317 ], [ 2629715.36846729926765, 1259224.452409858582541 ], [ 2629709.083925912156701, 1259228.657122800825164 ], [ 2629702.203108932822943, 1259230.023576719220728 ], [ 2629688.856453920248896, 1259231.168610206572339 ], [ 2629676.905083786230534, 1259235.144821006106213 ], [ 2629670.608496327884495, 1259241.762278601294383 ], [ 2629669.351651984732598, 1259250.417473196517676 ], [ 2629669.498627262189984, 1259261.703719563782215 ], [ 2629670.470215647015721, 1259269.369390742154792 ] ] } },
{ "type": "Feature", "properties": { "element": "way", "id": 1073340026, "natural": "cliff" }, "geometry": { "type": "LineString", "coordinates": [ [ 2610078.882414334453642, 1256785.483907182933763 ], [ 2610085.44353635283187, 1256789.253077764529735 ], [ 2610090.239940111991018, 1256802.103100253269076 ], [ 2610091.545295821037143, 1256810.466443674871698 ], [ 2610086.418254117015749, 1256814.760626253904775 ], [ 2610080.536172003019601, 1256819.665053986711428 ], [ 2610072.383150865789503, 1256825.377298239385709 ], [ 2610069.666734569240361, 1256830.998678277712315 ], [ 2610063.861511677037925, 1256835.058244748972356 ], [ 2610059.761752462014556, 1256829.369750199373811 ], [ 2610057.52074304735288, 1256839.23921618051827 ], [ 2610054.386614480987191, 1256837.721803782042116 ], [ 2610054.793899790383875, 1256833.186132678063586 ] ] } },
{ "type": "Feature", "properties": { "element": "way", "id": 1073340027, "natural": "cliff" }, "geometry": { "type": "LineString", "coordinates": [ [ 2609811.21879362873733, 1257088.750655233860016 ], [ 2609823.457687717396766, 1257073.94982486194931 ], [ 2609830.411684860475361, 1257063.432048273738474 ], [ 2609837.863078201655298, 1257053.070761253824458 ], [ 2609844.479399151168764, 1257046.165967128705233 ], [ 2609847.784568572416902, 1257044.525888775708154 ], [ 2609850.423236200585961, 1257044.697030658135191 ], [ 2609856.345114310737699, 1257047.386395094450563 ], [ 2609859.328433599788696, 1257053.42869680467993 ], [ 2609856.837193740066141, 1257059.851085136178881 ], [ 2609849.894215942826122, 1257068.234090389916673 ], [ 2609845.098622156772763, 1257068.3929386024829 ], [ 2609841.890234814956784, 1257070.789238776313141 ], [ 2609839.811791614163667, 1257073.810045445337892 ], [ 2609841.286512597929686, 1257080.238994804676622 ], [ 2609839.952987347729504, 1257084.183870856417343 ], [ 2609830.368757348973304, 1257089.438227913808078 ], [ 2609818.80402174172923, 1257093.210569893009961 ], [ 2609811.21879362873733, 1257088.750655233860016 ] ] } },
{ "type": "Feature", "properties": { "element": "way", "id": 1073340028, "natural": "cliff" }, "geometry": { "type": "LineString", "coordinates": [ [ 2609805.492188352625817, 1257040.742515539051965 ], [ 2609794.663931149523705, 1257055.11207868764177 ], [ 2609787.171774403192103, 1257067.385740837082267 ], [ 2609789.106583871878684, 1257078.340676257153973 ], [ 2609784.474149461835623, 1257084.748457827605307 ], [ 2609782.824287557043135, 1257083.922975988127291 ], [ 2609780.683828982524574, 1257078.81605340866372 ], [ 2609778.878623111639172, 1257071.574923712294549 ], [ 2609772.527580416295677, 1257063.914948111632839 ] ] } },
{ "type": "Feature", "properties": { "element": "way", "id": 1073340029, "natural": "cliff" }, "geometry": { "type": "LineString", "coordinates": [ [ 2609741.933038572315127, 1257104.113917715149 ], [ 2609749.386286981869489, 1257097.099200061056763 ], [ 2609758.234009496401995, 1257094.934457416413352 ], [ 2609767.386529558803886, 1257095.416439012624323 ], [ 2609771.727237348910421, 1257101.360856749350205 ], [ 2609775.01777484966442, 1257108.604422602104023 ], [ 2609775.168776404112577, 1257117.666276322677732 ], [ 2609768.559382136445493, 1257120.446184071479365 ], [ 2609764.752862573601305, 1257124.398140272358432 ], [ 2609764.411391018424183, 1257134.926833378151059 ], [ 2609759.61018732516095, 1257138.54360624612309 ], [ 2609749.204015328548849, 1257143.963526665233076 ], [ 2609742.916178215295076, 1257148.389532924396917 ], [ 2609738.617467883974314, 1257153.652688328642398 ], [ 2609736.985554399434477, 1257169.527289962861687 ], [ 2609738.238071501720697, 1257182.793752218829468 ], [ 2609737.576739997137338, 1257186.083757884567603 ], [ 2609738.386727374047041, 1257193.323250008746982 ], [ 2609733.094964974094182, 1257197.27279895846732 ], [ 2609727.31422269763425, 1257200.554441774729639 ], [ 2609720.410027160774916, 1257194.62810751888901 ], [ 2609728.731333615723997, 1257173.07173269521445 ], [ 2609726.627397166099399, 1257168.676474349340424 ], [ 2609723.56853789743036, 1257167.292781081516296 ], [ 2609719.276299706660211, 1257168.608880886109546 ], [ 2609715.468247989658266, 1257173.539298009360209 ], [ 2609712.812701976858079, 1257179.127590717980638 ], [ 2609709.179143988993019, 1257183.40230291034095 ], [ 2609705.373248133342713, 1257187.020742864347994 ], [ 2609698.924730729311705, 1257192.936418514000252 ], [ 2609692.80417638272047, 1257196.551097772317007 ], [ 2609687.507418235298246, 1257208.228063002927229 ], [ 2609688.153454987797886, 1257214.322072554379702 ], [ 2609685.84045418491587, 1257217.931835422525182 ], [ 2609680.723999713081867, 1257216.11119530769065 ], [ 2609670.417965122032911, 1257220.352853067684919 ], [ 2609680.260412361472845, 1257195.174235519487411 ], [ 2609695.032698346301913, 1257170.737482228549197 ], [ 2609701.246787135023624, 1257169.891473433701321 ] ] } },
{ "type": "Feature", "properties": { "element": "way", "id": 1073348763, "natural": "cliff" }, "geometry": { "type": "LineString", "coordinates": [ [ 2610049.42239067517221, 1256843.861969063989818 ], [ 2610044.553291263524443, 1256851.725670751882717 ], [ 2610034.730731873307377, 1256859.369775088503957 ], [ 2610020.456771823577583, 1256873.14383076550439 ], [ 2610013.993586774449795, 1256864.971959125716239 ], [ 2610019.963879279792309, 1256861.35736227221787 ], [ 2610029.890778828877956, 1256854.424994865199551 ], [ 2610032.73123482381925, 1256846.757996291620657 ], [ 2610040.986671500373632, 1256838.399660462047905 ] ] } },
{ "type": "Feature", "properties": { "element": "way", "id": 1073348962, "natural": "cliff" }, "geometry": { "type": "LineString", "coordinates": [ [ 2610047.028660233132541, 1256823.599974618759006 ], [ 2610046.573590162675828, 1256820.708390052895993 ], [ 2610049.773326926399022, 1256814.631955731194466 ], [ 2610058.477484779432416, 1256808.498107453808188 ], [ 2610065.160224616527557, 1256802.761121833929792 ], [ 2610071.236342562362552, 1256799.046689419541508 ], [ 2610078.319461796432734, 1256797.33530213101767 ] ] } },
{ "type": "Feature", "properties": { "element": "way", "id": 1073349204, "natural": "cliff" }, "geometry": { "type": "LineString", "coordinates": [ [ 2609665.999512651469558, 1257197.263596549862996 ], [ 2609664.675183957442641, 1257204.922119733178988 ], [ 2609662.033047733828425, 1257211.577837050426751 ], [ 2609662.836865115445107, 1257218.027893026825041 ], [ 2609665.046816740650684, 1257226.80400534439832 ], [ 2609659.58619449660182, 1257227.995948851574212 ], [ 2609636.331245441455394, 1257225.034103899495676 ] ] } },
{ "type": "Feature", "properties": { "element": "way", "id": 1073488061, "natural": "cliff" }, "geometry": { "type": "LineString", "coordinates": [ [ 2610129.275489164050668, 1256030.711356676416472 ], [ 2610110.235538499895483, 1256043.176196225918829 ], [ 2610089.992501815315336, 1256053.626610249746591 ], [ 2610075.425177929922938, 1256056.826312204124406 ], [ 2610051.957333074882627, 1256061.222937151091173 ], [ 2610031.316738025285304, 1256066.035801238380373 ], [ 2610013.504773546010256, 1256070.442108119372278 ], [ 2609992.472698607482016, 1256070.406783112091944 ], [ 2609975.882320296019316, 1256070.378971070051193 ], [ 2609947.966725046280771, 1256073.956909891450778 ], [ 2609926.93466261215508, 1256073.921818031230941 ], [ 2609905.080120527651161, 1256078.721981092123315 ], [ 2609887.676170931197703, 1256082.729079515207559 ], [ 2609873.515564400702715, 1256086.341338676633313 ], [ 2609848.015455208718777, 1256093.148119389079511 ], [ 2609826.367316571995616, 1256096.336732008494437 ], [ 2609822.933586038649082, 1256093.306835959199816 ], [ 2609815.251910818275064, 1256091.681990185752511 ], [ 2609811.606578207109123, 1256093.499418635154143 ], [ 2609810.381188577506691, 1256100.346397173823789 ], [ 2609796.620346767362207, 1256103.95949897961691 ], [ 2609771.129256774205714, 1256109.966094103176147 ], [ 2609751.703185162506998, 1256114.770808310247958 ], [ 2609733.888288713991642, 1256121.190401712199673 ], [ 2609719.318023719359189, 1256126.414543717633933 ], [ 2609705.557642719708383, 1256129.816606779349968 ], [ 2609685.939869981259108, 1256127.371961403405294 ], [ 2609665.105074641294777, 1256131.363019168376923 ] ] } },
{ "type": "Feature", "properties": { "element": "way", "id": 1073488062, "natural": "cliff" }, "geometry": { "type": "LineString", "coordinates": [ [ 2609654.367713185027242, 1256140.018039896851406 ], [ 2609500.85396996838972, 1256136.146612284239382 ], [ 2609487.898533364292234, 1256145.598930550273508 ], [ 2609474.331028695218265, 1256155.861954739782959 ], [ 2609460.76595222344622, 1256159.876415722537786 ], [ 2609438.72435757284984, 1256159.430072608171031 ], [ 2609417.684408007189631, 1256159.808163961162791 ], [ 2609401.304480323102325, 1256160.382695623207837 ], [ 2609398.075456060469151, 1256156.541718379128724 ], [ 2609369.960244874935597, 1256153.273073947057128 ], [ 2609362.876030510291457, 1256160.122053837869316 ], [ 2609346.28464830480516, 1256160.896538701606914 ], [ 2609337.16879964619875, 1256169.754812103696167 ], [ 2609321.388705413788557, 1256172.554205587133765 ], [ 2609313.914373384322971, 1256168.517620217287913 ], [ 2609311.900677082128823, 1256159.030390712898225 ], [ 2609302.193871805910021, 1256160.027013443643227 ], [ 2609290.447230607271194, 1256168.280853376490995 ], [ 2609281.963353126775473, 1256163.620098498649895 ], [ 2609265.781070724129677, 1256163.194648289354518 ], [ 2609239.881067714653909, 1256170.815080764237791 ], [ 2609216.015825742855668, 1256169.566208406817168 ], [ 2609198.614793334156275, 1256172.163289916003123 ], [ 2609162.003782568965107, 1256171.906759263249114 ], [ 2609130.251918432768434, 1256169.845581684960052 ] ] } },
{ "type": "Feature", "properties": { "element": "way", "id": 1073488064, "natural": "cliff" }, "geometry": { "type": "LineString", "coordinates": [ [ 2608672.111997836269438, 1256312.10094133997336 ], [ 2608675.07379435794428, 1256323.657377261435613 ], [ 2608668.229752169921994, 1256326.79396000620909 ], [ 2608660.143188048619777, 1256333.953644910128787 ], [ 2608658.745938041713089, 1256330.282508619129658 ], [ 2608639.251958661712706, 1256341.450565625680611 ], [ 2608618.035422261338681, 1256349.714266994735226 ], [ 2608613.969815077260137, 1256350.50892444816418 ], [ 2608604.772152361925691, 1256359.546107955276966 ], [ 2608598.110400631092489, 1256361.826910157455131 ], [ 2608593.478072333149612, 1256358.206717386608943 ], [ 2608582.715008885599673, 1256359.903465026756749 ], [ 2608574.638388820458204, 1256365.495572239160538 ], [ 2608553.406778872478753, 1256363.36368035688065 ], [ 2608551.643766557332128, 1256367.563947166781873 ], [ 2608547.767000987194479, 1256368.147669363766909 ], [ 2608551.192905440926552, 1256355.944461226928979 ], [ 2608542.95874532032758, 1256355.721406830940396 ], [ 2608540.294610916636884, 1256357.29641843540594 ], [ 2608536.412248837761581, 1256367.052907947218046 ], [ 2608534.018584007397294, 1256369.328775563277304 ], [ 2608530.60269473772496, 1256369.290532254846767 ] ] } },
{ "type": "Feature", "properties": { "element": "way", "id": 1073488065, "natural": "cliff" }, "geometry": { "type": "LineString", "coordinates": [ [ 2608355.460878774058074, 1256343.214278109138831 ], [ 2608353.354475885163993, 1256345.02364385034889 ], [ 2608348.663207517005503, 1256345.684185351477936 ], [ 2608343.78886280534789, 1256347.845472694374621 ], [ 2608340.136943073011935, 1256344.026717393659055 ], [ 2608336.300653059501201, 1256342.631540855625644 ], [ 2608331.528424717020243, 1256341.868814100744203 ], [ 2608328.577870330773294, 1256343.387928358279169 ], [ 2608324.260677156038582, 1256340.769052528776228 ], [ 2608321.051689649932086, 1256338.351858984678984 ], [ 2608320.897382684051991, 1256335.449713865760714 ], [ 2608322.821994341909885, 1256334.218245196621865 ], [ 2608323.978428301401436, 1256332.28523918427527 ] ] } },
{ "type": "Feature", "properties": { "element": "way", "id": 1073488066, "natural": "cliff" }, "geometry": { "type": "LineString", "coordinates": [ [ 2608264.343243102077395, 1256323.452046975493431 ], [ 2608254.91597192408517, 1256324.395183835877106 ], [ 2608249.131257894914597, 1256325.076528100529686 ], [ 2608234.128145998343825, 1256322.887689649127424 ], [ 2608226.147802941501141, 1256319.018557571573183 ], [ 2608223.534453500527889, 1256316.62447566841729 ], [ 2608217.738437458872795, 1256314.559564525261521 ], [ 2608207.959451496601105, 1256313.534316477598622 ], [ 2608200.41312686027959, 1256312.078531876672059 ], [ 2608197.228819323237985, 1256308.115967729827389 ], [ 2608182.331148485653102, 1256300.479339021723717 ], [ 2608171.83258881047368, 1256296.26215333933942 ], [ 2608165.247695951256901, 1256297.554001224925742 ], [ 2608119.725453766994178, 1256279.757853667717427 ] ] } },
{ "type": "Feature", "properties": { "element": "way", "id": 1073488094, "natural": "cliff" }, "geometry": { "type": "LineString", "coordinates": [ [ 2610180.585096839815378, 1255951.546191460220143 ], [ 2610181.787163807079196, 1255958.608492808649316 ], [ 2610166.799934772308916, 1255969.067630611127242 ], [ 2610166.170514418743551, 1255979.951566123170778 ], [ 2610163.932084366679192, 1255988.019775362685323 ], [ 2610159.467647794634104, 1255996.884719531983137 ], [ 2610151.363590803463012, 1256004.131279438966885 ], [ 2610143.666776107624173, 1256011.378544241189957 ], [ 2610130.309680636506528, 1256016.792753812624142 ], [ 2610126.460953006986529, 1256018.398390481015667 ] ] } },
{ "type": "Feature", "properties": { "element": "way", "id": 1073543534, "natural": "cliff" }, "geometry": { "type": "LineString", "coordinates": [ [ 2610022.843055650126189, 1256835.155839955201373 ], [ 2610025.3574601826258, 1256842.009084954392165 ], [ 2610032.73123482381925, 1256846.757996291620657 ] ] } },
{ "type": "Feature", "properties": { "element": "way", "id": 1073543535, "natural": "cliff" }, "geometry": { "type": "LineString", "coordinates": [ [ 2610005.09765206836164, 1256864.156471863854676 ], [ 2610009.748005428351462, 1256865.276139771565795 ], [ 2610015.009210384916514, 1256861.849360979162157 ], [ 2610016.636759440880269, 1256858.027325119124725 ], [ 2610018.762479741126299, 1256853.894809126621112 ] ] } },
{ "type": "Feature", "properties": { "element": "way", "id": 1073543538, "natural": "cliff" }, "geometry": { "type": "LineString", "coordinates": [ [ 2609646.321462266147137, 1257238.8706184765324 ], [ 2609654.412434251978993, 1257238.272208295529708 ], [ 2609663.608444709330797, 1257239.69917603675276 ], [ 2609670.481607820373029, 1257241.522653525928035 ], [ 2609674.011768844909966, 1257245.164148554205894 ], [ 2609676.634574904106557, 1257250.405241108033806 ], [ 2609678.044643867295235, 1257254.943896192591637 ], [ 2609678.546018877997994, 1257257.268485624343157 ] ] } },
{ "type": "Feature", "properties": { "element": "way", "id": 1073933985, "natural": "cliff" }, "geometry": { "type": "LineString", "coordinates": [ [ 2609706.029043167829514, 1257163.984203557716683 ], [ 2609708.909565962385386, 1257159.141216710675508 ], [ 2609704.60900005325675, 1257151.684788640355691 ], [ 2609707.762261952273548, 1257146.041711244499311 ], [ 2609712.456134091131389, 1257138.866789838764817 ], [ 2609717.323703437112272, 1257131.525377654936165 ], [ 2609719.224666445981711, 1257126.325005022808909 ], [ 2609723.102079504169524, 1257120.494102866388857 ], [ 2609727.434500094503164, 1257113.062877468764782 ], [ 2609731.57998212845996, 1257109.300466328626499 ], [ 2609742.396427755709738, 1257097.387962440494448 ] ] } },
{ "type": "Feature", "properties": { "element": "way", "id": 1074742206, "natural": "cliff" }, "geometry": { "type": "LineString", "coordinates": [ [ 2608693.355858037248254, 1256300.757648623548448 ], [ 2608690.350457748398185, 1256319.132156279869378 ], [ 2608679.992667132522911, 1256322.08570863911882 ], [ 2608675.44883750192821, 1256309.481828590389341 ] ] } },
{ "type": "Feature", "properties": { "element": "way", "id": 1074742207, "natural": "cliff" }, "geometry": { "type": "LineString", "coordinates": [ [ 2608786.097032098099589, 1256246.624184479936957 ], [ 2608766.589096670504659, 1256266.931209202622995 ], [ 2608759.9149553431198, 1256267.266072267433628 ], [ 2608759.431329378392547, 1256267.954708909848705 ], [ 2608752.176953408401459, 1256278.284263466484845 ], [ 2608746.914491624571383, 1256277.576074398355559 ], [ 2608741.112890456803143, 1256284.561104556312785 ], [ 2608721.44593077711761, 1256295.206066122744232 ], [ 2608712.313640766777098, 1256300.618544193683192 ], [ 2608699.945687601808459, 1256311.663396090501919 ], [ 2608698.801328409463167, 1256300.065125479595736 ] ] } },
{ "type": "Feature", "properties": { "element": "way", "id": 1074742302, "natural": "cliff" }, "geometry": { "type": "LineString", "coordinates": [ [ 2608416.28861845145002, 1256367.048938077641651 ], [ 2608410.066034654621035, 1256362.759534674463794 ], [ 2608406.351600044872612, 1256360.530596447875723 ], [ 2608403.379426970146596, 1256355.978938681073487 ], [ 2608399.346380576957017, 1256355.094895173562691 ], [ 2608393.917001083958894, 1256355.131724938284606 ], [ 2608388.111930659040809, 1256354.211839758325368 ] ] } },
{ "type": "Feature", "properties": { "element": "way", "id": 1074742303, "natural": "cliff" }, "geometry": { "type": "LineString", "coordinates": [ [ 2608378.291044037789106, 1256350.873601580504328 ], [ 2608375.805711404886097, 1256354.027766247745603 ], [ 2608372.804442697670311, 1256354.068025992251933 ], [ 2608365.780282252002507, 1256351.356371947564185 ], [ 2608360.136489063501358, 1256348.346461426001042 ] ] } },
{ "type": "Feature", "properties": { "element": "way", "id": 1126105776, "natural": "cliff" }, "geometry": { "type": "LineString", "coordinates": [ [ 2619619.086429422255605, 1247044.372564816381782 ], [ 2619632.528346261475235, 1247040.35878670332022 ], [ 2619643.404417078476399, 1247035.725053845904768 ], [ 2619684.796013030223548, 1247016.616293173283339 ], [ 2619716.513704846147448, 1247006.348092927364632 ], [ 2619726.46310561010614, 1247007.882072808453813 ] ] } },
{ "type": "Feature", "properties": { "element": "way", "id": 1126105777, "natural": "cliff" }, "geometry": { "type": "LineString", "coordinates": [ [ 2619514.620802180841565, 1247305.68586594494991 ], [ 2619513.06760836020112, 1247316.398776522837579 ], [ 2619505.563005931675434, 1247324.868498734431341 ], [ 2619498.989467170555145, 1247337.2993888289202 ], [ 2619497.188075720332563, 1247352.314260189887136 ], [ 2619501.931844361592084, 1247365.838521638186648 ], [ 2619498.714698474854231, 1247384.217584037687629 ], [ 2619490.048301201779395, 1247392.338849188992754 ], [ 2619486.639383402187377, 1247400.121578498976305 ] ] } },
{ "type": "Feature", "properties": { "element": "way", "id": 1126105778, "natural": "cliff" }, "geometry": { "type": "LineString", "coordinates": [ [ 2619534.262937492225319, 1247370.480954897589982 ], [ 2619533.879664263222367, 1247379.096354393986985 ], [ 2619534.907598080579191, 1247385.737340419786051 ], [ 2619528.212462869472802, 1247398.401284127961844 ], [ 2619518.834897243883461, 1247409.199674062663689 ], [ 2619514.958084838464856, 1247416.869668130064383 ] ] } },
{ "type": "Feature", "properties": { "element": "way", "id": 1126105780, "natural": "cliff" }, "geometry": { "type": "LineString", "coordinates": [ [ 2620461.170400713570416, 1246755.41338821942918 ], [ 2620470.655121478717774, 1246755.968610162381083 ], [ 2620483.532342807855457, 1246753.989458783296868 ], [ 2620491.559649678412825, 1246758.831338231218979 ], [ 2620512.090791098773479, 1246753.887834700290114 ], [ 2620532.396525038871914, 1246755.169847609940916 ] ] } },
{ "type": "Feature", "properties": { "element": "way", "id": 1126105781, "natural": "cliff" }, "geometry": { "type": "LineString", "coordinates": [ [ 2620431.449869632255286, 1246810.124143864726648 ], [ 2620428.534285678528249, 1246812.360008855583146 ], [ 2620425.754822236485779, 1246812.350454936502501 ], [ 2620424.177351076621562, 1246809.83230682881549 ], [ 2620422.477490211371332, 1246803.366756888339296 ], [ 2620424.213613361585885, 1246799.281204399187118 ], [ 2620428.192915436811745, 1246795.214481196599081 ] ] } },
{ "type": "Feature", "properties": { "element": "way", "id": 1126105782, "natural": "cliff" }, "geometry": { "type": "LineString", "coordinates": [ [ 2620432.141370631754398, 1246784.743538168258965 ], [ 2620432.602917776908726, 1246782.310226629953831 ], [ 2620432.831700602080673, 1246779.475857565179467 ], [ 2620435.911096412688494, 1246777.929890099680051 ], [ 2620442.19863623380661, 1246779.130050250329077 ] ] } },
{ "type": "Feature", "properties": { "element": "way", "id": 1134105577, "natural": "cliff" }, "geometry": { "type": "LineString", "coordinates": [ [ 2610011.90442847693339, 1254406.693201306974515 ], [ 2610026.7625752245076, 1254412.366361890453845 ], [ 2610028.714709414634854, 1254413.292479022871703 ], [ 2610035.422870829701424, 1254416.439177867257968 ], [ 2610042.152877581771463, 1254415.572161668678746 ], [ 2610049.57369323214516, 1254421.054951970931143 ], [ 2610052.557813463266939, 1254436.236668169731274 ], [ 2610056.786445990204811, 1254447.006463388679549 ], [ 2610062.619579737074673, 1254454.599095759913325 ], [ 2610078.535985421389341, 1254458.862132190726697 ], [ 2610083.676456204615533, 1254456.74720782530494 ], [ 2610091.81490071117878, 1254457.116780241951346 ], [ 2610105.425887144636363, 1254468.614094275049865 ], [ 2610116.211412012577057, 1254473.746887873392552 ], [ 2610126.978923129383475, 1254489.464434877503663 ], [ 2610129.093466091901064, 1254496.884036425501108 ], [ 2610131.55559048615396, 1254503.948439666768536 ], [ 2610138.092783437110484, 1254509.952407100005075 ], [ 2610149.058025682345033, 1254515.797148128971457 ], [ 2610154.709636389277875, 1254523.56745910202153 ], [ 2610160.702801564242691, 1254538.9322607468348 ], [ 2610167.057982603088021, 1254545.469636139227077 ], [ 2610166.518527702894062, 1254552.173141973791644 ], [ 2610163.13478320511058, 1254563.630491951014847 ], [ 2610163.474848253652453, 1254572.10333313094452 ], [ 2610170.716151660308242, 1254580.93262653844431 ] ] } },
{ "type": "Feature", "properties": { "element": "way", "id": 1134105578, "natural": "cliff" }, "geometry": { "type": "LineString", "coordinates": [ [ 2609978.997120120562613, 1254399.933565040118992 ], [ 2609984.834075212478638, 1254400.832820822251961 ], [ 2609991.020841823890805, 1254404.545636064605787 ], [ 2609994.030282523483038, 1254404.72857905109413 ], [ 2610002.517416873015463, 1254408.623161054681987 ] ] } },
{ "type": "Feature", "properties": { "element": "way", "id": 1134105579, "natural": "cliff" }, "geometry": { "type": "LineString", "coordinates": [ [ 2609957.273998386226594, 1254372.023273227736354 ], [ 2609961.328003684524447, 1254379.090263435151428 ], [ 2609976.018396555446088, 1254381.405244664056227 ], [ 2609984.865419002715498, 1254382.131646496243775 ], [ 2609999.726919349748641, 1254385.859016122762114 ], [ 2610014.759222369175404, 1254391.176648143911734 ], [ 2610029.609094181098044, 1254401.786392033565789 ], [ 2610040.566623654216528, 1254412.389611952938139 ] ] } },
{ "type": "Feature", "properties": { "element": "way", "id": 1134507482, "natural": "cliff" }, "geometry": { "type": "LineString", "coordinates": [ [ 2614165.804010462481529, 1264105.970137954223901 ], [ 2614163.40032705757767, 1264103.373723097611219 ], [ 2614159.878101468086243, 1264099.284722636220977 ], [ 2614156.360298773273826, 1264096.49663319112733 ], [ 2614158.59714759234339, 1264093.266401680652052 ], [ 2614155.080402146559209, 1264086.875828056363389 ], [ 2614161.039041366428137, 1264079.851849982514977 ], [ 2614159.760949407704175, 1264072.632706862408668 ], [ 2614153.45667921891436, 1264066.691354852169752 ], [ 2614155.329165221657604, 1264061.514465591637418 ], [ 2614154.231379462871701, 1264054.473654774716124 ], [ 2614154.436862114816904, 1264047.258051856188104 ], [ 2614148.89622452063486, 1264033.724395152647048 ], [ 2614151.329079591203481, 1264024.101326535921544 ] ] } },
{ "type": "Feature", "properties": { "element": "way", "id": 1134507483, "natural": "cliff" }, "geometry": { "type": "LineString", "coordinates": [ [ 2614285.147610793355852, 1264055.154256070498377 ], [ 2614276.054727951530367, 1264053.286656489595771 ], [ 2614250.615351748187095, 1264053.225514533696696 ], [ 2614237.978058382868767, 1264056.519699906464666 ], [ 2614225.148684350308031, 1264064.55005562142469 ], [ 2614211.10844535799697, 1264071.921531159197912 ], [ 2614200.40995042771101, 1264080.134944464080036 ], [ 2614202.623147545848042, 1264086.800395027035847 ], [ 2614198.896256658714265, 1264092.717791608534753 ], [ 2614194.429138685576618, 1264096.409662293503061 ], [ 2614186.887246723286808, 1264104.163662191946059 ] ] } },
{ "type": "Feature", "properties": { "element": "way", "id": 1135389505, "natural": "cliff" }, "geometry": { "type": "LineString", "coordinates": [ [ 2625989.811368890572339, 1243742.647364829666913 ], [ 2626040.042056071106344, 1243751.350501291686669 ], [ 2626076.490781786851585, 1243759.593302745837718 ], [ 2626113.716444225050509, 1243776.734311053762212 ], [ 2626129.070917269680649, 1243787.308527486398816 ], [ 2626156.613020029384643, 1243793.088889874052256 ], [ 2626166.326108028180897, 1243795.955686324508861 ], [ 2626179.272513074334711, 1243802.483518337598071 ] ] } },
{ "type": "Feature", "properties": { "element": "way", "id": 1147814447, "natural": "cliff" }, "geometry": { "type": "LineString", "coordinates": [ [ 2624229.533196518663317, 1256291.845906353322789 ], [ 2624214.961711963173002, 1256279.511467865202576 ], [ 2624215.040031367447227, 1256260.332230758387595 ], [ 2624208.601113982964307, 1256234.210626471089199 ], [ 2624188.317295559681952, 1256206.120145942317322 ], [ 2624166.895151555538177, 1256174.189188733696938 ], [ 2624146.537203269079328, 1256166.056406195508316 ], [ 2624130.050648507662117, 1256175.751410684082657 ], [ 2624120.602021140046418, 1256190.500682272715494 ], [ 2624116.156041993759573, 1256213.809382206527516 ], [ 2624116.54118461208418, 1256219.236816150136292 ] ] } },
{ "type": "Feature", "properties": { "element": "way", "id": 1147814448, "natural": "cliff" }, "geometry": { "type": "LineString", "coordinates": [ [ 2624499.812390759587288, 1256568.074872376164421 ], [ 2624510.845891166944057, 1256560.381929797586054 ], [ 2624513.800085661001503, 1256551.677163759246469 ], [ 2624507.693708713166416, 1256540.366547398502007 ], [ 2624487.055501419119537, 1256523.825760805280879 ], [ 2624455.704283097293228, 1256514.023194781271741 ] ] } },
{ "type": "Feature", "properties": { "element": "way", "id": 1156919664, "natural": "cliff" }, "geometry": { "type": "Polygon", "coordinates": [ [ [ 2628516.109954878687859, 1258873.811327891424298 ], [ 2628516.777240567840636, 1258868.288542933529243 ], [ 2628519.06477307388559, 1258862.840269515290856 ], [ 2628522.139725842047483, 1258859.797428172081709 ], [ 2628527.861049871426076, 1258856.622787415515631 ], [ 2628533.161818530410528, 1258854.691421762807295 ], [ 2628538.462176240514964, 1258851.281271070474759 ], [ 2628541.273491849191487, 1258848.203813674161211 ], [ 2628544.397331545129418, 1258844.405147515470162 ], [ 2628546.371466143522412, 1258839.8671087725088 ], [ 2628548.101063787005842, 1258837.584989506751299 ], [ 2628552.059957162477076, 1258835.691649839514866 ], [ 2628556.365920960903168, 1258832.165536071406677 ], [ 2628559.10445190127939, 1258828.554038600530475 ], [ 2628563.977062073070556, 1258826.320431660860777 ], [ 2628567.192654245067388, 1258826.947464504279196 ], [ 2628570.248862151987851, 1258829.363841977668926 ], [ 2628571.215961363632232, 1258833.582494894741103 ], [ 2628565.695134734269232, 1258831.120876957196742 ], [ 2628543.982735719997436, 1258847.538624882698059 ], [ 2628538.446095061954111, 1258856.184542684815824 ], [ 2628528.156585651449859, 1258860.993861730210483 ], [ 2628522.099430092144758, 1258866.601881984854117 ], [ 2628516.109954878687859, 1258873.811327891424298 ] ] ] } },
{ "type": "Feature", "properties": { "element": "way", "id": 1158713185, "natural": "cliff" }, "geometry": { "type": "LineString", "coordinates": [ [ 2598747.645676180720329, 1248210.136816679267213 ], [ 2598746.025990877766162, 1248227.103609096957371 ] ] } },
{ "type": "Feature", "properties": { "element": "way", "id": 1167376402, "natural": "cliff" }, "geometry": { "type": "LineString", "coordinates": [ [ 2632937.192151968367398, 1253007.784121901262552 ], [ 2632935.774676603265107, 1253015.74825158668682 ], [ 2632936.866069394629449, 1253020.301804505754262 ], [ 2632937.268521258141845, 1253025.27403516927734 ], [ 2632936.463232090231031, 1253031.696086912183091 ] ] } },
{ "type": "Feature", "properties": { "element": "way", "id": 1167376404, "natural": "cliff" }, "geometry": { "type": "LineString", "coordinates": [ [ 2633163.215129382442683, 1252874.55412041512318 ], [ 2633166.369039950426668, 1252863.775647985050455 ], [ 2633164.872659117449075, 1252854.761248440016061 ], [ 2633167.136698371265084, 1252849.292467402294278 ], [ 2633170.276259287726134, 1252841.082303188741207 ], [ 2633170.460374101065099, 1252839.19317930820398 ] ] } },
{ "type": "Feature", "properties": { "element": "way", "id": 1167376405, "natural": "cliff" }, "geometry": { "type": "LineString", "coordinates": [ [ 2633141.914327445905656, 1252921.822284410940483 ], [ 2633145.936578470747918, 1252916.318849453469738 ], [ 2633148.013837512116879, 1252911.860804582946002 ], [ 2633148.037771288771182, 1252907.580294723855332 ], [ 2633146.989116745069623, 1252903.505040359217674 ], [ 2633147.798341392539442, 1252897.772390681086108 ] ] } },
{ "type": "Feature", "properties": { "element": "way", "id": 1167376406, "natural": "cliff" }, "geometry": { "type": "LineString", "coordinates": [ [ 2633107.399807747453451, 1252874.920391749124974 ], [ 2633113.456457765307277, 1252872.630440143868327 ], [ 2633119.218945630360395, 1252868.971269337227568 ], [ 2633122.044593396130949, 1252869.66528705181554 ], [ 2633124.640492262784392, 1252875.016696384642273 ], [ 2633124.904375795274973, 1252880.455143581144512 ], [ 2633126.982587540056556, 1252892.030051949666813 ], [ 2633127.58952007163316, 1252904.942085081478581 ], [ 2633125.10464045451954, 1252914.834832704858854 ], [ 2633126.412810974288732, 1252923.781460500322282 ], [ 2633123.856442359276116, 1252928.915067937225103 ] ] } },
{ "type": "Feature", "properties": { "element": "way", "id": 1167376410, "natural": "cliff" }, "geometry": { "type": "LineString", "coordinates": [ [ 2633238.530104039702564, 1252705.540286273695529 ], [ 2633239.006394675932825, 1252704.030833869008347 ], [ 2633239.021666611544788, 1252701.306874906178564 ], [ 2633239.906280968338251, 1252699.644052187912166 ], [ 2633240.018336938228458, 1252698.499469881178811 ], [ 2633238.784132607746869, 1252696.569041203241795 ], [ 2633237.837652697227895, 1252695.807673522271216 ], [ 2633236.533173558302224, 1252695.644700655946508 ], [ 2633235.627481615170836, 1252697.029441964812577 ], [ 2633233.540651013609022, 1252696.439579125028104 ], [ 2633230.93187490850687, 1252694.734936520224437 ], [ 2633228.030582759063691, 1252695.408025098731741 ], [ 2633225.013992020860314, 1252696.458499606698751 ], [ 2633222.841121244709939, 1252699.103656130842865 ] ] } },
{ "type": "Feature", "properties": { "element": "way", "id": 1167376411, "natural": "cliff" }, "geometry": { "type": "LineString", "coordinates": [ [ 2633302.048083938192576, 1252694.967202620813623 ], [ 2633306.215235753916204, 1252690.587665996747091 ], [ 2633309.155317794065922, 1252684.355558859650046 ], [ 2633311.29895258648321, 1252678.863921001786366 ], [ 2633309.965608330909163, 1252665.036072938237339 ], [ 2633307.780496381223202, 1252657.763384010642767 ], [ 2633304.169590617530048, 1252651.77243813732639 ], [ 2633303.359804171603173, 1252650.856168261729181 ], [ 2633301.132734021171927, 1252648.364222175907344 ], [ 2633290.698772509582341, 1252645.370327434036881 ], [ 2633286.121305970475078, 1252644.877646777546033 ], [ 2633275.883049215190113, 1252648.689428349724039 ], [ 2633265.032309196423739, 1252655.421969145769253 ], [ 2633258.306013406254351, 1252661.354892908595502 ], [ 2633252.786063847597688, 1252660.734646931057796 ], [ 2633247.514737206511199, 1252658.83716734405607 ], [ 2633239.98701873421669, 1252661.01866690767929 ], [ 2633230.81178529234603, 1252663.657920341473073 ], [ 2633225.137648914940655, 1252669.007496216567233 ], [ 2633214.991360457614064, 1252677.967786213615909 ], [ 2633203.789047449361533, 1252685.521242148708552 ] ] } },
{ "type": "Feature", "properties": { "element": "way", "id": 1167376420, "natural": "cliff" }, "geometry": { "type": "LineString", "coordinates": [ [ 2635027.475638156756759, 1254290.066564698005095 ], [ 2635032.913651262409985, 1254286.396207954501733 ], [ 2635033.251686307601631, 1254284.085533369565383 ], [ 2635034.941758237313479, 1254281.482648764969781 ], [ 2635035.040211903862655, 1254276.313072842778638 ], [ 2635034.11154788127169, 1254268.791396454209462 ], [ 2635039.100595828611404, 1254259.403421387309209 ], [ 2635041.389958969317377, 1254251.133586579235271 ], [ 2635054.722884487360716, 1254242.929065209114924 ], [ 2635060.193713359069079, 1254233.721855964744464 ], [ 2635066.912405015900731, 1254230.359309870982543 ], [ 2635068.838612658437341, 1254226.101158349541947 ], [ 2635071.485568464267999, 1254226.25024537788704 ], [ 2635072.544582685921341, 1254230.859620397677645 ], [ 2635072.927450761198997, 1254234.998012187890708 ], [ 2635076.985302964691073, 1254237.657140786526725 ], [ 2635076.492036907933652, 1254240.700722730951384 ], [ 2635074.436890337150544, 1254243.801772515289485 ], [ 2635076.840484954882413, 1254250.653948780847713 ] ] } },
{ "type": "Feature", "properties": { "element": "way", "id": 1174586265, "natural": "cliff" }, "geometry": { "type": "LineString", "coordinates": [ [ 2610497.737024237401783, 1254922.380918621784076 ], [ 2610504.983638897538185, 1254944.775169578380883 ], [ 2610517.700209610164165, 1254961.942292257212102 ], [ 2610541.726522016339004, 1254985.589284451678395 ], [ 2610546.528866933193058, 1255016.65166940796189 ], [ 2610550.141835785936564, 1255033.602616186253726 ], [ 2610557.776761054527014, 1255062.25732629164122 ], [ 2610557.348411336075515, 1255078.389467145316303 ], [ 2610569.446093691978604, 1255099.791748817078769 ], [ 2610571.830323201138526, 1255124.801424332894385 ], [ 2610575.837165378965437, 1255144.977448841324076 ], [ 2610577.809762565419078, 1255172.41022627404891 ], [ 2610572.115484001114964, 1255189.33354870066978 ], [ 2610569.662935862783343, 1255207.074279769323766 ], [ 2610568.806836850009859, 1255230.477150266757235 ] ] } },
{ "type": "Feature", "properties": { "element": "way", "id": 1174586266, "natural": "cliff" }, "geometry": { "type": "LineString", "coordinates": [ [ 2610353.757136306725442, 1254653.273355537559837 ], [ 2610381.218745573423803, 1254684.786393353482708 ], [ 2610421.229394158348441, 1254713.097155677620322 ], [ 2610434.129048027098179, 1254738.125156592112035 ], [ 2610439.759722216054797, 1254757.50338108302094 ], [ 2610448.608275566715747, 1254791.396848282776773 ], [ 2610463.140648561529815, 1254809.979075938696042 ], [ 2610473.63999568624422, 1254822.906067037023604 ], [ 2610476.432310750707984, 1254843.480134088313207 ], [ 2610476.824003702029586, 1254852.353356490610167 ], [ 2610485.702992103528231, 1254864.476990849012509 ], [ 2610497.417257436085492, 1254877.005901215597987 ], [ 2610500.636682643555105, 1254886.284376379335299 ], [ 2610502.238698299974203, 1254893.14729400142096 ], [ 2610511.330250554252416, 1254900.156849636696279 ] ] } },
{ "type": "Feature", "properties": { "element": "way", "id": 1192934385, "natural": "cliff" }, "geometry": { "type": "LineString", "coordinates": [ [ 2622851.023301275447011, 1252841.189980838214979 ], [ 2622843.526252585463226, 1252842.373029900249094 ], [ 2622842.130835154559463, 1252838.331656784983352 ], [ 2622843.568194608204067, 1252831.477098269155249 ], [ 2622841.195864569861442, 1252818.559432568727061 ] ] } },
{ "type": "Feature", "properties": { "element": "way", "id": 1192934386, "natural": "cliff" }, "geometry": { "type": "LineString", "coordinates": [ [ 2622871.303844383917749, 1252882.628791335271671 ], [ 2622886.888475410174578, 1252881.677095588063821 ], [ 2622902.691591497510672, 1252876.901532443473116 ], [ 2622910.597086730413139, 1252873.496442438336089 ], [ 2622924.582632353063673, 1252868.513788593467325 ], [ 2622939.579297604039311, 1252863.523957810131833 ], [ 2622943.820996148046106, 1252865.152533222455531 ], [ 2622948.266411886550486, 1252866.781899476191029 ], [ 2622960.00824101222679, 1252866.427052672253922 ], [ 2622969.734493904281408, 1252862.428689409513026 ], [ 2622980.485602076631039, 1252856.822133515030146 ], [ 2622996.085140903946012, 1252852.046031319070607 ], [ 2623004.181125727947801, 1252852.07740980759263 ], [ 2623013.285061022266746, 1252852.913237570552155 ], [ 2623034.146519543137401, 1252849.358437994960696 ], [ 2623055.432174984365702, 1252839.55678319837898 ], [ 2623059.929295507725328, 1252827.877632993739098 ], [ 2623063.036691505461931, 1252810.733919908059761 ], [ 2623100.148012599907815, 1252790.509242083644494 ] ] } },
{ "type": "Feature", "properties": { "element": "way", "id": 1192934387, "natural": "cliff" }, "geometry": { "type": "LineString", "coordinates": [ [ 2623037.673975070472807, 1252774.522638668771833 ], [ 2623029.95085430983454, 1252783.376312741544098 ], [ 2623017.36709816288203, 1252792.600288348970935 ], [ 2623009.036012911237776, 1252800.639984154142439 ], [ 2622992.188675811514258, 1252813.894604307366535 ], [ 2622983.627364851534367, 1252828.793535797623917 ], [ 2622971.850826294627041, 1252840.04429552773945 ], [ 2622950.769270101096481, 1252847.834597995271906 ], [ 2622916.348426318727434, 1252851.526328221196309 ] ] } },
{ "type": "Feature", "properties": { "element": "way", "id": 1192934388, "natural": "cliff" }, "geometry": { "type": "LineString", "coordinates": [ [ 2622939.896665787324309, 1252937.574161871336401 ], [ 2622931.800566459074616, 1252939.555312846554443 ], [ 2622924.917096038814634, 1252940.140232597244903 ], [ 2622922.304136109072715, 1252934.882222915301099 ], [ 2622922.933468327857554, 1252928.224692785879597 ], [ 2622926.604249408468604, 1252921.378780090948567 ], [ 2622934.730562051292509, 1252913.538307456066832 ] ] } },
{ "type": "Feature", "properties": { "element": "way", "id": 1195530170, "natural": "cliff" }, "geometry": { "type": "LineString", "coordinates": [ [ 2614319.717378886882216, 1260728.268786238040775 ], [ 2614319.679812619928271, 1260743.845957340672612 ], [ 2614316.677489774767309, 1260754.601594086736441 ], [ 2614313.687721431255341, 1260760.153723298339173 ], [ 2614314.788602358195931, 1260766.093749375548214 ], [ 2614313.652851125691086, 1260774.61903493036516 ], [ 2614308.42606294201687, 1260779.798858665628359 ], [ 2614301.35993080586195, 1260779.048002855386585 ], [ 2614300.60056927986443, 1260784.605511485598981 ], [ 2614293.912600004579872, 1260780.1419378798455 ], [ 2614291.697391872759908, 1260773.832317030057311 ], [ 2614284.263456745538861, 1260769.355840453878045 ], [ 2614282.414779512677342, 1260764.158972515491769 ] ] } },
{ "type": "Feature", "properties": { "element": "way", "id": 1204305193, "natural": "cliff" }, "geometry": { "type": "LineString", "coordinates": [ [ 2600275.059586943592876, 1256201.436792951077223 ], [ 2600279.938067861832678, 1256215.446259564021602 ], [ 2600279.010126154404134, 1256227.254064365522936 ], [ 2600270.760041899979115, 1256238.027600549627095 ] ] } },
{ "type": "Feature", "properties": { "element": "way", "id": 1204305194, "natural": "cliff" }, "geometry": { "type": "LineString", "coordinates": [ [ 2600297.251108637079597, 1256238.028546106535941 ], [ 2600294.5749775711447, 1256214.635140246711671 ], [ 2600289.81738512404263, 1256195.177605909761041 ], [ 2600290.044152850750834, 1256180.467852383619174 ] ] } },
{ "type": "Feature", "properties": { "element": "way", "id": 1211197660, "natural": "cliff" }, "geometry": { "type": "LineString", "coordinates": [ [ 2636155.758199242409319, 1250866.061269171303138 ], [ 2636162.546210944652557, 1250835.97146831988357 ], [ 2636159.130512413103133, 1250834.149437144398689 ], [ 2636157.358572685625404, 1250838.797292437404394 ], [ 2636149.601079986430705, 1250833.535406272858381 ], [ 2636147.71236720867455, 1250826.385800984222442 ], [ 2636143.991401773877442, 1250823.872569348430261 ], [ 2636142.589108576998115, 1250818.649435165105388 ], [ 2636137.648500574752688, 1250811.903735565487295 ], [ 2636134.090781879611313, 1250812.326794758206233 ], [ 2636128.114085115492344, 1250812.101361217908561 ], [ 2636125.026787786744535, 1250807.168165140552446 ], [ 2636118.933489371091127, 1250805.018526465399191 ], [ 2636109.347282974049449, 1250801.324384818086401 ] ] } },
{ "type": "Feature", "properties": { "element": "way", "id": 1222214115, "natural": "scree" }, "geometry": { "type": "Polygon", "coordinates": [ [ [ 2629862.572403950151056, 1258875.786776380846277 ], [ 2629882.88398040831089, 1258870.307606348069385 ], [ 2629892.993907666765153, 1258856.493572829058394 ], [ 2629897.314037007279694, 1258842.850470480974764 ], [ 2629907.996634200681001, 1258830.584855283610523 ], [ 2629908.039408020675182, 1258822.112608854426071 ], [ 2629906.782518322113901, 1258803.815974552417174 ], [ 2629902.006368447560817, 1258792.80657278560102 ], [ 2629884.42765445727855, 1258792.918004577513784 ], [ 2629876.654054248705506, 1258802.307465363526717 ], [ 2629876.181264719925821, 1258819.828177703078836 ], [ 2629867.237928749993443, 1258832.491773626534268 ], [ 2629857.520421213004738, 1258843.227943307254463 ], [ 2629850.159218065440655, 1258848.583424011943862 ], [ 2629851.069732946809381, 1258859.362049293937162 ], [ 2629853.933044314850122, 1258865.547366822836921 ], [ 2629859.125748091377318, 1258870.187806107103825 ], [ 2629862.572403950151056, 1258875.786776380846277 ] ] ] } },
{ "type": "Feature", "properties": { "element": "way", "id": 1222214116, "natural": "scree" }, "geometry": { "type": "Polygon", "coordinates": [ [ [ 2629913.832342046778649, 1258784.015780227491632 ], [ 2629925.425471370574087, 1258782.528831308707595 ], [ 2629938.774351265281439, 1258778.171030786354095 ], [ 2629944.257406256627291, 1258764.144687506137416 ], [ 2629945.094363708980381, 1258750.673035533167422 ], [ 2629936.632511673495173, 1258744.081344777485356 ], [ 2629921.548196343705058, 1258747.274037951603532 ], [ 2629911.089582637883723, 1258753.959162584040314 ], [ 2629907.770101441070437, 1258760.491325905080885 ], [ 2629907.696231049019843, 1258775.123181997099891 ], [ 2629913.832342046778649, 1258784.015780227491632 ] ] ] } },
{ "type": "Feature", "properties": { "element": "way", "id": 1222214117, "natural": "scree" }, "geometry": { "type": "Polygon", "coordinates": [ [ [ 2629945.4937978181988, 1258710.425309330224991 ], [ 2629959.265233200974762, 1258698.564559652237222 ], [ 2629971.739163168706, 1258676.479180480353534 ], [ 2629964.291725648101419, 1258660.0747615119908 ], [ 2629950.056533672381192, 1258648.839589440496638 ], [ 2629928.166815598960966, 1258660.659340428654104 ], [ 2629911.293139930348843, 1258674.828307746443897 ], [ 2629897.421641835942864, 1258706.524446417111903 ], [ 2629910.313326109200716, 1258716.607482858933508 ], [ 2629925.765893122646958, 1258715.140021783765405 ], [ 2629937.359843308106065, 1258715.009583090431988 ], [ 2629945.4937978181988, 1258710.425309330224991 ] ] ] } },
{ "type": "Feature", "properties": { "element": "way", "id": 1235420042, "natural": "cliff" }, "geometry": { "type": "LineString", "coordinates": [ [ 2637363.58541940851137, 1251290.884003079263493 ], [ 2637373.319032811094075, 1251287.709856494097039 ], [ 2637380.614657902158797, 1251286.955316095380113 ], [ 2637391.548097698483616, 1251286.212608552072197 ] ] } },
{ "type": "Feature", "properties": { "element": "way", "id": 1235420043, "natural": "cliff" }, "geometry": { "type": "LineString", "coordinates": [ [ 2637325.716603215318173, 1251324.946193532785401 ], [ 2637346.413818604312837, 1251317.415855171624571 ], [ 2637354.962761332280934, 1251309.39764638687484 ], [ 2637363.873518548905849, 1251308.642143769655377 ], [ 2637375.604205586481839, 1251310.72854344570078 ], [ 2637382.110157775692642, 1251305.932992777554318 ], [ 2637389.410880205687135, 1251304.366841239854693 ] ] } },
{ "type": "Feature", "properties": { "element": "way", "id": 1235420044, "natural": "cliff" }, "geometry": { "type": "LineString", "coordinates": [ [ 2637167.944408182054758, 1251304.586471914080903 ], [ 2637190.352813354693353, 1251314.211118845501915 ], [ 2637207.883067089598626, 1251326.629345820983872 ], [ 2637217.583463197574019, 1251329.925730997230858 ], [ 2637239.01208408176899, 1251334.496591600822285 ], [ 2637254.398151341360062, 1251334.993522819597274 ], [ 2637275.044562072493136, 1251334.322761724004522 ], [ 2637304.971098893322051, 1251340.159218921558931 ], [ 2637319.519172921776772, 1251344.286812939913943 ], [ 2637331.690392549149692, 1251341.127942943945527 ], [ 2637339.006338417995721, 1251335.937177545391023 ], [ 2637353.633276719599962, 1251327.545863322913647 ], [ 2637369.060000480618328, 1251321.59458904247731 ], [ 2637390.957158364355564, 1251316.484695339342579 ] ] } },
{ "type": "Feature", "properties": { "element": "way", "id": 1320170853, "natural": "cliff" }, "geometry": { "type": "LineString", "coordinates": [ [ 2631722.721460468135774, 1248431.14734149351716 ], [ 2631723.274747765623033, 1248427.937081989832222 ], [ 2631722.349665442947298, 1248415.946501339087263 ], [ 2631720.867198877036572, 1248413.581475212937221 ] ] } },
{ "type": "Feature", "properties": { "element": "way", "id": 1379272191, "natural": "cliff" }, "geometry": { "type": "LineString", "coordinates": [ [ 2605343.23393928585574, 1253594.704223919892684 ], [ 2605345.060334009584039, 1253577.005343781318516 ], [ 2605347.760835383553058, 1253560.474677482387051 ], [ 2605354.181297738105059, 1253560.169091343181208 ], [ 2605355.102625627536327, 1253550.685911628650501 ], [ 2605351.749681239016354, 1253545.902002700138837 ], [ 2605353.998945506755263, 1253536.264350799610838 ], [ 2605362.391530569177121, 1253541.008291938342154 ] ] } },
{ "type": "Feature", "properties": { "element": "way", "id": 1382764313, "natural": "cliff" }, "geometry": { "type": "LineString", "coordinates": [ [ 2605326.875775678548962, 1256432.553171436768025 ], [ 2605321.549739396665245, 1256435.205762529978529 ], [ 2605312.141878878232092, 1256432.006407592212781 ], [ 2605309.216433522757143, 1256431.648023685673252 ], [ 2605303.09023337578401, 1256435.278350901557133 ], [ 2605297.058133863843977, 1256434.828277396038175 ], [ 2605294.923825203906745, 1256435.18218383518979 ], [ 2605292.080541911069304, 1256435.713361137080938 ], [ 2605291.461200582329184, 1256436.858020113781095 ], [ 2605289.771396716590971, 1256437.657060886733234 ], [ 2605287.110344971995801, 1256436.765233123674989 ], [ 2605284.095030535012484, 1256435.706316751195118 ], [ 2605280.543400826398283, 1256435.703187161823735 ], [ 2605278.061608477495611, 1256436.757259234087542 ], [ 2605274.155492297839373, 1256436.842769399052486 ], [ 2605270.958115698769689, 1256437.017853277968243 ] ] } },
{ "type": "Feature", "properties": { "element": "way", "id": 1415340820, "natural": "cliff" }, "geometry": { "type": "LineString", "coordinates": [ [ 2599997.520944878924638, 1248876.105356322601438 ], [ 2599994.183771301992238, 1248879.129565649433061 ], [ 2599989.215638888068497, 1248874.493320674868301 ], [ 2599988.513428772334009, 1248871.969486346235499 ], [ 2599982.737430026289076, 1248868.834223119542003 ], [ 2599976.968947863206267, 1248863.997872182400897 ], [ 2599974.130004809703678, 1248861.574138959869742 ], [ 2599971.804511070251465, 1248861.062738424632698 ], [ 2599967.74999454151839, 1248860.051047728862613 ] ] } },
{ "type": "Feature", "properties": { "element": "way", "id": 1415340821, "natural": "cliff" }, "geometry": { "type": "LineString", "coordinates": [ [ 2600032.773180218879133, 1248888.390686419792473 ], [ 2600027.495539804920554, 1248885.600041989935562 ], [ 2600020.10378207731992, 1248878.028570247115567 ], [ 2600015.649070114362985, 1248871.668968741083518 ], [ 2600016.253009868785739, 1248863.174614873016253 ], [ 2600000.050046308431774, 1248857.026396333239973 ], [ 2599990.634874432813376, 1248859.150106663117185 ], [ 2599977.980543580837548, 1248855.214433329645544 ], [ 2599970.482975077349693, 1248847.331714716041461 ], [ 2599961.981364693958312, 1248848.443693524459377 ], [ 2599962.58558185165748, 1248858.839251779252663 ], [ 2599955.69973907712847, 1248859.450888216262683 ], [ 2599941.323927624151111, 1248855.815520500065759 ], [ 2599931.908832621760666, 1248860.363104118499905 ], [ 2599925.324917433783412, 1248857.42804492241703 ] ] } },
{ "type": "Feature", "properties": { "element": "way", "id": 1415340822, "natural": "cliff" }, "geometry": { "type": "LineString", "coordinates": [ [ 2599943.852858779486269, 1248836.836601873859763 ], [ 2599940.409961593337357, 1248838.760136173805222 ], [ 2599936.159235374070704, 1248842.896224006311968 ], [ 2599933.931991681922227, 1248846.932202777592465 ], [ 2599930.587252310942858, 1248848.644493674160913 ], [ 2599926.034385945647955, 1248847.032457767287269 ], [ 2599922.28932952741161, 1248842.696432057069615 ], [ 2599917.222940166015178, 1248837.448746407870203 ], [ 2599908.215294902678579, 1248832.801559309475124 ], [ 2599901.12549256766215, 1248830.778238296043128 ], [ 2599897.478786174673587, 1248834.013757612090558 ], [ 2599893.431611415930092, 1248827.153915294446051 ], [ 2599888.161343088839203, 1248822.506646710447967 ] ] } },
{ "type": "Feature", "properties": { "element": "way", "id": 1415340823, "natural": "cliff" }, "geometry": { "type": "LineString", "coordinates": [ [ 2599968.051564119756222, 1248835.12391239986755 ], [ 2599955.193502951879054, 1248840.97235663421452 ], [ 2599947.605536957737058, 1248845.11962182726711 ], [ 2599932.414521516766399, 1248852.791559555567801 ], [ 2599925.120893849525601, 1248850.779332791920751 ], [ 2599909.627969142049551, 1248860.563805374782532 ], [ 2599907.400975870434195, 1248872.671648667193949 ], [ 2599887.551281111314893, 1248870.871079341974109 ] ] } },
{ "type": "Feature", "properties": { "element": "way", "id": 1415340825, "natural": "cliff" }, "geometry": { "type": "LineString", "coordinates": [ [ 2599994.07752882456407, 1248838.659113908885047 ], [ 2599991.246137835085392, 1248836.735694053117186 ], [ 2599979.39959990279749, 1248830.076034242520109 ], [ 2599963.302331606857479, 1248830.38762156618759 ], [ 2599948.511309515219182, 1248832.600446754600853 ], [ 2599945.173949080519378, 1248826.941325796302408 ], [ 2599938.9977210406214, 1248824.017361137084663 ], [ 2599933.832846562378109, 1248804.738426071591675 ], [ 2599932.111091031227261, 1248793.131009061355144 ], [ 2599924.719517774414271, 1248802.414931971812621 ], [ 2599917.629568323027343, 1248795.955407821107656 ], [ 2599912.971034547314048, 1248797.367550170514733 ], [ 2599906.688915756996721, 1248789.49599915696308 ] ] } },
{ "type": "Feature", "properties": { "element": "way", "id": 1416031812, "natural": "cliff" }, "geometry": { "type": "LineString", "coordinates": [ [ 2600059.275370265357196, 1249253.73668524576351 ], [ 2600056.051628386136144, 1249258.083936581388116 ], [ 2600051.378341638948768, 1249263.865451503777876 ], [ 2600045.648105319123715, 1249271.181296109920368 ], [ 2600042.341314535122365, 1249271.425914186285809 ] ] } },
{ "type": "Feature", "properties": { "element": "way", "id": 1416031813, "natural": "cliff" }, "geometry": { "type": "LineString", "coordinates": [ [ 2600072.094887655228376, 1249239.994489926146343 ], [ 2600067.821709408890456, 1249245.542507894802839 ], [ 2600061.698842816520482, 1249250.845930343493819 ] ] } },
{ "type": "Feature", "properties": { "element": "way", "id": 1491869496, "natural": "cliff" }, "geometry": { "type": "LineString", "coordinates": [ [ 2608315.284102012403309, 1256332.161926300264895 ], [ 2608309.340366800315678, 1256333.321085683302954 ], [ 2608306.154208220075816, 1256336.162984954426065 ], [ 2608302.959942224435508, 1256344.830971432616934 ], [ 2608270.603448150213808, 1256333.345074878307059 ], [ 2608256.381525414995849, 1256327.932896758662537 ] ] } },
{ "type": "Feature", "properties": { "element": "way", "id": 1503683170, "natural": "cliff" }, "geometry": { "type": "LineString", "coordinates": [ [ 2613644.717667928431183, 1255442.039940982591361 ], [ 2613642.044586163014174, 1255440.165899070911109 ], [ 2613638.553254623431712, 1255439.913281161803752 ], [ 2613633.866020911373198, 1255441.525829414604232 ], [ 2613630.321926208678633, 1255437.970902679953724 ], [ 2613626.59312832262367, 1255432.736662181094289 ], [ 2613627.59164046915248, 1255431.438087329501286 ], [ 2613627.478106680791825, 1255428.324648876674473 ], [ 2613624.485119055490941, 1255427.817456364398822 ], [ 2613623.808641663286835, 1255423.524167557246983 ], [ 2613606.318685387261212, 1255407.128807536326349 ], [ 2613603.711014263797551, 1255399.729042125400156 ] ] } },
{ "type": "Feature", "properties": { "element": "way", "id": 1503683172, "natural": "cliff" }, "geometry": { "type": "LineString", "coordinates": [ [ 2613674.415479172486812, 1255547.945143113844097 ], [ 2613679.850833781063557, 1255545.656119908438995 ], [ 2613680.420514546800405, 1255540.620751579524949 ], [ 2613671.598225741181523, 1255526.802399825770408 ], [ 2613668.287974105216563, 1255513.4192360911984 ] ] } },
{ "type": "Feature", "properties": { "element": "way", "id": 1503683173, "natural": "cliff" }, "geometry": { "type": "LineString", "coordinates": [ [ 2613692.137221875600517, 1255600.965581664582714 ], [ 2613674.415479172486812, 1255547.945143113844097 ] ] } },
{ "type": "Feature", "properties": { "element": "way", "id": 1503683174, "natural": "cliff" }, "geometry": { "type": "LineString", "coordinates": [ [ 2613567.44139295630157, 1255261.043059008661658 ], [ 2613566.938374001067132, 1255256.727937826188281 ], [ 2613567.906043183524162, 1255252.427291510393843 ], [ 2613563.671310184989125, 1255244.07876285421662 ] ] } },
{ "type": "Feature", "properties": { "element": "way", "id": 1503683175, "natural": "cliff" }, "geometry": { "type": "LineString", "coordinates": [ [ 2613580.676444248761982, 1255344.206222019391134 ], [ 2613576.98436331609264, 1255332.756862297421321 ], [ 2613576.868083214387298, 1255327.53090640460141 ], [ 2613575.630605279468, 1255324.481614164775237 ], [ 2613576.00669020973146, 1255321.625021106097847 ], [ 2613572.345772634260356, 1255313.03318804781884 ], [ 2613572.175982860382646, 1255308.118428098037839 ], [ 2613571.368395662866533, 1255305.070118387462571 ], [ 2613572.188471374101937, 1255302.648159905103967 ], [ 2613571.073232413735241, 1255298.90980160725303 ], [ 2613569.772257308010012, 1255293.936867338139564 ], [ 2613567.169646870344877, 1255287.582270203856751 ], [ 2613568.941599038429558, 1255284.473137475317344 ], [ 2613570.175907612778246, 1255282.307849559234455 ], [ 2613564.536722923628986, 1255264.761124219512567 ], [ 2613567.44139295630157, 1255261.043059008661658 ] ] } },
{ "type": "Feature", "properties": { "element": "way", "id": 1504318515, "natural": "cliff" }, "geometry": { "type": "LineString", "coordinates": [ [ 2616232.087664827238768, 1248388.965470305643976 ], [ 2616227.726378093007952, 1248390.576836530584842 ], [ 2616222.966292622499168, 1248391.675677002873272 ], [ 2616217.290642982814461, 1248393.472476184135303 ], [ 2616214.238546666223556, 1248396.799638351658359 ], [ 2616212.107416760642081, 1248400.218259090092033 ], [ 2616210.780226566828787, 1248402.338233016664162 ], [ 2616206.630955290049314, 1248403.738945386139676 ], [ 2616199.83943081414327, 1248404.932333022356033 ] ] } },
{ "type": "Feature", "properties": { "element": "way", "id": 1504318516, "natural": "cliff" }, "geometry": { "type": "LineString", "coordinates": [ [ 2616837.310251088347286, 1248546.326704460429028 ], [ 2616835.699569176416844, 1248544.498743700794876 ], [ 2616830.861512002069503, 1248535.801661217119545 ], [ 2616826.024573277216405, 1248526.704327669693157 ], [ 2616819.169752285815775, 1248515.577761018881574 ], [ 2616810.683048106729984, 1248510.105797708500177 ], [ 2616797.935454169753939, 1248505.422323870705441 ], [ 2616789.63420332968235, 1248503.786724627017975 ], [ 2616786.002015366684645, 1248498.528636612463742 ], [ 2616781.1628312994726, 1248492.866885764058679 ], [ 2616763.752381728030741, 1248489.582349886186421 ], [ 2616759.095260988920927, 1248488.968833512393758 ], [ 2616756.067284919787198, 1248486.325265035498887 ], [ 2616751.420967711601406, 1248481.875975738745183 ], [ 2616744.534674329683185, 1248481.856578390114009 ], [ 2616736.433271842077374, 1248481.633639388019219 ], [ 2616729.955282362177968, 1248481.415279142791405 ], [ 2616723.264745342545211, 1248481.596586539177224 ], [ 2616717.795149875804782, 1248482.592969321412966 ], [ 2616711.941096645779908, 1248475.305152085609734 ] ] } },
{ "type": "Feature", "properties": { "element": "way", "id": 1504318517, "natural": "cliff" }, "geometry": { "type": "LineString", "coordinates": [ [ 2616693.962768984027207, 1248459.099775873823091 ], [ 2616692.928301603533328, 1248467.168748063500971 ], [ 2616687.046993186231703, 1248469.576025865739211 ], [ 2616678.120642206631601, 1248475.410318222595379 ], [ 2616672.639170573558658, 1248480.6427769693546 ], [ 2616666.554574299138039, 1248482.849375951336697 ], [ 2616649.946501140482724, 1248484.214868495706469 ], [ 2616637.384520778432488, 1248485.991986062377691 ], [ 2616625.836587266996503, 1248486.971448933705688 ], [ 2616615.91095091868192, 1248488.355725961038843 ], [ 2616610.028545859735459, 1248491.174453855957836 ], [ 2616606.56963000819087, 1248496.812882535159588 ], [ 2616590.166367386467755, 1248495.154940456151962 ], [ 2616585.493478957563639, 1248500.189606862375513 ], [ 2616578.589430760592222, 1248509.253994211088866 ], [ 2616571.481296480633318, 1248515.693904954940081 ], [ 2616564.382748366799206, 1248518.698299910407513 ], [ 2616552.821953370701522, 1248524.325313780456781 ], [ 2616537.220777711365372, 1248527.506206495687366 ], [ 2616526.685848660767078, 1248528.088421717984602 ], [ 2616522.00741754565388, 1248535.146651590941474 ], [ 2616514.720443597994745, 1248535.326537256361917 ], [ 2616505.394494927488267, 1248538.324816931970417 ], [ 2616500.940144216641784, 1248538.112324787070975 ], [ 2616494.460271141026169, 1248535.870688331779093 ], [ 2616493.224995788186789, 1248542.938493325375021 ], [ 2616487.152027504052967, 1248543.722168022766709 ], [ 2616479.438840210437775, 1248550.571888547157869 ], [ 2616474.568382624536753, 1248553.382437565131113 ], [ 2616471.340325489174575, 1248549.33755578007549 ], [ 2616465.886222237255424, 1248542.051089083775878 ], [ 2616460.830619165673852, 1248540.825197920901701 ], [ 2616458.0105488197878, 1248533.957407819572836 ], [ 2616455.996470704674721, 1248530.516282464610413 ] ] } },
{ "type": "Feature", "properties": { "element": "way", "id": 1504318518, "natural": "cliff" }, "geometry": { "type": "LineString", "coordinates": [ [ 2615872.713876003865153, 1247772.954891135450453 ], [ 2615887.299911700189114, 1247771.581814598757774 ], [ 2615899.056783258914948, 1247769.189448887249455 ], [ 2615912.01434385124594, 1247772.459513932466507 ], [ 2615926.79565129103139, 1247774.311353123979643 ], [ 2615933.079184203408659, 1247771.304014972411096 ], [ 2615937.950054659042507, 1247768.481908347923309 ], [ 2615954.161873671691865, 1247766.312838362995535 ], [ 2615964.698635973501951, 1247765.529478270560503 ], [ 2615975.027746743522584, 1247763.333559889812022 ], [ 2615986.577517854049802, 1247762.152702216058969 ], [ 2615994.677209595683962, 1247763.386369173880666 ], [ 2616001.757914138492197, 1247767.241215550806373 ], [ 2616006.808239717967808, 1247773.514387030154467 ], [ 2616017.326545897405595, 1247776.778118554502726 ], [ 2616028.652269309852272, 1247783.06821226910688 ], [ 2616033.50899895420298, 1247785.505084378877655 ], [ 2616044.034820849075913, 1247788.768883816199377 ], [ 2616052.319914291612804, 1247794.03905960964039 ], [ 2616058.188003906980157, 1247796.678810559911653 ] ] } },
{ "type": "Feature", "properties": { "element": "way", "id": 1505241022, "natural": "cliff" }, "geometry": { "type": "LineString", "coordinates": [ [ 2613239.912569804117084, 1254131.057449947809801 ], [ 2613244.025473698042333, 1254137.092807947425172 ], [ 2613232.836778768338263, 1254147.963981941575184 ], [ 2613222.360899092163891, 1254157.180113050388172 ], [ 2613215.927189550362527, 1254156.754429267486557 ] ] } },
{ "type": "Feature", "properties": { "element": "way", "id": 1505241023, "natural": "cliff" }, "geometry": { "type": "LineString", "coordinates": [ [ 2613286.118993978947401, 1254123.444297623587772 ], [ 2613289.714829284697771, 1254127.921949181240052 ], [ 2613285.940235247835517, 1254132.549908680142835 ], [ 2613283.636471372563392, 1254133.878976231673732 ] ] } },
{ "type": "Feature", "properties": { "element": "way", "id": 1505241024, "natural": "cliff" }, "geometry": { "type": "LineString", "coordinates": [ [ 2613257.299876064993441, 1254124.591892526019365 ], [ 2613257.421994427219033, 1254127.338421830674633 ], [ 2613258.063180357217789, 1254130.730978446546942 ], [ 2613251.815691437572241, 1254134.741932367673144 ], [ 2613247.440432428847998, 1254134.732184342574328 ] ] } },
{ "type": "Feature", "properties": { "element": "way", "id": 1507409813, "natural": "cliff" }, "geometry": { "type": "LineString", "coordinates": [ [ 2625084.583312368951738, 1246545.545581018785015 ], [ 2625078.084853219799697, 1246547.941923120524734 ], [ 2625069.365751471370459, 1246550.328898397507146 ], [ 2625066.529913826379925, 1246551.117445161333308 ] ] } },
{ "type": "Feature", "properties": { "element": "way", "id": 1507409814, "natural": "cliff" }, "geometry": { "type": "LineString", "coordinates": [ [ 2625102.658126809168607, 1246534.915043432731181 ], [ 2625099.382780111860484, 1246543.18432156695053 ], [ 2625092.292032135184854, 1246542.742982728872448 ], [ 2625088.661714490037411, 1246538.491579942638054 ], [ 2625082.591492705978453, 1246537.854434790089726 ], [ 2625080.383012184407562, 1246531.385385592002422 ], [ 2625077.963536654599011, 1246530.163275952683762 ] ] } },
{ "type": "Feature", "properties": { "element": "way", "id": 1507409815, "natural": "cliff" }, "geometry": { "type": "LineString", "coordinates": [ [ 2625148.544237262103707, 1246511.88307423540391 ], [ 2625146.076165680307895, 1246520.355873862979934 ], [ 2625141.195627280976623, 1246524.171019274042919 ], [ 2625137.954432767815888, 1246524.357428630813956 ] ] } },
{ "type": "Feature", "properties": { "element": "way", "id": 1507409816, "natural": "cliff" }, "geometry": { "type": "LineString", "coordinates": [ [ 2625227.492375015746802, 1246479.897052119020373 ], [ 2625213.486316205468029, 1246485.696909491205588 ], [ 2625205.583858870901167, 1246486.063623995753005 ] ] } },
{ "type": "Feature", "properties": { "element": "way", "id": 1507409817, "natural": "cliff" }, "geometry": { "type": "LineString", "coordinates": [ [ 2625623.859462567139417, 1246506.232104663038626 ], [ 2625620.585961460601538, 1246513.900717498501763 ], [ 2625613.302282043732703, 1246512.657405867241323 ], [ 2625601.957267228979617, 1246512.608486641896889 ], [ 2625592.626084353774786, 1246514.992053735069931 ], [ 2625585.747944968286902, 1246512.53863044292666 ], [ 2625578.072038403712213, 1246507.657992755062878 ], [ 2625567.155194981954992, 1246501.140141890849918 ], [ 2625556.644435233902186, 1246495.035435433499515 ], [ 2625549.761044195853174, 1246493.793924763100222 ] ] } },
{ "type": "Feature", "properties": { "element": "way", "id": 1507757455, "natural": "cliff" }, "geometry": { "type": "LineString", "coordinates": [ [ 2625232.279749533627182, 1244732.071892780717462 ], [ 2625238.190826013218611, 1244735.032214609440416 ], [ 2625243.398428655229509, 1244738.178563085151836 ], [ 2625248.145941625814885, 1244741.133950871648267 ], [ 2625250.622260342817754, 1244743.368121829815209 ] ] } },
{ "type": "Feature", "properties": { "element": "way", "id": 1507757456, "natural": "cliff" }, "geometry": { "type": "LineString", "coordinates": [ [ 2625248.829558330588043, 1244747.396420184057206 ], [ 2625245.499891354702413, 1244745.058559478027746 ], [ 2625237.612680237740278, 1244741.2893222712446 ], [ 2625234.785118201747537, 1244738.141969894757494 ], [ 2625233.222539246547967, 1244736.022868924075738 ], [ 2625230.296750300563872, 1244732.87510154559277 ], [ 2625228.332496891263872, 1244731.043370013358071 ] ] } },
{ "type": "Feature", "properties": { "element": "way", "id": 1507757457, "natural": "cliff" }, "geometry": { "type": "LineString", "coordinates": [ [ 2625214.399279227945954, 1244718.709691429976374 ], [ 2625208.02959681302309, 1244715.202654371736571 ], [ 2625206.519938340876251, 1244713.072666962398216 ], [ 2625204.402334127575159, 1244709.983932940755039 ], [ 2625201.996899103745818, 1244705.281835441011935 ] ] } },
{ "type": "Feature", "properties": { "element": "way", "id": 1507757458, "natural": "cliff" }, "geometry": { "type": "LineString", "coordinates": [ [ 2625544.113153647631407, 1244979.150928061688319 ], [ 2625535.528729781508446, 1244974.233112942427397 ], [ 2625530.236470866482705, 1244971.530869890004396 ], [ 2625526.083042019512504, 1244969.300491180503741 ], [ 2625519.312573475763202, 1244965.980403013061732 ], [ 2625514.032487033866346, 1244962.199757634429261 ], [ 2625508.286832553334534, 1244957.750023484462872 ], [ 2625502.833438061177731, 1244953.857461645733565 ], [ 2625501.589001509360969, 1244951.583998507121578 ], [ 2625499.879078004509211, 1244952.143688386073336 ], [ 2625496.868950672913343, 1244949.340089841280133 ], [ 2625493.85877277282998, 1244946.547610882204026 ], [ 2625492.040624579880387, 1244945.917187015758827 ], [ 2625489.864008678589016, 1244947.831302199745551 ], [ 2625486.282792946789414, 1244946.059254819061607 ], [ 2625480.998736852779984, 1244941.433636090485379 ], [ 2625480.670194881036878, 1244938.763849621405825 ], [ 2625479.42918009031564, 1244935.689892794005573 ], [ 2625477.994937162380666, 1244937.151348725426942 ], [ 2625474.931618772447109, 1244934.414242813829333 ], [ 2625470.789345758967102, 1244929.571165191940963 ], [ 2625468.860315341036767, 1244926.605443104170263 ], [ 2625464.037578167859465, 1244921.870635365601629 ], [ 2625460.623556374572217, 1244919.865837415214628 ], [ 2625458.414256589487195, 1244917.065691188909113 ], [ 2625458.068407202139497, 1244918.431752245174721 ], [ 2625452.730226254090667, 1244914.083883258281276 ], [ 2625448.923290003091097, 1244910.320727147860453 ], [ 2625446.765391951892525, 1244907.865470929071307 ], [ 2625444.156077600549906, 1244904.963552519446239 ], [ 2625438.637055410072207, 1244902.260420979000628 ], [ 2625437.051641313824803, 1244900.207876451779157 ], [ 2625435.29169182991609, 1244898.332476858980954 ], [ 2625431.653176196850836, 1244895.815295729320496 ], [ 2625426.990546712186188, 1244894.261019871337339 ], [ 2625423.405388250481337, 1244891.632889884058386 ], [ 2625416.290454334579408, 1244889.323206102475524 ], [ 2625415.561684612184763, 1244886.596120223170146 ], [ 2625412.27193604176864, 1244883.791369158541784 ], [ 2625410.167090794071555, 1244881.291880559409037 ], [ 2625408.128339858725667, 1244879.237404857296497 ], [ 2625405.003327616956085, 1244876.77802782622166 ], [ 2625402.220728683751076, 1244873.753086622571573 ], [ 2625398.42376150470227, 1244869.411857991479337 ], [ 2625396.094192868098617, 1244866.455566086806357 ], [ 2625392.74250761885196, 1244863.995226624421775 ], [ 2625388.425204169470817, 1244861.186096910154447 ], [ 2625387.177805725950748, 1244859.590858331182972 ], [ 2625380.307673413772136, 1244853.023980320431292 ], [ 2625365.252674937713891, 1244839.895753151504323 ], [ 2625349.644391259644181, 1244825.386542990338057 ], [ 2625336.011684963479638, 1244813.565294337458909 ] ] } },
{ "type": "Feature", "properties": { "element": "way", "id": 1507758088, "natural": "cliff" }, "geometry": { "type": "LineString", "coordinates": [ [ 2627074.263171100988984, 1245084.135927576106042 ], [ 2627062.37545055244118, 1245069.939328158274293 ], [ 2627051.468553053680807, 1245061.006155148381367 ], [ 2627044.415917871985584, 1245053.491451617795974 ], [ 2627038.987353910692036, 1245044.383121503982693 ], [ 2627025.23985485220328, 1245037.049213372403756 ], [ 2626996.918006707914174, 1245026.413661255501211 ], [ 2626976.682385283056647, 1245018.639003617689013 ], [ 2626970.2091806656681, 1245016.597202122909948 ] ] } },
{ "type": "Feature", "properties": { "element": "way", "id": 1507810110, "natural": "cliff" }, "geometry": { "type": "LineString", "coordinates": [ [ 2629395.952381015289575, 1246052.781679149717093 ], [ 2629400.310880310833454, 1246049.767963586840779 ], [ 2629396.345928149763495, 1246049.581555810524151 ], [ 2629397.00574470218271, 1246047.527936369646341 ], [ 2629394.855717924889177, 1246042.369515738915652 ] ] } },
{ "type": "Feature", "properties": { "element": "way", "id": 1507810111, "natural": "cliff" }, "geometry": { "type": "LineString", "coordinates": [ [ 2629381.917876577470452, 1246043.439540507271886 ], [ 2629377.718563430942595, 1246046.342874168884009 ], [ 2629374.025767590850592, 1246046.113354824250564 ], [ 2629370.013526252936572, 1246043.269455868983641 ], [ 2629368.066148037090898, 1246041.425302419811487 ] ] } },
{ "type": "Feature", "properties": { "element": "way", "id": 1507810112, "natural": "cliff" }, "geometry": { "type": "LineString", "coordinates": [ [ 2629394.855717924889177, 1246042.369515738915652 ], [ 2629398.871471486985683, 1246044.501877430826426 ], [ 2629402.561569461598992, 1246045.276195855345577 ], [ 2629405.654360290151089, 1246046.158741201041266 ], [ 2629411.245607264805585, 1246047.431687026517466 ], [ 2629413.530132190790027, 1246048.310232513118535 ], [ 2629416.557978673372418, 1246051.627370708389208 ], [ 2629418.610486492048949, 1246053.594362531322986 ], [ 2629414.153710396960378, 1246053.572280374122784 ], [ 2629408.077912325505167, 1246050.996089856140316 ], [ 2629402.806693810038269, 1246050.692024465883151 ], [ 2629400.078714889939874, 1246052.412970564793795 ], [ 2629396.810395038221031, 1246054.942878725007176 ], [ 2629398.536771235056221, 1246057.175088104326278 ], [ 2629398.251950127072632, 1246059.775361244333908 ], [ 2629394.64697223296389, 1246063.170831447467208 ], [ 2629388.6675876500085, 1246064.00845791422762 ], [ 2629383.57559005683288, 1246059.547050495166332 ], [ 2629380.871020520105958, 1246058.066049338085577 ], [ 2629376.252904068678617, 1246057.064786390867084 ], [ 2629374.244624226354063, 1246056.843602034961805 ] ] } },
{ "type": "Feature", "properties": { "element": "way", "id": 1507810113, "natural": "cliff" }, "geometry": { "type": "LineString", "coordinates": [ [ 2628897.005840057507157, 1245885.59244493371807 ], [ 2628884.000450384803116, 1245888.075252975570038 ], [ 2628871.432303165085614, 1245889.192665285430849 ], [ 2628862.064232639037073, 1245889.358367262175307 ], [ 2628847.906028396915644, 1245888.122140072286129 ], [ 2628840.888521103654057, 1245886.487014359328896 ], [ 2628831.212088335305452, 1245883.260187295498326 ], [ 2628820.996551722288132, 1245882.154353579506278 ], [ 2628807.571287753526121, 1245883.990430120611563 ], [ 2628803.523655600380152, 1245885.24939711461775 ] ] } },
{ "type": "Feature", "properties": { "element": "way", "id": 1508050766, "natural": "cliff" }, "geometry": { "type": "LineString", "coordinates": [ [ 2624732.59665300231427, 1245589.46614333242178 ], [ 2624735.868631327524781, 1245583.820577038219199 ], [ 2624739.294101905077696, 1245586.669996233657002 ] ] } },
{ "type": "Feature", "properties": { "element": "way", "id": 1508050767, "natural": "cliff" }, "geometry": { "type": "LineString", "coordinates": [ [ 2624708.690821987111121, 1245637.441982431104407 ], [ 2624706.295255833305418, 1245628.548534259665757 ], [ 2624711.803307723253965, 1245619.276586146093905 ], [ 2624718.137339938431978, 1245607.584301237249747 ], [ 2624722.415700045414269, 1245601.542657998390496 ], [ 2624726.259205756243318, 1245603.782305740984157 ], [ 2624727.663471770007163, 1245607.623948220163584 ] ] } },
{ "type": "Feature", "properties": { "element": "way", "id": 1508050768, "natural": "cliff" }, "geometry": { "type": "LineString", "coordinates": [ [ 2624716.062061215750873, 1245668.781650547636673 ], [ 2624716.289561323355883, 1245661.311130374902859 ], [ 2624719.203978972975165, 1245643.54516977025196 ], [ 2624719.845296718645841, 1245634.664354101056233 ], [ 2624723.305230871774256, 1245631.043084559496492 ], [ 2624727.152928550262004, 1245632.270989540731534 ] ] } },
{ "type": "Feature", "properties": { "element": "way", "id": 1508050769, "natural": "cliff" }, "geometry": { "type": "LineString", "coordinates": [ [ 2624828.358179071452469, 1245707.029790444066748 ], [ 2624824.2812619949691, 1245711.860310907941312 ], [ 2624821.621147613506764, 1245719.320662924554199 ], [ 2624815.911604395136237, 1245727.980165834305808 ], [ 2624808.588869973085821, 1245734.009028067812324 ], [ 2624804.527944958768785, 1245736.827224615262821 ] ] } },
{ "type": "Feature", "properties": { "element": "way", "id": 1508050770, "natural": "cliff" }, "geometry": { "type": "LineString", "coordinates": [ [ 2624723.64828623784706, 1245791.836724249413237 ], [ 2624714.313799631316215, 1245796.645440312335268 ], [ 2624706.570749659091234, 1245805.696846507489681 ], [ 2624695.805160340387374, 1245813.134666785364971 ], [ 2624686.882882989011705, 1245815.109983995324001 ] ] } },
{ "type": "Feature", "properties": { "element": "way", "id": 1508050771, "natural": "cliff" }, "geometry": { "type": "LineString", "coordinates": [ [ 2624824.818026258610189, 1245729.840775088407099 ], [ 2624811.409861940424889, 1245738.668241966981441 ], [ 2624805.289869142696261, 1245747.937545163556933 ], [ 2624794.510649071075022, 1245756.77602932555601 ], [ 2624780.931465654168278, 1245757.731125234626234 ], [ 2624765.906827613245696, 1245764.739675853634253 ], [ 2624753.730209253262728, 1245769.936738029588014 ], [ 2624745.997953300364316, 1245778.18762283725664 ], [ 2624738.886029543820769, 1245782.605302365496755 ] ] } },
{ "type": "Feature", "properties": { "element": "way", "id": 1508050772, "natural": "cliff" }, "geometry": { "type": "LineString", "coordinates": [ [ 2624882.538325522560626, 1245735.941603464772925 ], [ 2624877.044547147117555, 1245741.766796257114038 ], [ 2624868.92188773304224, 1245745.779829590814188 ], [ 2624866.490256919059902, 1245745.569521012948826 ] ] } },
{ "type": "Feature", "properties": { "element": "way", "id": 1508050773, "natural": "cliff" }, "geometry": { "type": "LineString", "coordinates": [ [ 2624915.822085544932634, 1245723.550845126621425 ], [ 2624911.951591426506639, 1245727.781785662984475 ], [ 2624905.86863235430792, 1245729.979928815038875 ], [ 2624903.445479742716998, 1245727.746117781149223 ], [ 2624900.606797446962446, 1245727.322841800749302 ] ] } },
{ "type": "Feature", "properties": { "element": "way", "id": 1508050774, "natural": "cliff" }, "geometry": { "type": "LineString", "coordinates": [ [ 2624934.939322388730943, 1245706.264346744632348 ], [ 2624933.500393720343709, 1245712.517885358305648 ], [ 2624929.636692346539348, 1245715.125577239785343 ], [ 2624925.967629188671708, 1245719.95773986983113 ], [ 2624923.745040236506611, 1245718.53639498911798 ], [ 2624920.301965442020446, 1245718.121691901003942 ] ] } },
{ "type": "Feature", "properties": { "element": "way", "id": 1508050775, "natural": "cliff" }, "geometry": { "type": "LineString", "coordinates": [ [ 2624951.101862785872072, 1245620.877300999127328 ], [ 2624939.962469562422484, 1245620.030006599379703 ], [ 2624934.667363109532744, 1245627.078986957436427 ], [ 2624925.301191316917539, 1245637.535310578998178 ], [ 2624913.266307526268065, 1245655.674288379959762 ], [ 2624905.566731196828187, 1245656.042257826309651 ], [ 2624900.664481615182012, 1245664.905191792640835 ], [ 2624893.160405817907304, 1245667.297519362298772 ], [ 2624884.813358819112182, 1245676.157149699749425 ], [ 2624873.662281994242221, 1245678.122849214822054 ], [ 2624852.521369177382439, 1245695.212066215230152 ], [ 2624842.371597089804709, 1245699.817040659021586 ] ] } }
]
}
